previous_path,current_path,category,previous_sha256,current_sha256,content_status
.gitattributes,.gitattributes,entry_point,f83be67933564992153474b3907bf7c970e05d4a1ad5b5120878325bfdce025d,f83be67933564992153474b3907bf7c970e05d4a1ad5b5120878325bfdce025d,UNCHANGED
.gitignore,.gitignore,entry_point,1d872d1deaeec6e0211a36dee3e2d039f64553d5ed7e8f611bd956056fff5776,1d872d1deaeec6e0211a36dee3e2d039f64553d5ed7e8f611bd956056fff5776,UNCHANGED
BUILD.bat,BUILD.bat,entry_point,2861037375714bd75c45c0a097439fa19aa2dabe11767117c4f7c14c7bbbd1dc,4bbb9e1117ad9d3f6090f2b48ece85986846fa685a94a477910ce3d81e513acd,UPDATED_PATHS_OR_DOCUMENTATION
build.command,build.command,entry_point,a292d0f3af248fc8d010ef6b92683e9d7758eb9539547a307f3a944da928fb68,a9a20a1215b49a27fe160400f4e16b9790298b2f9390b6d4f6c2b5aaa5d309ba,UPDATED_PATHS_OR_DOCUMENTATION
build.sh,build.sh,entry_point,3404a479147738d4e646765ce893850d621f363788a2a7e586599b99fd3cdced,9903ec7a06dd3fa40d7cd71437d5b2fcea11eb6cfec1a0d698bc177e211bb0bd,UPDATED_PATHS_OR_DOCUMENTATION
SHA256SUMS.json,checksums/history/F37_GitHub_flat_SHA256SUMS.json,checksums,150105d9575398350fa279c3cfe0212ddc4202ffead8bc6c5283f374a3d9cd55,150105d9575398350fa279c3cfe0212ddc4202ffead8bc6c5283f374a3d9cd55,UNCHANGED
docs/es/INFORME_F37.md,docs/es/F37/INFORME_F37.md,docs,5c85d2e1b89c4239ed52b8996c59427c19aa3080af7083f38707bfd81655869e,5c85d2e1b89c4239ed52b8996c59427c19aa3080af7083f38707bfd81655869e,UNCHANGED
docs/history/README_F27.md,docs/history/F27/README_F27.md,docs,1c1ef82a755871606ac99c97d78cd6f5cefab0e7b58b1434eb5a1df10efe05c9,1c1ef82a755871606ac99c97d78cd6f5cefab0e7b58b1434eb5a1df10efe05c9,UNCHANGED
docs/history/README_F28.md,docs/history/F28/README_F28.md,docs,943af53a228f2e36b89a7646e96ae8b1336a1dd8e6899dd340c23068c77b18d4,943af53a228f2e36b89a7646e96ae8b1336a1dd8e6899dd340c23068c77b18d4,UNCHANGED
docs/history/README_F29.md,docs/history/F29/README_F29.md,docs,c351cbc6fba53c2b7c13297df5f0be027f3dbf1f51ea17de1b1353acd6650a97,c351cbc6fba53c2b7c13297df5f0be027f3dbf1f51ea17de1b1353acd6650a97,UNCHANGED
docs/history/README_F30.md,docs/history/F30/README_F30.md,docs,e568d71fc2cbd7cf2580af0779901c8cfadb4949dc1ba06adbbeafb582d65186,e568d71fc2cbd7cf2580af0779901c8cfadb4949dc1ba06adbbeafb582d65186,UNCHANGED
docs/history/README_F31.md,docs/history/F31/README_F31.md,docs,7e20bd90faca7688e6a496827f377d5f5883c64944e359ff781591cf4b8ef2b5,7e20bd90faca7688e6a496827f377d5f5883c64944e359ff781591cf4b8ef2b5,UNCHANGED
docs/history/README_F32.md,docs/history/F32/README_F32.md,docs,26ac8171468d7fd99b16738a09f07337ad4178bd9172b7da28248628395a2f9a,26ac8171468d7fd99b16738a09f07337ad4178bd9172b7da28248628395a2f9a,UNCHANGED
docs/history/README_F33.md,docs/history/F33/README_F33.md,docs,3518108f69b0c03723feccaa88f03781252c75d17b02e8e1bb4d922bad6eed0f,3518108f69b0c03723feccaa88f03781252c75d17b02e8e1bb4d922bad6eed0f,UNCHANGED
docs/history/README_F34.md,docs/history/F34/README_F34.md,docs,08f908513d6945c9f3e670177d02fd8def03614d876c7d78d285d3d327c504fa,08f908513d6945c9f3e670177d02fd8def03614d876c7d78d285d3d327c504fa,UNCHANGED
docs/history/README_F35.md,docs/history/F35/README_F35.md,docs,358fe431ab861820cd183cf65be75459bf6d4d4d341b94a7a033478066e9df88,358fe431ab861820cd183cf65be75459bf6d4d4d341b94a7a033478066e9df88,UNCHANGED
docs/history/INFORME_F36.md,docs/history/F36/INFORME_F36.md,docs,774a6abaf4434de1ad4c7ae2a7286abfc98f351634ccd491b4176a92b5d7334e,774a6abaf4434de1ad4c7ae2a7286abfc98f351634ccd491b4176a92b5d7334e,UNCHANGED
docs/history/PROJECT_STATE_F36.json,docs/history/F36/PROJECT_STATE_F36.json,docs,dfdf912d3ee3dd0c072df3da6f3000aeb94256862286cd63f08120a1c1c4cf20,dfdf912d3ee3dd0c072df3da6f3000aeb94256862286cd63f08120a1c1c4cf20,UNCHANGED
docs/history/README_F36.md,docs/history/F36/README_F36.md,docs,23c78a0501af8bc8b31b046175046065f08ddd0039766afb450c378d77810c2e,23c78a0501af8bc8b31b046175046065f08ddd0039766afb450c378d77810c2e,UNCHANGED
docs/history/README.md,docs/history/README.md,docs,95fba6967c209f5d2d9ca5931676726344dff9b84961ea3b5ed11683142e2d42,5755213dfb83c37f250a9e0730e4429abe44400d10bf83163392acea3549ff84,UPDATED_PATHS_OR_DOCUMENTATION
CHANGELOG.md,docs/project/CHANGELOG.md,docs,554a7dd84efad146d8cd2fc48187caab540d1eada1766c2a2208b4188e6205b3,849e929e6f6b1ed6db9c970d214fc0cff69ba9c95b128e64f95dfb8e63a06f26,UPDATED_PATHS_OR_DOCUMENTATION
CREDITS.md,docs/project/CREDITS.md,docs,71f1c6914c8d0d260cd71e0e6b6353cd4b242adf8645c0da65a17da6221984e0,bea4a135af2ad7b5efb764386aad61906f263b7806674148ab1b33d1551fcbc5,UPDATED_PATHS_OR_DOCUMENTATION
docs/RELEASE_NOTES_F37.md,docs/release/RELEASE_NOTES_F37.md,docs,9379a08e036aa0846ad307ce0dd3da079dff23ab80212f63e36251a2b06b9e65,9379a08e036aa0846ad307ce0dd3da079dff23ab80212f63e36251a2b06b9e65,UNCHANGED
PROJECT_STATE_F37.json,docs/status/PROJECT_STATE_F37.json,docs,0c7ba1cce9ee15220e5a8c38edb85938566b8d4811e6672b7aa4326c82c91e71,65c9fb79767a9580fe52d9e1620a947d0cb50c5017f13f98c5ee56e9c9f43c7a,UPDATED_PATHS_OR_DOCUMENTATION
README_F37.md,docs/technical/TECHNICAL_F37.md,docs,fc408b294a80a0c303ce890c8c839967531a8b0d9aa68750d8aa5de742388bf0,2c65e3ddb8378994581207d21e78ca45a9789a6a0d914dec76ae53e7a203bc9f,UPDATED_PATHS_OR_DOCUMENTATION
docs/VALIDATION.md,docs/validation/VALIDATION_F37.md,docs,ee67414b8c6b9704acf798459510f5e6d466e2380bb7e739ac8bbbab8520ed51,3ac6a663953dfff5bcfaf482336f96e9e964b3bb438e1834846443a95ea3a437,UPDATED_PATHS_OR_DOCUMENTATION
patches/StarHearts_EN_phase13BG_F37_CUMULATIVE_FROM_JP.bps,patches/F37/StarHearts_EN_phase13BG_F37_CUMULATIVE_FROM_JP.bps,patches,dba7b7f5cd2a4980f2ae7af9ed80b5bef6b8042279dda0f46ba00084696eddde,dba7b7f5cd2a4980f2ae7af9ed80b5bef6b8042279dda0f46ba00084696eddde,UNCHANGED
qa/F37/astra/decoder_routes.csv,qa/current/F37/astra/decoder_routes.csv,qa,776cc88cdec077c1731d7bba3ade6f59d610b6dc8d67fa0e8e1268bc2619ca9d,776cc88cdec077c1731d7bba3ade6f59d610b6dc8d67fa0e8e1268bc2619ca9d,UNCHANGED
qa/F37/astra/focused_disassembly.asm,qa/current/F37/astra/focused_disassembly.asm,qa,ccd38b38a8bdf69af2b5a447afb53b51458647a52fa02b1b96e62ed95073c304,ccd38b38a8bdf69af2b5a447afb53b51458647a52fa02b1b96e62ed95073c304,UNCHANGED
qa/F37/astra/four_graphics_consumers.csv,qa/current/F37/astra/four_graphics_consumers.csv,qa,e81572146266e1e8ce3ff766e5cd106a91432b991a09b8b6d377c77cc28b91b8,e81572146266e1e8ce3ff766e5cd106a91432b991a09b8b6d377c77cc28b91b8,UNCHANGED
qa/F37/astra/scan.json,qa/current/F37/astra/scan.json,qa,26ca31625d705f77056aadc999dee9f31ec37860f1c01ceb36bae4c0c5590f56,26ca31625d705f77056aadc999dee9f31ec37860f1c01ceb36bae4c0c5590f56,UNCHANGED
qa/F37/astra/static_report.txt,qa/current/F37/astra/static_report.txt,qa,0b5391ff1da42b2f41be294ca422fbf683d8dfdc14c633553f6a9eaa138be457,0b5391ff1da42b2f41be294ca422fbf683d8dfdc14c633553f6a9eaa138be457,UNCHANGED
qa/F37/astra/trace_four_common.py,qa/current/F37/astra/trace_four_common.py,qa,8a503b9c7da68e492fceabbf55f02f4515a8eff95a08278e31ca7a3e86570b52,8a503b9c7da68e492fceabbf55f02f4515a8eff95a08278e31ca7a3e86570b52,UNCHANGED
qa/F37/build_f37.log,qa/current/F37/build_f37.log,qa,8f5e8090891563d0c06e7f6ca08d39392eff91de6bdc698fa5082d4fca1161d5,8f5e8090891563d0c06e7f6ca08d39392eff91de6bdc698fa5082d4fca1161d5,UNCHANGED
qa/F37/build_verification.json,qa/current/F37/build_verification.json,qa,38227537fddefd3e85615ab3fe52625898641a425608330fe18b193551430f6c,38227537fddefd3e85615ab3fe52625898641a425608330fe18b193551430f6c,UNCHANGED
qa/F37/evidence_reuse.json,qa/current/F37/evidence_reuse.json,qa,4b19eec034f49444446db8b573663a5e63aa97b739a2ac7d55b8b142a92d4a37,4b19eec034f49444446db8b573663a5e63aa97b739a2ac7d55b8b142a92d4a37,UNCHANGED
qa/F37/four_prompt_status.json,qa/current/F37/four_prompt_status.json,qa,55b411aca9f620c54d3ce5b25e09039c355a59071303d532427a2903d4058b6c,55b411aca9f620c54d3ce5b25e09039c355a59071303d532427a2903d4058b6c,UNCHANGED
qa/F37/pixel_regression.json,qa/current/F37/pixel_regression.json,qa,6c2c7d3935b6318ac6eaa90b54b4250251e982b38bcc4bcb6440b4aeb22e9eef,6c2c7d3935b6318ac6eaa90b54b4250251e982b38bcc4bcb6440b4aeb22e9eef,UNCHANGED
qa/F37/regression/buy/f0330.png,qa/current/F37/regression/buy/f0330.png,qa,42f7da14be3d07954977a86d0e3231b8d699aa5e64aa95900195f7ee92ca2e62,42f7da14be3d07954977a86d0e3231b8d699aa5e64aa95900195f7ee92ca2e62,UNCHANGED
qa/F37/regression/buy/f0360.png,qa/current/F37/regression/buy/f0360.png,qa,fc49d565f2e47b9d67f8662c9a94097cc444c0874aa9d790b57ef18ffe06aa95,fc49d565f2e47b9d67f8662c9a94097cc444c0874aa9d790b57ef18ffe06aa95,UNCHANGED
qa/F37/regression/buy/f0390.png,qa/current/F37/regression/buy/f0390.png,qa,8c5cdaccb6c4678407345dfebc4881dc021bd942b8a71b41206d37e2499c2f5b,8c5cdaccb6c4678407345dfebc4881dc021bd942b8a71b41206d37e2499c2f5b,UNCHANGED
qa/F37/regression/buy/f0420.png,qa/current/F37/regression/buy/f0420.png,qa,57c5ed23e8df6ff3779f457b3bb5e14b81874cbea1d5ded8e4ccb8ab68cdecc8,57c5ed23e8df6ff3779f457b3bb5e14b81874cbea1d5ded8e4ccb8ab68cdecc8,UNCHANGED
qa/F37/regression/buy/f0450.png,qa/current/F37/regression/buy/f0450.png,qa,57c5ed23e8df6ff3779f457b3bb5e14b81874cbea1d5ded8e4ccb8ab68cdecc8,57c5ed23e8df6ff3779f457b3bb5e14b81874cbea1d5ded8e4ccb8ab68cdecc8,UNCHANGED
qa/F37/regression/buy/f0480.png,qa/current/F37/regression/buy/f0480.png,qa,8c5cdaccb6c4678407345dfebc4881dc021bd942b8a71b41206d37e2499c2f5b,8c5cdaccb6c4678407345dfebc4881dc021bd942b8a71b41206d37e2499c2f5b,UNCHANGED
qa/F37/regression/buy/f0510.png,qa/current/F37/regression/buy/f0510.png,qa,182bcdac8ad057d927454c11a280667a03197e0b195d81b4918a3b1aea542c4f,182bcdac8ad057d927454c11a280667a03197e0b195d81b4918a3b1aea542c4f,UNCHANGED
qa/F37/regression/buy/f0540.png,qa/current/F37/regression/buy/f0540.png,qa,10a301c5b57debfdaf0cd028c764f794dae06f613f3ef1770435430e500e392c,10a301c5b57debfdaf0cd028c764f794dae06f613f3ef1770435430e500e392c,UNCHANGED
qa/F37/regression/buy/f0570.png,qa/current/F37/regression/buy/f0570.png,qa,86fc9325c1bb7459ae4082bce0aabb2d7517f34a435e38f23a7ed290e884ac5c,86fc9325c1bb7459ae4082bce0aabb2d7517f34a435e38f23a7ed290e884ac5c,UNCHANGED
qa/F37/regression/buy/f0600.png,qa/current/F37/regression/buy/f0600.png,qa,86fc9325c1bb7459ae4082bce0aabb2d7517f34a435e38f23a7ed290e884ac5c,86fc9325c1bb7459ae4082bce0aabb2d7517f34a435e38f23a7ed290e884ac5c,UNCHANGED
qa/F37/regression/buy/f0630.png,qa/current/F37/regression/buy/f0630.png,qa,93a65e9bfd2bbffd2a53f07fa19bead717b236d28f99b7b61892c098ed8d0a3b,93a65e9bfd2bbffd2a53f07fa19bead717b236d28f99b7b61892c098ed8d0a3b,UNCHANGED
qa/F37/regression/buy/f0660.png,qa/current/F37/regression/buy/f0660.png,qa,93a65e9bfd2bbffd2a53f07fa19bead717b236d28f99b7b61892c098ed8d0a3b,93a65e9bfd2bbffd2a53f07fa19bead717b236d28f99b7b61892c098ed8d0a3b,UNCHANGED
qa/F37/regression/buy/f0690.png,qa/current/F37/regression/buy/f0690.png,qa,93a65e9bfd2bbffd2a53f07fa19bead717b236d28f99b7b61892c098ed8d0a3b,93a65e9bfd2bbffd2a53f07fa19bead717b236d28f99b7b61892c098ed8d0a3b,UNCHANGED
qa/F37/regression/buy/f0720.png,qa/current/F37/regression/buy/f0720.png,qa,93a65e9bfd2bbffd2a53f07fa19bead717b236d28f99b7b61892c098ed8d0a3b,93a65e9bfd2bbffd2a53f07fa19bead717b236d28f99b7b61892c098ed8d0a3b,UNCHANGED
qa/F37/regression/buy/f0750.png,qa/current/F37/regression/buy/f0750.png,qa,152f122b337f17385b8f840dd0500551709c5782d55994156a1096ddefb0b41e,152f122b337f17385b8f840dd0500551709c5782d55994156a1096ddefb0b41e,UNCHANGED
qa/F37/regression/buy/f0780.png,qa/current/F37/regression/buy/f0780.png,qa,47c97acbe48c8287b9f7aad2d015f0a8b76f1fbf399172d19b8de2f7a0abecaf,47c97acbe48c8287b9f7aad2d015f0a8b76f1fbf399172d19b8de2f7a0abecaf,UNCHANGED
qa/F37/regression/buy/f0810.png,qa/current/F37/regression/buy/f0810.png,qa,d77bf921be3b57e57e6c5e59117c4cd39c678818d962daefafa2f3beff2ad755,d77bf921be3b57e57e6c5e59117c4cd39c678818d962daefafa2f3beff2ad755,UNCHANGED
qa/F37/regression/buy/f0840.png,qa/current/F37/regression/buy/f0840.png,qa,22b0dea177594ef794869f8ff38badb75495f50d1f52ce73d1c6520983353e5e,22b0dea177594ef794869f8ff38badb75495f50d1f52ce73d1c6520983353e5e,UNCHANGED
qa/F37/regression/buy/mesen.log,qa/current/F37/regression/buy/mesen.log,qa,eb93dc25f4302bd21f43ac7203575129878638c8afaecca1b2d3847279ca6875,eb93dc25f4302bd21f43ac7203575129878638c8afaecca1b2d3847279ca6875,UNCHANGED
qa/F37/regression/buy/trace.txt,qa/current/F37/regression/buy/trace.txt,qa,09861eb5bfdf63292a38eb33a810e3026df6c4963aaeb227d7c21af0ee0bc4be,09861eb5bfdf63292a38eb33a810e3026df6c4963aaeb227d7c21af0ee0bc4be,UNCHANGED
qa/F37/regression/sell/f0330.png,qa/current/F37/regression/sell/f0330.png,qa,42f7da14be3d07954977a86d0e3231b8d699aa5e64aa95900195f7ee92ca2e62,42f7da14be3d07954977a86d0e3231b8d699aa5e64aa95900195f7ee92ca2e62,UNCHANGED
qa/F37/regression/sell/f0360.png,qa/current/F37/regression/sell/f0360.png,qa,fc49d565f2e47b9d67f8662c9a94097cc444c0874aa9d790b57ef18ffe06aa95,fc49d565f2e47b9d67f8662c9a94097cc444c0874aa9d790b57ef18ffe06aa95,UNCHANGED
qa/F37/regression/sell/f0390.png,qa/current/F37/regression/sell/f0390.png,qa,8c5cdaccb6c4678407345dfebc4881dc021bd942b8a71b41206d37e2499c2f5b,8c5cdaccb6c4678407345dfebc4881dc021bd942b8a71b41206d37e2499c2f5b,UNCHANGED
qa/F37/regression/sell/f0420.png,qa/current/F37/regression/sell/f0420.png,qa,57c5ed23e8df6ff3779f457b3bb5e14b81874cbea1d5ded8e4ccb8ab68cdecc8,57c5ed23e8df6ff3779f457b3bb5e14b81874cbea1d5ded8e4ccb8ab68cdecc8,UNCHANGED
qa/F37/regression/sell/f0450.png,qa/current/F37/regression/sell/f0450.png,qa,57c5ed23e8df6ff3779f457b3bb5e14b81874cbea1d5ded8e4ccb8ab68cdecc8,57c5ed23e8df6ff3779f457b3bb5e14b81874cbea1d5ded8e4ccb8ab68cdecc8,UNCHANGED
qa/F37/regression/sell/f0480.png,qa/current/F37/regression/sell/f0480.png,qa,8c5cdaccb6c4678407345dfebc4881dc021bd942b8a71b41206d37e2499c2f5b,8c5cdaccb6c4678407345dfebc4881dc021bd942b8a71b41206d37e2499c2f5b,UNCHANGED
qa/F37/regression/sell/f0510.png,qa/current/F37/regression/sell/f0510.png,qa,ffac6de1602e582e66aef17d2cbaa21e74f9fe9ea6c81f8a8d18a576a44fc251,ffac6de1602e582e66aef17d2cbaa21e74f9fe9ea6c81f8a8d18a576a44fc251,UNCHANGED
qa/F37/regression/sell/f0540.png,qa/current/F37/regression/sell/f0540.png,qa,2b8ed0787f7ca76c61bac7fdb2b55f12f06d68c5506542235d7f4560561a5a7d,2b8ed0787f7ca76c61bac7fdb2b55f12f06d68c5506542235d7f4560561a5a7d,UNCHANGED
qa/F37/regression/sell/f0570.png,qa/current/F37/regression/sell/f0570.png,qa,2b8ed0787f7ca76c61bac7fdb2b55f12f06d68c5506542235d7f4560561a5a7d,2b8ed0787f7ca76c61bac7fdb2b55f12f06d68c5506542235d7f4560561a5a7d,UNCHANGED
qa/F37/regression/sell/f0600.png,qa/current/F37/regression/sell/f0600.png,qa,2b8ed0787f7ca76c61bac7fdb2b55f12f06d68c5506542235d7f4560561a5a7d,2b8ed0787f7ca76c61bac7fdb2b55f12f06d68c5506542235d7f4560561a5a7d,UNCHANGED
qa/F37/regression/sell/f0630.png,qa/current/F37/regression/sell/f0630.png,qa,81ed7baa0c161d1add62a83049b33e32206005955b281f6e337b39db9ba90600,81ed7baa0c161d1add62a83049b33e32206005955b281f6e337b39db9ba90600,UNCHANGED
qa/F37/regression/sell/f0660.png,qa/current/F37/regression/sell/f0660.png,qa,2e19752af433d68a1b216c3b4427b9a7fac65be6d11160a858486873f721f0a9,2e19752af433d68a1b216c3b4427b9a7fac65be6d11160a858486873f721f0a9,UNCHANGED
qa/F37/regression/sell/f0690.png,qa/current/F37/regression/sell/f0690.png,qa,2e19752af433d68a1b216c3b4427b9a7fac65be6d11160a858486873f721f0a9,2e19752af433d68a1b216c3b4427b9a7fac65be6d11160a858486873f721f0a9,UNCHANGED
qa/F37/regression/sell/f0720.png,qa/current/F37/regression/sell/f0720.png,qa,2e19752af433d68a1b216c3b4427b9a7fac65be6d11160a858486873f721f0a9,2e19752af433d68a1b216c3b4427b9a7fac65be6d11160a858486873f721f0a9,UNCHANGED
qa/F37/regression/sell/f0750.png,qa/current/F37/regression/sell/f0750.png,qa,75ac29aa3bfaa9ead8688a15646b8e50a1bc915b455de49a8c3ba5f1b9488e59,75ac29aa3bfaa9ead8688a15646b8e50a1bc915b455de49a8c3ba5f1b9488e59,UNCHANGED
qa/F37/regression/sell/f0780.png,qa/current/F37/regression/sell/f0780.png,qa,75ac29aa3bfaa9ead8688a15646b8e50a1bc915b455de49a8c3ba5f1b9488e59,75ac29aa3bfaa9ead8688a15646b8e50a1bc915b455de49a8c3ba5f1b9488e59,UNCHANGED
qa/F37/regression/sell/f0810.png,qa/current/F37/regression/sell/f0810.png,qa,75ac29aa3bfaa9ead8688a15646b8e50a1bc915b455de49a8c3ba5f1b9488e59,75ac29aa3bfaa9ead8688a15646b8e50a1bc915b455de49a8c3ba5f1b9488e59,UNCHANGED
qa/F37/regression/sell/f0840.png,qa/current/F37/regression/sell/f0840.png,qa,75ac29aa3bfaa9ead8688a15646b8e50a1bc915b455de49a8c3ba5f1b9488e59,75ac29aa3bfaa9ead8688a15646b8e50a1bc915b455de49a8c3ba5f1b9488e59,UNCHANGED
qa/F37/regression/sell/mesen.log,qa/current/F37/regression/sell/mesen.log,qa,6c79b510551d3a8aad35fce89293b5986db75d3cff6529bba5c1a6cde2ccb6cb,6c79b510551d3a8aad35fce89293b5986db75d3cff6529bba5c1a6cde2ccb6cb,UNCHANGED
qa/F37/regression/sell/trace.txt,qa/current/F37/regression/sell/trace.txt,qa,5295e88cc1bb28f49b6d3ad21f21f9df1d771e68da605d47c14eb95863d6aeca,5295e88cc1bb28f49b6d3ad21f21f9df1d771e68da605d47c14eb95863d6aeca,UNCHANGED
qa/F37/reload_states.lua,qa/current/F37/reload_states.lua,qa,9d9d940f25437ea08997b07fa58f697be4153412b34823f905148e80c68e852a,9d9d940f25437ea08997b07fa58f697be4153412b34823f905148e80c68e852a,UNCHANGED
qa/F37/runtime/F36/prompt_12/f0630.png,qa/current/F37/runtime/F36/prompt_12/f0630.png,qa,f8463921471c261055fa84b06c0238e9ee70815cc39b717b7e369f82a1cd65d3,f8463921471c261055fa84b06c0238e9ee70815cc39b717b7e369f82a1cd65d3,UNCHANGED
qa/F37/runtime/F36/prompt_12/mesen.log,qa/current/F37/runtime/F36/prompt_12/mesen.log,qa,f0c62a421c27c8542bee75fb0701816b6b8e7d1ec0ddc3e042be30d7919f74e9,f0c62a421c27c8542bee75fb0701816b6b8e7d1ec0ddc3e042be30d7919f74e9,UNCHANGED
qa/F37/runtime/F36/prompt_12/trace.txt,qa/current/F37/runtime/F36/prompt_12/trace.txt,qa,cbe23a84cf90110b6813ffd7595122be9da90e78f6dfd474a6112794f9ba8fbc,cbe23a84cf90110b6813ffd7595122be9da90e78f6dfd474a6112794f9ba8fbc,UNCHANGED
qa/F37/runtime/F36/prompt_13/f0630.png,qa/current/F37/runtime/F36/prompt_13/f0630.png,qa,0e524c16e220b393ea02400ab573c8815c2bb0063b560bd6b1796b19ff516a99,0e524c16e220b393ea02400ab573c8815c2bb0063b560bd6b1796b19ff516a99,UNCHANGED
qa/F37/runtime/F36/prompt_13/mesen.log,qa/current/F37/runtime/F36/prompt_13/mesen.log,qa,f0c62a421c27c8542bee75fb0701816b6b8e7d1ec0ddc3e042be30d7919f74e9,f0c62a421c27c8542bee75fb0701816b6b8e7d1ec0ddc3e042be30d7919f74e9,UNCHANGED
qa/F37/runtime/F36/prompt_13/trace.txt,qa/current/F37/runtime/F36/prompt_13/trace.txt,qa,ac1e05aee1cd30c974fc59e6265f66b248f6d93225b3cde52481648f888879f0,ac1e05aee1cd30c974fc59e6265f66b248f6d93225b3cde52481648f888879f0,UNCHANGED
qa/F37/runtime/F36/prompt_14/f0630.png,qa/current/F37/runtime/F36/prompt_14/f0630.png,qa,25211a6e5f903c60922a0d30fde08fd463285767ad9a0e0d9cce7fc095179827,25211a6e5f903c60922a0d30fde08fd463285767ad9a0e0d9cce7fc095179827,UNCHANGED
qa/F37/runtime/F36/prompt_14/mesen.log,qa/current/F37/runtime/F36/prompt_14/mesen.log,qa,f0c62a421c27c8542bee75fb0701816b6b8e7d1ec0ddc3e042be30d7919f74e9,f0c62a421c27c8542bee75fb0701816b6b8e7d1ec0ddc3e042be30d7919f74e9,UNCHANGED
qa/F37/runtime/F36/prompt_14/trace.txt,qa/current/F37/runtime/F36/prompt_14/trace.txt,qa,5a278c09b209468cb4029d508e97fd0c7a27f92c0f82fcebdaceeef10d9f044e,5a278c09b209468cb4029d508e97fd0c7a27f92c0f82fcebdaceeef10d9f044e,UNCHANGED
qa/F37/runtime/F36/prompt_17/f0630.png,qa/current/F37/runtime/F36/prompt_17/f0630.png,qa,ccc62d100c1576e69825f4a0b5e156791d6f5efb8ae87f4b2bc7e957373f8c48,ccc62d100c1576e69825f4a0b5e156791d6f5efb8ae87f4b2bc7e957373f8c48,UNCHANGED
qa/F37/runtime/F36/prompt_17/mesen.log,qa/current/F37/runtime/F36/prompt_17/mesen.log,qa,690364a2e826ba10ee01837a2884a7b7597da52a3ce69b3baa4c9f0854693bb1,690364a2e826ba10ee01837a2884a7b7597da52a3ce69b3baa4c9f0854693bb1,UNCHANGED
qa/F37/runtime/F36/prompt_17/trace.txt,qa/current/F37/runtime/F36/prompt_17/trace.txt,qa,cb84d3d3ee9fd6f2430f2b7369b993bfc483c27ccd5b7c031c447bdf5ab8f339,cb84d3d3ee9fd6f2430f2b7369b993bfc483c27ccd5b7c031c447bdf5ab8f339,UNCHANGED
qa/F37/runtime/F37/prompt_12/f0630.png,qa/current/F37/runtime/F37/prompt_12/f0630.png,qa,9540dc6c7da8f37bd99537627ed0ed9ebe40d18efe7765b716857330e4c2c0c6,9540dc6c7da8f37bd99537627ed0ed9ebe40d18efe7765b716857330e4c2c0c6,UNCHANGED
qa/F37/runtime/F37/prompt_12/mesen.log,qa/current/F37/runtime/F37/prompt_12/mesen.log,qa,a1c2c25483a018bb68e57334a4f42f8b012bef764f31754ef2293e72378ceeb7,a1c2c25483a018bb68e57334a4f42f8b012bef764f31754ef2293e72378ceeb7,UNCHANGED
qa/F37/runtime/F37/prompt_12/SYNTHETIC_PROMPT_RENDER_ONLY.mss,qa/current/F37/runtime/F37/prompt_12/SYNTHETIC_PROMPT_RENDER_ONLY.mss,qa,e8f9149259ccdfd265d86d02d2cfd6a0cbb10059fbfcfb2da558d778cd38ba73,e8f9149259ccdfd265d86d02d2cfd6a0cbb10059fbfcfb2da558d778cd38ba73,UNCHANGED
qa/F37/runtime/F37/prompt_12/trace.txt,qa/current/F37/runtime/F37/prompt_12/trace.txt,qa,3eea8ba371d85ca7d33c6ccde28e833ab354c8a58d77dcf4905f21b19b57f1ea,3eea8ba371d85ca7d33c6ccde28e833ab354c8a58d77dcf4905f21b19b57f1ea,UNCHANGED
qa/F37/runtime/F37/prompt_13/f0630.png,qa/current/F37/runtime/F37/prompt_13/f0630.png,qa,93569b8f2c65705ed3280d8b519104ea0e949bc83e5aed006707e84fb82d3cf3,93569b8f2c65705ed3280d8b519104ea0e949bc83e5aed006707e84fb82d3cf3,UNCHANGED
qa/F37/runtime/F37/prompt_13/mesen.log,qa/current/F37/runtime/F37/prompt_13/mesen.log,qa,f0c62a421c27c8542bee75fb0701816b6b8e7d1ec0ddc3e042be30d7919f74e9,f0c62a421c27c8542bee75fb0701816b6b8e7d1ec0ddc3e042be30d7919f74e9,UNCHANGED
qa/F37/runtime/F37/prompt_13/SYNTHETIC_PROMPT_RENDER_ONLY.mss,qa/current/F37/runtime/F37/prompt_13/SYNTHETIC_PROMPT_RENDER_ONLY.mss,qa,138ed2e6c1a66cc65b9c8bbd91f35fcdd5ce3c5f74b9779229b529151726fd90,138ed2e6c1a66cc65b9c8bbd91f35fcdd5ce3c5f74b9779229b529151726fd90,UNCHANGED
qa/F37/runtime/F37/prompt_13/trace.txt,qa/current/F37/runtime/F37/prompt_13/trace.txt,qa,ac1e05aee1cd30c974fc59e6265f66b248f6d93225b3cde52481648f888879f0,ac1e05aee1cd30c974fc59e6265f66b248f6d93225b3cde52481648f888879f0,UNCHANGED
qa/F37/runtime/F37/prompt_14/f0630.png,qa/current/F37/runtime/F37/prompt_14/f0630.png,qa,87b1f08eb860fddd9ddfbb4d88550349cdbcff923dde62e696879fdf25c07d90,87b1f08eb860fddd9ddfbb4d88550349cdbcff923dde62e696879fdf25c07d90,UNCHANGED
qa/F37/runtime/F37/prompt_14/mesen.log,qa/current/F37/runtime/F37/prompt_14/mesen.log,qa,f0c62a421c27c8542bee75fb0701816b6b8e7d1ec0ddc3e042be30d7919f74e9,f0c62a421c27c8542bee75fb0701816b6b8e7d1ec0ddc3e042be30d7919f74e9,UNCHANGED
qa/F37/runtime/F37/prompt_14/SYNTHETIC_PROMPT_RENDER_ONLY.mss,qa/current/F37/runtime/F37/prompt_14/SYNTHETIC_PROMPT_RENDER_ONLY.mss,qa,ea7e8617cad099285fdeb90846613504749274aa7b9016e7f5906a8751447237,ea7e8617cad099285fdeb90846613504749274aa7b9016e7f5906a8751447237,UNCHANGED
qa/F37/runtime/F37/prompt_14/trace.txt,qa/current/F37/runtime/F37/prompt_14/trace.txt,qa,5a278c09b209468cb4029d508e97fd0c7a27f92c0f82fcebdaceeef10d9f044e,5a278c09b209468cb4029d508e97fd0c7a27f92c0f82fcebdaceeef10d9f044e,UNCHANGED
qa/F37/runtime/F37/prompt_17/f0630.png,qa/current/F37/runtime/F37/prompt_17/f0630.png,qa,63803f8b47c2491699393e3dd125054e2cb979204f82c2cf3e1d13968d52e47a,63803f8b47c2491699393e3dd125054e2cb979204f82c2cf3e1d13968d52e47a,UNCHANGED
qa/F37/runtime/F37/prompt_17/mesen.log,qa/current/F37/runtime/F37/prompt_17/mesen.log,qa,f0c62a421c27c8542bee75fb0701816b6b8e7d1ec0ddc3e042be30d7919f74e9,f0c62a421c27c8542bee75fb0701816b6b8e7d1ec0ddc3e042be30d7919f74e9,UNCHANGED
qa/F37/runtime/F37/prompt_17/SYNTHETIC_PROMPT_RENDER_ONLY.mss,qa/current/F37/runtime/F37/prompt_17/SYNTHETIC_PROMPT_RENDER_ONLY.mss,qa,7ef3dbe72c380ba7fa00fdfecc250592eeb1aaf51d66a11d1c6c8d258322a189,7ef3dbe72c380ba7fa00fdfecc250592eeb1aaf51d66a11d1c6c8d258322a189,UNCHANGED
qa/F37/runtime/F37/prompt_17/trace.txt,qa/current/F37/runtime/F37/prompt_17/trace.txt,qa,606af86751691b7c00124a1005905ee32b24fcf71f92300171419b9bae968442,606af86751691b7c00124a1005905ee32b24fcf71f92300171419b9bae968442,UNCHANGED
qa/F37/runtime_runs.json,qa/current/F37/runtime_runs.json,qa,72fbeec2cc38f9f9072224314bd380adfe7b1ef18f170bd04223590ec15ba935,72fbeec2cc38f9f9072224314bd380adfe7b1ef18f170bd04223590ec15ba935,UNCHANGED
qa/F37/shop_regression.json,qa/current/F37/shop_regression.json,qa,cb19a019b24a008f3d101cad1b922f12b431c48566b381f990cbe81a532edc59,cb19a019b24a008f3d101cad1b922f12b431c48566b381f990cbe81a532edc59,UNCHANGED
qa/F37/StarHearts_F37_Four_Prompts_Comparison.png,qa/current/F37/StarHearts_F37_Four_Prompts_Comparison.png,qa,871dc2e4aa1677fb70c88909ce8a8c0a5e225fa98f245fbb1eccc917b4904298,871dc2e4aa1677fb70c88909ce8a8c0a5e225fa98f245fbb1eccc917b4904298,UNCHANGED
qa/F37/state_reload/1.png,qa/current/F37/state_reload/1.png,qa,9540dc6c7da8f37bd99537627ed0ed9ebe40d18efe7765b716857330e4c2c0c6,9540dc6c7da8f37bd99537627ed0ed9ebe40d18efe7765b716857330e4c2c0c6,UNCHANGED
qa/F37/state_reload/2.png,qa/current/F37/state_reload/2.png,qa,93569b8f2c65705ed3280d8b519104ea0e949bc83e5aed006707e84fb82d3cf3,93569b8f2c65705ed3280d8b519104ea0e949bc83e5aed006707e84fb82d3cf3,UNCHANGED
qa/F37/state_reload/3.png,qa/current/F37/state_reload/3.png,qa,87b1f08eb860fddd9ddfbb4d88550349cdbcff923dde62e696879fdf25c07d90,87b1f08eb860fddd9ddfbb4d88550349cdbcff923dde62e696879fdf25c07d90,UNCHANGED
qa/F37/state_reload/4.png,qa/current/F37/state_reload/4.png,qa,63803f8b47c2491699393e3dd125054e2cb979204f82c2cf3e1d13968d52e47a,63803f8b47c2491699393e3dd125054e2cb979204f82c2cf3e1d13968d52e47a,UNCHANGED
qa/F37/state_reload/mesen.log,qa/current/F37/state_reload/mesen.log,qa,b496b262a3e821e303e6efc770e30eed079ee4c6e2297509490725af4f040655,b496b262a3e821e303e6efc770e30eed079ee4c6e2297509490725af4f040655,UNCHANGED
qa/F37/state_reload/reload.csv,qa/current/F37/state_reload/reload.csv,qa,1eccac22793eea50baf8dbba9be28f0495bf8a3f859a7746f6ea945506840c0e,1eccac22793eea50baf8dbba9be28f0495bf8a3f859a7746f6ea945506840c0e,UNCHANGED
qa/F37/trace_prompt.lua,qa/current/F37/trace_prompt.lua,qa,4a1a6117637f74813ff1d72c51237cf08f473a254ae4754c7ee14bf52ee53b69,4a1a6117637f74813ff1d72c51237cf08f473a254ae4754c7ee14bf52ee53b69,UNCHANGED
qa/menu_key_replay.lua,qa/history/F35/replays/menu_key_replay.lua,qa,8017bed7815e876bd208749edb8245d99b2274fe261148c13e65c7dd4f340144,8017bed7815e876bd208749edb8245d99b2274fe261148c13e65c7dd4f340144,UNCHANGED
qa/F34_F35_menu_comparison.png,qa/history/F35/screenshots/F34_F35_menu_comparison.png,qa,fb4a5cec88d0a519d9999069953759bc2fd9eab716d277033afd4b61067b3095,fb4a5cec88d0a519d9999069953759bc2fd9eab716d277033afd4b61067b3095,UNCHANGED
qa/F34_menu_key_before.png,qa/history/F35/screenshots/F34_menu_key_before.png,qa,13733d56f7d2af038a332e20ba969e71f06c7793866ed4c2fd0f851af074747f,13733d56f7d2af038a332e20ba969e71f06c7793866ed4c2fd0f851af074747f,UNCHANGED
qa/F35_menu_key_after.png,qa/history/F35/screenshots/F35_menu_key_after.png,qa,da387c6baf085185db4728648c55cacfcc5edafdae7cd8741c6aa2153a3109d2,da387c6baf085185db4728648c55cacfcc5edafdae7cd8741c6aa2153a3109d2,UNCHANGED
qa/F36/build_f36.log,qa/history/F36/build_f36.log,qa,b5f75e70cfbcb7b7660d2633368327f7874faf26e4c0503c65341720c47e3452,b5f75e70cfbcb7b7660d2633368327f7874faf26e4c0503c65341720c47e3452,UNCHANGED
qa/F36/build_verification.json,qa/history/F36/build_verification.json,qa,a736b1f861136f255ac72f83cbfb7d0899230bffad9c03189fa645327c0bf084,a736b1f861136f255ac72f83cbfb7d0899230bffad9c03189fa645327c0bf084,UNCHANGED
qa/F36/companions/actor_handler.txt,qa/history/F36/companions/actor_handler.txt,qa,54004aefc66f3edc917e1b236181a1033bc6ab5077b73283cafaef39fc38654d,54004aefc66f3edc917e1b236181a1033bc6ab5077b73283cafaef39fc38654d,UNCHANGED
qa/F36/companions/actor_id_table.txt,qa/history/F36/companions/actor_id_table.txt,qa,d58559fa438c3a208350cdab1882cd43a49451c1eb63fb1c3e3691223753c39f,d58559fa438c3a208350cdab1882cd43a49451c1eb63fb1c3e3691223753c39f,UNCHANGED
qa/F36/companions/audit_181.py,qa/history/F36/companions/audit_181.py,qa,01654a03d82adfb1c4ac68067b011c560110e0fde8de4d8413daa4e1961221fd,01654a03d82adfb1c4ac68067b011c560110e0fde8de4d8413daa4e1961221fd,UNCHANGED
qa/F36/companions/dispatcher.txt,qa/history/F36/companions/dispatcher.txt,qa,c035cb42c52d384cd38c35a78bca6dae86506fa996fb04ff483d3af984840dc2,c035cb42c52d384cd38c35a78bca6dae86506fa996fb04ff483d3af984840dc2,UNCHANGED
qa/F36/companions/exceptions_17.csv,qa/history/F36/companions/exceptions_17.csv,qa,5d1d16d767b733580d3fb52c6d26a597ff6fca07c14ad4d345b2cacc1a871bde,5d1d16d767b733580d3fb52c6d26a597ff6fca07c14ad4d345b2cacc1a871bde,UNCHANGED
qa/F36/companions/extra_op22.csv,qa/history/F36/companions/extra_op22.csv,qa,44a111f53c4e357edb1ffaec5b33322512b004c9109d569ae265203c05f666a5,44a111f53c4e357edb1ffaec5b33322512b004c9109d569ae265203c05f666a5,UNCHANGED
qa/F36/companions/final_summary.json,qa/history/F36/companions/final_summary.json,qa,e929ddd14032526a7f22c9902bba6d7b9d3722c1dbe07508a94b45fb80acd51b,e929ddd14032526a7f22c9902bba6d7b9d3722c1dbe07508a94b45fb80acd51b,UNCHANGED
qa/F36/companions/final_validation_181.csv,qa/history/F36/companions/final_validation_181.csv,qa,73813ab565437926765f44263f5252dd6f09e744957efacbaf9d6a96392f5488,73813ab565437926765f44263f5252dd6f09e744957efacbaf9d6a96392f5488,UNCHANGED
qa/F36/companions/INFORME_181_F36.md,qa/history/F36/companions/INFORME_181_F36.md,qa,76e522017dff1e3b72433977acd6573a013aa96046778811555e0d1c30198c00,76e522017dff1e3b72433977acd6573a013aa96046778811555e0d1c30198c00,UNCHANGED
qa/F36/companions/probe.lua,qa/history/F36/companions/probe.lua,qa,34fe2c3fac44d33ee0d70aad3b517ca3908b41bb9f875f3401be1821b68de158,34fe2c3fac44d33ee0d70aad3b517ca3908b41bb9f875f3401be1821b68de158,UNCHANGED
qa/F36/companions/runtime/mesen.log,qa/history/F36/companions/runtime/mesen.log,qa,c9806f659ae764692fdec0b6619ee10e414797f51d5a71618c31746736d584e0,c9806f659ae764692fdec0b6619ee10e414797f51d5a71618c31746736d584e0,UNCHANGED
qa/F36/companions/runtime/screen.png,qa/history/F36/companions/runtime/screen.png,qa,89ac7880ba0fb250f10f605fafd45028a1e8847631d939415a8a7c0928eca29c,89ac7880ba0fb250f10f605fafd45028a1e8847631d939415a8a7c0928eca29c,UNCHANGED
qa/F36/companions/runtime/trace.txt,qa/history/F36/companions/runtime/trace.txt,qa,da750a5e5b76ba5c17abf783124c4eb383d01893ff2058f7aae069332dd2a0f7,da750a5e5b76ba5c17abf783124c4eb383d01893ff2058f7aae069332dd2a0f7,UNCHANGED
qa/F36/companions/runtime_all_f36/copies.csv,qa/history/F36/companions/runtime_all_f36/copies.csv,qa,55b4a6edfa4643c96f5b4b081ac38dc8dddb2b43fb2d2acba4f2e5f0574f4678,55b4a6edfa4643c96f5b4b081ac38dc8dddb2b43fb2d2acba4f2e5f0574f4678,UNCHANGED
qa/F36/companions/runtime_all_f36/mesen.log,qa/history/F36/companions/runtime_all_f36/mesen.log,qa,522d1c3cffdf0f1e007002f6166182711ea4c1798a726b5a883bc6bc30ba8b38,522d1c3cffdf0f1e007002f6166182711ea4c1798a726b5a883bc6bc30ba8b38,UNCHANGED
qa/F36/companions/runtime_belphego_f36/mesen.log,qa/history/F36/companions/runtime_belphego_f36/mesen.log,qa,0b2245158dba9f6c9d34edf65457f188bb556f338a6a4e59690e6e06dbb2f593,0b2245158dba9f6c9d34edf65457f188bb556f338a6a4e59690e6e06dbb2f593,UNCHANGED
qa/F36/companions/runtime_belphego_f36/screen.png,qa/history/F36/companions/runtime_belphego_f36/screen.png,qa,e86c1c12b819759b8db35e065d0908309fad091ee8d3547a8ea15524d2b560b8,e86c1c12b819759b8db35e065d0908309fad091ee8d3547a8ea15524d2b560b8,UNCHANGED
qa/F36/companions/runtime_belphego_f36/trace.txt,qa/history/F36/companions/runtime_belphego_f36/trace.txt,qa,84c29b8a50c037007ada0d9622e2736299c14937fd254149e295da781080b26a,84c29b8a50c037007ada0d9622e2736299c14937fd254149e295da781080b26a,UNCHANGED
qa/F36/companions/runtime_extra_f36/mesen.log,qa/history/F36/companions/runtime_extra_f36/mesen.log,qa,b73d1c12bc85aa7c25cddb3a40f855ea485ca04922d15518dc2767febe90b7ba,b73d1c12bc85aa7c25cddb3a40f855ea485ca04922d15518dc2767febe90b7ba,UNCHANGED
qa/F36/companions/runtime_extra_f36/screen.png,qa/history/F36/companions/runtime_extra_f36/screen.png,qa,32a58e5ddbd38fe0b1ce2bed3bd3138a2bfa37f9536142d854c3082b438cd53a,32a58e5ddbd38fe0b1ce2bed3bd3138a2bfa37f9536142d854c3082b438cd53a,UNCHANGED
qa/F36/companions/runtime_extra_f36/trace.txt,qa/history/F36/companions/runtime_extra_f36/trace.txt,qa,3c5145bf24bc07c7f5db03da2e713a3ad8c5c6847ba5ed7061f0011c9b3b6134,3c5145bf24bc07c7f5db03da2e713a3ad8c5c6847ba5ed7061f0011c9b3b6134,UNCHANGED
qa/F36/companions/runtime_tirawaka_f36/mesen.log,qa/history/F36/companions/runtime_tirawaka_f36/mesen.log,qa,c9806f659ae764692fdec0b6619ee10e414797f51d5a71618c31746736d584e0,c9806f659ae764692fdec0b6619ee10e414797f51d5a71618c31746736d584e0,UNCHANGED
qa/F36/companions/runtime_tirawaka_f36/screen.png,qa/history/F36/companions/runtime_tirawaka_f36/screen.png,qa,d2065c8c02bc15bde967ae3c882f8e9db6ee87c65705101b46b1a34bdff8697c,d2065c8c02bc15bde967ae3c882f8e9db6ee87c65705101b46b1a34bdff8697c,UNCHANGED
qa/F36/companions/runtime_tirawaka_f36/trace.txt,qa/history/F36/companions/runtime_tirawaka_f36/trace.txt,qa,4e263d6ad70f0d3553b627e29ed654ea6991ac636ccf7c70077fe7a7b3176c02,4e263d6ad70f0d3553b627e29ed654ea6991ac636ccf7c70077fe7a7b3176c02,UNCHANGED
qa/F36/companions/SHA256SUMS.txt,qa/history/F36/companions/SHA256SUMS.txt,qa,f942a003b255f731b3a61236f378ff4060264d1c3ce8cf5b224f29fd17e25330,f942a003b255f731b3a61236f378ff4060264d1c3ce8cf5b224f29fd17e25330,UNCHANGED
qa/F36/companions/spawn1f30.txt,qa/history/F36/companions/spawn1f30.txt,qa,5cda702795792d09f762123a4ba8b866bd58914b0e305734bbb8884bcb504700,5cda702795792d09f762123a4ba8b866bd58914b0e305734bbb8884bcb504700,UNCHANGED
qa/F36/companions/spawn7348.txt,qa/history/F36/companions/spawn7348.txt,qa,e1bb0a54b8e17a7d2b67c4d0cb3364d854e3d4f5946e3651e6b3d2524abdb6ac,e1bb0a54b8e17a7d2b67c4d0cb3364d854e3d4f5946e3651e6b3d2524abdb6ac,UNCHANGED
qa/F36/companions/speaker_renderer.txt,qa/history/F36/companions/speaker_renderer.txt,qa,43faa703209c78475f95caf660350b64464859db965dde778c9cfb8e25d8d101,43faa703209c78475f95caf660350b64464859db965dde778c9cfb8e25d8d101,UNCHANGED
qa/F36/companions/static_summary.json,qa/history/F36/companions/static_summary.json,qa,8b1c7d47183904a58a334ea86c5053164c41efc1ac4d1219c902dd70917827f4,8b1c7d47183904a58a334ea86c5053164c41efc1ac4d1219c902dd70917827f4,UNCHANGED
qa/F36/companions/targets.lua,qa/history/F36/companions/targets.lua,qa,68a7e15636385c28af5547cb4cf0ba26a93057ecfbae6971cf3eddff40b66c53,68a7e15636385c28af5547cb4cf0ba26a93057ecfbae6971cf3eddff40b66c53,UNCHANGED
qa/F36/companions/trace_all_copies.lua,qa/history/F36/companions/trace_all_copies.lua,qa,31bea72c62abd7ad481e25d83c129b7f6f16019094b975010b129588bb32eb93,31bea72c62abd7ad481e25d83c129b7f6f16019094b975010b129588bb32eb93,UNCHANGED
qa/F36/companions/translation_mapping_181.csv,qa/history/F36/companions/translation_mapping_181.csv,qa,544dd6f172cbc81e539715821dc5a1d7edcdf97f63fe1e2a075729c652abbb98,544dd6f172cbc81e539715821dc5a1d7edcdf97f63fe1e2a075729c652abbb98,UNCHANGED
qa/F36/companions/validate_f36.py,qa/history/F36/companions/validate_f36.py,qa,819337f93ae74aaed30c4dfe8ac801a7f1704b482ae0cb422c17ed34e8210b3f,819337f93ae74aaed30c4dfe8ac801a7f1704b482ae0cb422c17ed34e8210b3f,UNCHANGED
qa/F36/pixel_regression.json,qa/history/F36/pixel_regression.json,qa,d68480af09dc99bde73e0b124e49fc8e86124010c620f7bc12ab449eb7826c13,d68480af09dc99bde73e0b124e49fc8e86124010c620f7bc12ab449eb7826c13,UNCHANGED
qa/F36/prior_audit/companion_fields_unresolved.csv,qa/history/F36/prior_audit/companion_fields_unresolved.csv,qa,4b087f0ae5b374fa3a52d93f571f5a5ebdfad3a8a6bc935400ef454c2ab14ba1,4b087f0ae5b374fa3a52d93f571f5a5ebdfad3a8a6bc935400ef454c2ab14ba1,UNCHANGED
qa/F36/prior_audit/known_pointer_tables.csv,qa/history/F36/prior_audit/known_pointer_tables.csv,qa,d539154df8d9b2b6aed5c1b36fe028a61873628e69ba32379152b512c44250de,d539154df8d9b2b6aed5c1b36fe028a61873628e69ba32379152b512c44250de,UNCHANGED
qa/F36/reference_patch/StarHearts_EN_phase13BG_F36_CUMULATIVE_FROM_JP.bps,qa/history/F36/reference_patch/StarHearts_EN_phase13BG_F36_CUMULATIVE_FROM_JP.bps,qa,038daaa050834cf5532beaf74f4431f2cfbe60b9d79c481ef8845c6860b0653d,038daaa050834cf5532beaf74f4431f2cfbe60b9d79c481ef8845c6860b0653d,UNCHANGED
qa/F36/reference_project/iterations/I02/I02_GLOSSARY.csv,qa/history/F36/reference_project/iterations/I02/I02_GLOSSARY.csv,qa,f76d5c22f49b43e27ace0e9682e8a1d2373ac69b637356740aa8500eb16d0288,f76d5c22f49b43e27ace0e9682e8a1d2373ac69b637356740aa8500eb16d0288,UNCHANGED
qa/F36/reload_states.lua,qa/history/F36/reload_states.lua,qa,aa07c4031cddace8a22ad30bd8fa6c271deb8375cbb30e30b0cefb115d14bb7d,aa07c4031cddace8a22ad30bd8fa6c271deb8375cbb30e30b0cefb115d14bb7d,UNCHANGED
qa/F36/ROM_IDENTITY.json,qa/history/F36/ROM_IDENTITY.json,qa,6e93b4b96f0d931a67871f87e177467519f403dedb4bf22efdd7eb48eb320c7e,6e93b4b96f0d931a67871f87e177467519f403dedb4bf22efdd7eb48eb320c7e,UNCHANGED
qa/F36/shop_buy/f0570.mss,qa/history/F36/shop_buy/f0570.mss,qa,743f0df7045d9cd6715a9d8cfc3aac8976d2f567521648abb1db313433f37f2e,743f0df7045d9cd6715a9d8cfc3aac8976d2f567521648abb1db313433f37f2e,UNCHANGED
qa/F36/shop_buy/f0570.png,qa/history/F36/shop_buy/f0570.png,qa,86fc9325c1bb7459ae4082bce0aabb2d7517f34a435e38f23a7ed290e884ac5c,86fc9325c1bb7459ae4082bce0aabb2d7517f34a435e38f23a7ed290e884ac5c,UNCHANGED
qa/F36/shop_buy/f0630.mss,qa/history/F36/shop_buy/f0630.mss,qa,615a5c35f3de84f076cb8bed326dd8bb1161096cc56353ffcb83ceb575860d79,615a5c35f3de84f076cb8bed326dd8bb1161096cc56353ffcb83ceb575860d79,UNCHANGED
qa/F36/shop_buy/f0630.png,qa/history/F36/shop_buy/f0630.png,qa,93a65e9bfd2bbffd2a53f07fa19bead717b236d28f99b7b61892c098ed8d0a3b,93a65e9bfd2bbffd2a53f07fa19bead717b236d28f99b7b61892c098ed8d0a3b,UNCHANGED
qa/F36/shop_buy/f0660.png,qa/history/F36/shop_buy/f0660.png,qa,93a65e9bfd2bbffd2a53f07fa19bead717b236d28f99b7b61892c098ed8d0a3b,93a65e9bfd2bbffd2a53f07fa19bead717b236d28f99b7b61892c098ed8d0a3b,UNCHANGED
qa/F36/shop_buy/mesen.log,qa/history/F36/shop_buy/mesen.log,qa,1b22f83d9a5a4225d59fefc71265c0783f714d1f1f0d97944b40235bba7b9f5e,1b22f83d9a5a4225d59fefc71265c0783f714d1f1f0d97944b40235bba7b9f5e,UNCHANGED
qa/F36/shop_buy/trace.txt,qa/history/F36/shop_buy/trace.txt,qa,09861eb5bfdf63292a38eb33a810e3026df6c4963aaeb227d7c21af0ee0bc4be,09861eb5bfdf63292a38eb33a810e3026df6c4963aaeb227d7c21af0ee0bc4be,UNCHANGED
qa/F36/Shop_F35_F36_Comparison.png,qa/history/F36/Shop_F35_F36_Comparison.png,qa,f362e3948fb5c7dd2aea708f4126c60fabf7113656342ec008bb86e613254633,f362e3948fb5c7dd2aea708f4126c60fabf7113656342ec008bb86e613254633,UNCHANGED
qa/F36/shop_sell/f0570.mss,qa/history/F36/shop_sell/f0570.mss,qa,42f3ae0d09c5791f27c7ae2f3c0c062c23240500b144227ba2e11915181c8619,42f3ae0d09c5791f27c7ae2f3c0c062c23240500b144227ba2e11915181c8619,UNCHANGED
qa/F36/shop_sell/f0570.png,qa/history/F36/shop_sell/f0570.png,qa,2b8ed0787f7ca76c61bac7fdb2b55f12f06d68c5506542235d7f4560561a5a7d,2b8ed0787f7ca76c61bac7fdb2b55f12f06d68c5506542235d7f4560561a5a7d,UNCHANGED
qa/F36/shop_sell/f0630.mss,qa/history/F36/shop_sell/f0630.mss,qa,93b460efc69ff901bc0e6a0a29c984fdd26d7c3ee836b9efe439050e189bd53c,93b460efc69ff901bc0e6a0a29c984fdd26d7c3ee836b9efe439050e189bd53c,UNCHANGED
qa/F36/shop_sell/f0630.png,qa/history/F36/shop_sell/f0630.png,qa,81ed7baa0c161d1add62a83049b33e32206005955b281f6e337b39db9ba90600,81ed7baa0c161d1add62a83049b33e32206005955b281f6e337b39db9ba90600,UNCHANGED
qa/F36/shop_sell/f0660.png,qa/history/F36/shop_sell/f0660.png,qa,2e19752af433d68a1b216c3b4427b9a7fac65be6d11160a858486873f721f0a9,2e19752af433d68a1b216c3b4427b9a7fac65be6d11160a858486873f721f0a9,UNCHANGED
qa/F36/shop_sell/mesen.log,qa/history/F36/shop_sell/mesen.log,qa,63fc4b9747599d9bc17b65222e9875a2faf562d45e75151193b9abbd9d4c9c21,63fc4b9747599d9bc17b65222e9875a2faf562d45e75151193b9abbd9d4c9c21,UNCHANGED
qa/F36/shop_sell/trace.txt,qa/history/F36/shop_sell/trace.txt,qa,5295e88cc1bb28f49b6d3ad21f21f9df1d771e68da605d47c14eb95863d6aeca,5295e88cc1bb28f49b6d3ad21f21f9df1d771e68da605d47c14eb95863d6aeca,UNCHANGED
qa/F36/StarHearts_F36_Validation_Comparison.png,qa/history/F36/StarHearts_F36_Validation_Comparison.png,qa,26ed7f96225d46d2616d9c9e50cd2fe748ff69f29198c99925de75805c73f332,26ed7f96225d46d2616d9c9e50cd2fe748ff69f29198c99925de75805c73f332,UNCHANGED
qa/F36/state_reload/1.png,qa/history/F36/state_reload/1.png,qa,86fc9325c1bb7459ae4082bce0aabb2d7517f34a435e38f23a7ed290e884ac5c,86fc9325c1bb7459ae4082bce0aabb2d7517f34a435e38f23a7ed290e884ac5c,UNCHANGED
qa/F36/state_reload/2.png,qa/history/F36/state_reload/2.png,qa,93a65e9bfd2bbffd2a53f07fa19bead717b236d28f99b7b61892c098ed8d0a3b,93a65e9bfd2bbffd2a53f07fa19bead717b236d28f99b7b61892c098ed8d0a3b,UNCHANGED
qa/F36/state_reload/3.png,qa/history/F36/state_reload/3.png,qa,2b8ed0787f7ca76c61bac7fdb2b55f12f06d68c5506542235d7f4560561a5a7d,2b8ed0787f7ca76c61bac7fdb2b55f12f06d68c5506542235d7f4560561a5a7d,UNCHANGED
qa/F36/state_reload/4.png,qa/history/F36/state_reload/4.png,qa,365bde4dab09ffd51906c3074b0fbac025f46f6126a42c19f3c708ef820036e5,365bde4dab09ffd51906c3074b0fbac025f46f6126a42c19f3c708ef820036e5,UNCHANGED
qa/F36/state_reload/mesen.log,qa/history/F36/state_reload/mesen.log,qa,dc633c9adba919ae2e16cf66254b03e573de451d09852b285267bd27346d8c81,dc633c9adba919ae2e16cf66254b03e573de451d09852b285267bd27346d8c81,UNCHANGED
qa/F36/state_reload/reload.csv,qa/history/F36/state_reload/reload.csv,qa,b508e2bcd0b0544c3d707d15da73803ece16b6d153c99c31af399055b19bb10b,b508e2bcd0b0544c3d707d15da73803ece16b6d153c99c31af399055b19bb10b,UNCHANGED
qa/F36/trace_shop.lua,qa/history/F36/trace_shop.lua,qa,01cd1267cfa270f5a35302fbb16aa3f04199c865cdb52034cd36a931e6b37f15,01cd1267cfa270f5a35302fbb16aa3f04199c865cdb52034cd36a931e6b37f15,UNCHANGED
qa/README_F8.md,qa/history/legacy/notes/README_F8.md,qa,842c215d7dbfb6b3f2eb66cd513018c0b671ef6f4273d82a00dc4659957c1adb,842c215d7dbfb6b3f2eb66cd513018c0b671ef6f4273d82a00dc4659957c1adb,UNCHANGED
qa/README_F14.md,qa/history/legacy/notes/README_F14.md,qa,cf98520136120bb7ed3378a8d3b4522b3f19a7635d76768178a7b48aa84972e8,cf98520136120bb7ed3378a8d3b4522b3f19a7635d76768178a7b48aa84972e8,UNCHANGED
qa/cold_continue2_F15.lua,qa/history/legacy/replays/cold_continue2_F15.lua,qa,76d0903661c556de520794a20aa634060462e201cb47adc9705171cf830f22c4,76d0903661c556de520794a20aa634060462e201cb47adc9705171cf830f22c4,UNCHANGED
qa/cold_continue_save2_F15.lua,qa/history/legacy/replays/cold_continue_save2_F15.lua,qa,6a9850485e665757bd624b925bcef2e039b12ff2784650233f3757093b591cc2,6a9850485e665757bd624b925bcef2e039b12ff2784650233f3757093b591cc2,UNCHANGED
qa/equip_tomahawk_F16.lua,qa/history/legacy/replays/equip_tomahawk_F16.lua,qa,f2409cda330c9d181691b07a9a09ebb3ba64423c1c3a5d6b1a3207277368fb37,f2409cda330c9d181691b07a9a09ebb3ba64423c1c3a5d6b1a3207277368fb37,UNCHANGED
qa/grass_census_probe_F18.lua,qa/history/legacy/replays/grass_census_probe_F18.lua,qa,dee7e9c349d9098e82f33593edf1ce4e5d14fe206c38409c68a40dc52d2301e0,dee7e9c349d9098e82f33593edf1ce4e5d14fe206c38409c68a40dc52d2301e0,UNCHANGED
qa/grass_cut_probe_F18.lua,qa/history/legacy/replays/grass_cut_probe_F18.lua,qa,53c6f41093e50d31135124c27678902b003d80e3256cd9a997ce2a753039a789,53c6f41093e50d31135124c27678902b003d80e3256cd9a997ce2a753039a789,UNCHANGED
qa/i03_bank21_full_trace.lua,qa/history/legacy/replays/i03_bank21_full_trace.lua,qa,b63c652df8e05a8773feed64013064980a16cb99d34c383baec2f3b17a6efa3b,b63c652df8e05a8773feed64013064980a16cb99d34c383baec2f3b17a6efa3b,UNCHANGED
qa/i03_bank21_module_activation.lua,qa/history/legacy/replays/i03_bank21_module_activation.lua,qa,fa4ad050a25b2143a3512b50950557da36605600cecd6863f00c0534700fdd8c,fa4ad050a25b2143a3512b50950557da36605600cecd6863f00c0534700fdd8c,UNCHANGED
qa/i03_bank21_read_trace.lua,qa/history/legacy/replays/i03_bank21_read_trace.lua,qa,55c6493050dfb1728e905f718a879af25d8d81b2ee5901f116ae8beac1d9a9c2,55c6493050dfb1728e905f718a879af25d8d81b2ee5901f116ae8beac1d9a9c2,UNCHANGED
qa/i03_boot_capture.lua,qa/history/legacy/replays/i03_boot_capture.lua,qa,39c9e49d22fb01be4e9ad0809c1845685aa49f4ecb3fa844ad372bc6d1b8aa0c,39c9e49d22fb01be4e9ad0809c1845685aa49f4ecb3fa844ad372bc6d1b8aa0c,UNCHANGED
qa/i03_dialogue_full_read_trace.lua,qa/history/legacy/replays/i03_dialogue_full_read_trace.lua,qa,34ba61d58fa9317656db0f18a0bce3d40e5db00f487df5e6f03dde1c75facc4e,34ba61d58fa9317656db0f18a0bce3d40e5db00f487df5e6f03dde1c75facc4e,UNCHANGED
qa/i03_direct_shortcut_probe.lua,qa/history/legacy/replays/i03_direct_shortcut_probe.lua,qa,72cd54aacdb93f51c943b3de504a9d296d0bafe1eb8ee025f509fb41f2b149f2,72cd54aacdb93f51c943b3de504a9d296d0bafe1eb8ee025f509fb41f2b149f2,UNCHANGED
qa/i03_equipment_runtime.lua,qa/history/legacy/replays/i03_equipment_runtime.lua,qa,fd6eb6c009620fcbc7cfa442eb75fe5a2e2c2c66b6b1fba3dddaa96a7c658778,fd6eb6c009620fcbc7cfa442eb75fe5a2e2c2c66b6b1fba3dddaa96a7c658778,UNCHANGED
qa/i03_menu_capture.lua,qa/history/legacy/replays/i03_menu_capture.lua,qa,ea0472bb8bb0b5b2f4393974f993c8238b45bbd393a154a0fd624809631ce53f,ea0472bb8bb0b5b2f4393974f993c8238b45bbd393a154a0fd624809631ce53f,UNCHANGED
qa/i03_menu_chord_capture.lua,qa/history/legacy/replays/i03_menu_chord_capture.lua,qa,ced3162f2f04c5f8297e548a81883aa88a9bc08471728c79edcab9fa5de1cb5d,ced3162f2f04c5f8297e548a81883aa88a9bc08471728c79edcab9fa5de1cb5d,UNCHANGED
qa/i03_menu_direction_capture.lua,qa/history/legacy/replays/i03_menu_direction_capture.lua,qa,c41e3874c2c9ca60ee4e37af75aea894424fdd08ada4467a65161cb59698346e,c41e3874c2c9ca60ee4e37af75aea894424fdd08ada4467a65161cb59698346e,UNCHANGED
qa/i03_menu_probe.lua,qa/history/legacy/replays/i03_menu_probe.lua,qa,52ed4df3c960da89437e68b008e186bb6e1cc22cef5f84fa580c193139df8bf8,52ed4df3c960da89437e68b008e186bb6e1cc22cef5f84fa580c193139df8bf8,UNCHANGED
qa/i03_menu_route_capture.lua,qa/history/legacy/replays/i03_menu_route_capture.lua,qa,bfde8feae396d26ddc1b7ccb86de10a09dcafc68da66ca707f84aa353678b775,bfde8feae396d26ddc1b7ccb86de10a09dcafc68da66ca707f84aa353678b775,UNCHANGED
qa/i03_menu_select_capture.lua,qa/history/legacy/replays/i03_menu_select_capture.lua,qa,88893d98e8f3b208ac94d2c81f6cd6418a8b7d59719d46b1a19056f02a88bcb4,88893d98e8f3b208ac94d2c81f6cd6418a8b7d59719d46b1a19056f02a88bcb4,UNCHANGED
qa/i03_script_pointer_probe.lua,qa/history/legacy/replays/i03_script_pointer_probe.lua,qa,01e725aff4b562bf5b7c7218d1eb7b1c3bf5c71fb4b3dae5779e0a7d368b72a4,01e725aff4b562bf5b7c7218d1eb7b1c3bf5c71fb4b3dae5779e0a7d368b72a4,UNCHANGED
qa/i03_shop_route_probe.lua,qa/history/legacy/replays/i03_shop_route_probe.lua,qa,9c8c955af298dbc69b85828ec706b2dbddaad1396855e0518abe4d045b8869ff,9c8c955af298dbc69b85828ec706b2dbddaad1396855e0518abe4d045b8869ff,UNCHANGED
qa/i03_speaker_controlled_activation.lua,qa/history/legacy/replays/i03_speaker_controlled_activation.lua,qa,8ac0d12f8c522a79e7e471be5e970320fab1158ac3f440418bf5f77c9b230c8e,8ac0d12f8c522a79e7e471be5e970320fab1158ac3f440418bf5f77c9b230c8e,UNCHANGED
qa/i03_status_runtime.lua,qa/history/legacy/replays/i03_status_runtime.lua,qa,8c13fd8f4784cee1f8d949c823f067b3ca56f52c2746a5379bca4a332ab2c796,8c13fd8f4784cee1f8d949c823f067b3ca56f52c2746a5379bca4a332ab2c796,UNCHANGED
qa/i04_native_consumer_activation.lua,qa/history/legacy/replays/i04_native_consumer_activation.lua,qa,21a9f4c409090fa64b3e1918d40c5d0215d2d5fd8bddf1cba1186ed87cb0e90e,21a9f4c409090fa64b3e1918d40c5d0215d2d5fd8bddf1cba1186ed87cb0e90e,UNCHANGED
qa/i04_shop_natural_route.lua,qa/history/legacy/replays/i04_shop_natural_route.lua,qa,c0f8df92a91ab2d6728fc6ed80e2fde1ac42f71662080b3fd0bdb7d7edb87454,c0f8df92a91ab2d6728fc6ed80e2fde1ac42f71662080b3fd0bdb7d7edb87454,UNCHANGED
qa/i05_boot_capture.lua,qa/history/legacy/replays/i05_boot_capture.lua,qa,39c9e49d22fb01be4e9ad0809c1845685aa49f4ecb3fa844ad372bc6d1b8aa0c,39c9e49d22fb01be4e9ad0809c1845685aa49f4ecb3fa844ad372bc6d1b8aa0c,UNCHANGED
qa/northeast_route_probe_F18.lua,qa/history/legacy/replays/northeast_route_probe_F18.lua,qa,c508f793bded4dc0f5580a8e1783915cdf4068f8047b98b9a24f8438d7e61cdf,c508f793bded4dc0f5580a8e1783915cdf4068f8047b98b9a24f8438d7e61cdf,UNCHANGED
qa/route_first_trial_F12.lua,qa/history/legacy/replays/route_first_trial_F12.lua,qa,1c06ddaacde438a9a3a5bbe04cca5449a0c73482a795cb15ed3fded474df5c4b,1c06ddaacde438a9a3a5bbe04cca5449a0c73482a795cb15ed3fded474df5c4b,UNCHANGED
qa/route_hero_max_F8.lua,qa/history/legacy/replays/route_hero_max_F8.lua,qa,861dd1eff5e9dfb6022932c32ab4a1d2a5a14c1de27e8ba62d71d83c6b0bf195,861dd1eff5e9dfb6022932c32ab4a1d2a5a14c1de27e8ba62d71d83c6b0bf195,UNCHANGED
qa/route_hero_short_F8.lua,qa/history/legacy/replays/route_hero_short_F8.lua,qa,7df6d0fff7bea82d752263107bf76326c0b5851d5c59782dc741a570749b4f78,7df6d0fff7bea82d752263107bf76326c0b5851d5c59782dc741a570749b4f78,UNCHANGED
qa/route_mapnav_F7.lua,qa/history/legacy/replays/route_mapnav_F7.lua,qa,39c155830eaca60de3d2e6d6594181b5266d75287d015b702a8b0bd25b345a23,39c155830eaca60de3d2e6d6594181b5266d75287d015b702a8b0bd25b345a23,UNCHANGED
qa/route_north_village_F16.lua,qa/history/legacy/replays/route_north_village_F16.lua,qa,d607dbb7aa6c25ac1fb18d2e2e2d6a5719c2830d9a93a7e453592f5374e72c0b,d607dbb7aa6c25ac1fb18d2e2e2d6a5719c2830d9a93a7e453592f5374e72c0b,UNCHANGED
qa/route_options_F8.lua,qa/history/legacy/replays/route_options_F8.lua,qa,aa910ffc00104698614bc4ae2972a37d7f1ee702affefacb10f3cf2c9acf0249,aa910ffc00104698614bc4ae2972a37d7f1ee702affefacb10f3cf2c9acf0249,UNCHANGED
qa/route_wampa_navigation_F13.lua,qa/history/legacy/replays/route_wampa_navigation_F13.lua,qa,a986857f1858ba623e79715aff86dc427dd6e552b49b5cb15797f670fbfabce7,a986857f1858ba623e79715aff86dc427dd6e552b49b5cb15797f670fbfabce7,UNCHANGED
qa/route_wampa_second_west_F14.lua,qa/history/legacy/replays/route_wampa_second_west_F14.lua,qa,20584cb2159ba8c66297dc98c678a936a786a96adc19c9f9f18f135e3b33e7a0,20584cb2159ba8c66297dc98c678a936a786a96adc19c9f9f18f135e3b33e7a0,UNCHANGED
qa/route_wampa_tent_F15.lua,qa/history/legacy/replays/route_wampa_tent_F15.lua,qa,32d5c7fa8a7366c48c5cd7a39644acbf130bd58c1a76374b0e543a536ef583dd,32d5c7fa8a7366c48c5cd7a39644acbf130bd58c1a76374b0e543a536ef583dd,UNCHANGED
qa/save_drum_cert_F15.lua,qa/history/legacy/replays/save_drum_cert_F15.lua,qa,2c378c672aaf2de815e45e8a573ea5e0fc914035959f4d3e5ee8af35ea936a16,2c378c672aaf2de815e45e8a573ea5e0fc914035959f4d3e5ee8af35ea936a16,UNCHANGED
qa/village_rule_checkpoint_audit_F17.lua,qa/history/legacy/replays/village_rule_checkpoint_audit_F17.lua,qa,70f4d11a66ef26377499d35a10f86f4837dce178cb9cdeac4ba10acfccccf933,70f4d11a66ef26377499d35a10f86f4837dce178cb9cdeac4ba10acfccccf933,UNCHANGED
qa/village_rule_clean_exit_F18.lua,qa/history/legacy/replays/village_rule_clean_exit_F18.lua,qa,11c5937d0de70e928b889f39d68f7b23142807a61ca24aa85210437b054ae69f,11c5937d0de70e928b889f39d68f7b23142807a61ca24aa85210437b054ae69f,UNCHANGED
qa/village_rule_event_F16.lua,qa/history/legacy/replays/village_rule_event_F16.lua,qa,dc91ac934931d9431d65a9177471d331c01f7cedadffc31ddbdc15b4c6c81777,dc91ac934931d9431d65a9177471d331c01f7cedadffc31ddbdc15b4c6c81777,UNCHANGED
qa/wampa_item_grant_F15.lua,qa/history/legacy/replays/wampa_item_grant_F15.lua,qa,a5629cba383c263dea72c9748f8d16efb7ddd48d268963e47329c7dfaf03c2aa,a5629cba383c263dea72c9748f8d16efb7ddd48d268963e47329c7dfaf03c2aa,UNCHANGED
qa/compare_mapnav_F7.py,qa/history/legacy/tools/compare_mapnav_F7.py,qa,92f6a616ba264649f0949f60326771dc2658e4d4a2f1a13f276356cc5342f00e,92f6a616ba264649f0949f60326771dc2658e4d4a2f1a13f276356cc5342f00e,UNCHANGED
qa/diagnostic_suffix_ablation_F7.py,qa/history/legacy/tools/diagnostic_suffix_ablation_F7.py,qa,c6a51d814bce67b820d84d15e101297ab2b6d53b0e95e5af72ce7e8e656f2748,c6a51d814bce67b820d84d15e101297ab2b6d53b0e95e5af72ce7e8e656f2748,UNCHANGED
qa/F37/github_package_verification.json,qa/history/packaging/flat/github_package_verification.json,qa,176d5819faa3163d5999833e98d8655a8e5a165b0fc9e77395bc6649245a14e2,176d5819faa3163d5999833e98d8655a8e5a165b0fc9e77395bc6649245a14e2,UNCHANGED
qa/P4_repair_synthetic_entry.mss,qa/shared/checkpoints/P4_repair_synthetic_entry.mss,qa,edde91825ed7c9bf5669ef3317bb1210a6ca331fe432f220a2143914b15b3059,edde91825ed7c9bf5669ef3317bb1210a6ca331fe432f220a2143914b15b3059,UNCHANGED
README.md,README.md,entry_point,4fbefb863b338aaa6581aa0caee39ad1148f2e6ae29551091908bfe63e93a980,6be5d026a20027ce6c3d490757451000544d2784e010512ac314ae7bbd9076e6,UPDATED_PATHS_OR_DOCUMENTATION
requirements.txt,requirements.txt,entry_point,620f9693cdfe71c0ddf77bd6d9b22f06d5321cb556ce641d98ab9b9e91377703,620f9693cdfe71c0ddf77bd6d9b22f06d5321cb556ce641d98ab9b9e91377703,UNCHANGED
assets/F31/additional_headers.json,source/assets/F31/additional_headers.json,source,bb5217c30bc36f066e57f75dc27cd493b211f246b3cdd6971afc7f3dc4f4bcb2,bb5217c30bc36f066e57f75dc27cd493b211f246b3cdd6971afc7f3dc4f4bcb2,UNCHANGED
assets/F31/asset_manifest.json,source/assets/F31/asset_manifest.json,source,fe7d9ee269b66eb9d61f61403a0105d7696c29ac6c0b9b9aa28e1295cfb1a10b,fe7d9ee269b66eb9d61f61403a0105d7696c29ac6c0b9b9aa28e1295cfb1a10b,UNCHANGED
assets/F31/epet_palette1.bin,source/assets/F31/epet_palette1.bin,source,45f1a7ed911a57e29ced2e1617a92a90c1836887b354ec69faf7d4a75b80488d,45f1a7ed911a57e29ced2e1617a92a90c1836887b354ec69faf7d4a75b80488d,UNCHANGED
assets/F31/header_03.bin,source/assets/F31/header_03.bin,source,c6bb42743bb9f52d1b7688a211c604591d32d15f59771ef1be5f9e1ff9d320c3,c6bb42743bb9f52d1b7688a211c604591d32d15f59771ef1be5f9e1ff9d320c3,UNCHANGED
assets/F31/header_05.bin,source/assets/F31/header_05.bin,source,6ad3ff7ce6b46feb27dd65acc910c8a60ebc2cb112dbd1395fd292f6523369c9,6ad3ff7ce6b46feb27dd65acc910c8a60ebc2cb112dbd1395fd292f6523369c9,UNCHANGED
assets/F31/header_07.bin,source/assets/F31/header_07.bin,source,e5f8e0e50faee763a4ca8ed6d22181286a5e97f564a1a52b80048c57e98ebc75,e5f8e0e50faee763a4ca8ed6d22181286a5e97f564a1a52b80048c57e98ebc75,UNCHANGED
assets/F31/header_08.bin,source/assets/F31/header_08.bin,source,8600c977a78868b04bdf2681f7d32bcf73ee123c03043f456d85054a5366c3ea,8600c977a78868b04bdf2681f7d32bcf73ee123c03043f456d85054a5366c3ea,UNCHANGED
assets/F31/header_11.bin,source/assets/F31/header_11.bin,source,ca550c7fd97b88f6b337714996b4eced3b57d4268b6843e806e579f83c0db22c,ca550c7fd97b88f6b337714996b4eced3b57d4268b6843e806e579f83c0db22c,UNCHANGED
assets/F31/header_12.bin,source/assets/F31/header_12.bin,source,80df573c5fdc3ef095caf29ef0d6a4d96d0c05838e03063e119a8c8073e38bb1,80df573c5fdc3ef095caf29ef0d6a4d96d0c05838e03063e119a8c8073e38bb1,UNCHANGED
assets/F31/header_13.bin,source/assets/F31/header_13.bin,source,2cb66cffe8be60c4109798d90f984c052a1da42e4b99efd94e85c783bbeca54d,2cb66cffe8be60c4109798d90f984c052a1da42e4b99efd94e85c783bbeca54d,UNCHANGED
assets/F31/repair_armor_headers.bin,source/assets/F31/repair_armor_headers.bin,source,86427dd76c591f83b0e90de405b71b7e78107d144ad38e887511f1563da7c860,86427dd76c591f83b0e90de405b71b7e78107d144ad38e887511f1563da7c860,UNCHANGED
assets/F32/epet_body_resource.bin,source/assets/F32/epet_body_resource.bin,source,df672d8eebf852b73ed8c4b5add363b3454a38db84ce112cd6e61937539e83c5,df672d8eebf852b73ed8c4b5add363b3454a38db84ce112cd6e61937539e83c5,UNCHANGED
assets/F32/epet_labels.json,source/assets/F32/epet_labels.json,source,fbbdfe30ed3c1ed2bf5d0454ca85cc97a23f72ec8156d266ab27fb86845c661a,fbbdfe30ed3c1ed2bf5d0454ca85cc97a23f72ec8156d266ab27fb86845c661a,UNCHANGED
assets/F32/native_latin_atlas.png,source/assets/F32/native_latin_atlas.png,source,9ab89bbcecd42a2d3579bd82d63340aa00c7a76f96994316b4a70f8adcca7159,9ab89bbcecd42a2d3579bd82d63340aa00c7a76f96994316b4a70f8adcca7159,UNCHANGED
assets/F32/native_latin_glyphs.json,source/assets/F32/native_latin_glyphs.json,source,aabe4e9c11abf4ad254f7e86a69d364ddc8c380e38fb8647c1f95ec3ba5a0604,aabe4e9c11abf4ad254f7e86a69d364ddc8c380e38fb8647c1f95ec3ba5a0604,UNCHANGED
assets/F36/extra_op22.csv,source/assets/F36/extra_op22.csv,source,44a111f53c4e357edb1ffaec5b33322512b004c9109d569ae265203c05f666a5,44a111f53c4e357edb1ffaec5b33322512b004c9109d569ae265203c05f666a5,UNCHANGED
assets/F36/shop_graphics_manifest.json,source/assets/F36/shop_graphics_manifest.json,source,686c57177b33f0c52a290b417ee232fc2fc5e9c961fb92b48e18d08d312df0c2,686c57177b33f0c52a290b417ee232fc2fc5e9c961fb92b48e18d08d312df0c2,UNCHANGED
assets/F36/translation_mapping_181.csv,source/assets/F36/translation_mapping_181.csv,source,e94d82566e60337d6016746536dc4c43aa248efd8d65b168c1d1c481d39762af,e94d82566e60337d6016746536dc4c43aa248efd8d65b168c1d1c481d39762af,UNCHANGED
assets/magic_header_tiles.bin,source/assets/magic_header_tiles.bin,source,a5cc8923b5eb746da17fc09eede753cadb4a74d1f9fc9d2286e882700fa23221,a5cc8923b5eb746da17fc09eede753cadb4a74d1f9fc9d2286e882700fa23221,UNCHANGED
assets/native_magic_reference.png,source/assets/native_magic_reference.png,source,c8ed531a9ac9664621d105450b64f5cc3371f9ad455e24baee1bcbeb049e4859,c8ed531a9ac9664621d105450b64f5cc3371f9ad455e24baee1bcbeb049e4859,UNCHANGED
assets/native_shop_labels_reference.png,source/assets/native_shop_labels_reference.png,source,674b46210340e38aecd82659d9643d9dbadf650b59429661dbb30baa3cc2ce80,674b46210340e38aecd82659d9643d9dbadf650b59429661dbb30baa3cc2ce80,UNCHANGED
assets/sell_category_resource.bin,source/assets/sell_category_resource.bin,source,afb35868f0bf83fa9f9f438e89f0594ea186b7670d9e55d78f4182cacd521819,afb35868f0bf83fa9f9f438e89f0594ea186b7670d9e55d78f4182cacd521819,UNCHANGED
baseline/StarHearts_EN_phase13BG_B_2026-09-15.bps,source/baseline/StarHearts_EN_phase13BG_B_2026-09-15.bps,source,9cfcfd091c67284d4cb4b893d0fd367669f620ddbd9d4b7087ebc24f8dac575f,9cfcfd091c67284d4cb4b893d0fd367669f620ddbd9d4b7087ebc24f8dac575f,UNCHANGED
phase13BG_D1_changes.json,source/manifests/D/phase13BG_D1_changes.json,source,d8d7843a9e079d254f99b00d2c1d3f4e57b486dbf7c023d87ac1cd5efbda4503,d8d7843a9e079d254f99b00d2c1d3f4e57b486dbf7c023d87ac1cd5efbda4503,UNCHANGED
phase13BG_D2_changes.json,source/manifests/D/phase13BG_D2_changes.json,source,a70e0b851a4de2b383eb9cfebd4766f83911dfca82c65cc2a6f650710dac9b0b,a70e0b851a4de2b383eb9cfebd4766f83911dfca82c65cc2a6f650710dac9b0b,UNCHANGED
phase13BG_D3_changes.json,source/manifests/D/phase13BG_D3_changes.json,source,33ca4ac990fbf72f65ed7778045be536e4da11578d09cb2b5439939a6c369a7f,33ca4ac990fbf72f65ed7778045be536e4da11578d09cb2b5439939a6c369a7f,UNCHANGED
phase13BG_D4_changes.json,source/manifests/D/phase13BG_D4_changes.json,source,345ea1596bc3bf8afe8ace70a686073b0833f86a752680ca8265313733474f58,345ea1596bc3bf8afe8ace70a686073b0833f86a752680ca8265313733474f58,UNCHANGED
phase13BG_D5_changes.json,source/manifests/D/phase13BG_D5_changes.json,source,02cfebfcb2a351c711b3864618b9b3bbadcd30a2e05637e68d8132734ad31530,02cfebfcb2a351c711b3864618b9b3bbadcd30a2e05637e68d8132734ad31530,UNCHANGED
phase13BG_E1_changes.json,source/manifests/E/phase13BG_E1_changes.json,source,6ef9b73a7a5c3c931ab32af9d40ec2d655de2b28b9432c609ab3a525c6787bcc,6ef9b73a7a5c3c931ab32af9d40ec2d655de2b28b9432c609ab3a525c6787bcc,UNCHANGED
phase13BG_E2_changes.json,source/manifests/E/phase13BG_E2_changes.json,source,f78aa70b6bbed8a29cc2ad29ad7ed1e72509399dedafe06df7a1cd6d562ba6dc,f78aa70b6bbed8a29cc2ad29ad7ed1e72509399dedafe06df7a1cd6d562ba6dc,UNCHANGED
phase13BG_E3_changes.json,source/manifests/E/phase13BG_E3_changes.json,source,b9797375af49b739f932cbe7f95562d7a2e419193b1aab1f41ab2a73adf204d2,b9797375af49b739f932cbe7f95562d7a2e419193b1aab1f41ab2a73adf204d2,UNCHANGED
phase13BG_E4_changes.json,source/manifests/E/phase13BG_E4_changes.json,source,32522dd504af6638d65a02f4d482652513e9948c7701269e9290ff685816dde1,32522dd504af6638d65a02f4d482652513e9948c7701269e9290ff685816dde1,UNCHANGED
phase13BG_E5_changes.json,source/manifests/E/phase13BG_E5_changes.json,source,b3fbc3070644a2eef9589d334157b73454adc2df9263c197a7fd83bafbfd276b,b3fbc3070644a2eef9589d334157b73454adc2df9263c197a7fd83bafbfd276b,UNCHANGED
phase13BG_E6_changes.json,source/manifests/E/phase13BG_E6_changes.json,source,1340574ae1cc01a871fbc035a44a811c8c7baa0b5719532b3aae3010d5dd2caf,1340574ae1cc01a871fbc035a44a811c8c7baa0b5719532b3aae3010d5dd2caf,UNCHANGED
phase13BG_E7_changes.json,source/manifests/E/phase13BG_E7_changes.json,source,a6a136d7c8ec5e10364c0fc6c23206fa2cd76accc6d29dedb50a714f05cd339f,a6a136d7c8ec5e10364c0fc6c23206fa2cd76accc6d29dedb50a714f05cd339f,UNCHANGED
phase13BG_E8_changes.json,source/manifests/E/phase13BG_E8_changes.json,source,60cf8b602f730ed4b8eb5812db4ef6086c533234d8f7779ba0020dbecde639a0,60cf8b602f730ed4b8eb5812db4ef6086c533234d8f7779ba0020dbecde639a0,UNCHANGED
phase13BG_E9_changes.json,source/manifests/E/phase13BG_E9_changes.json,source,0235061a8e29f8c8a2d54f88b5494c724b9d979aafdb31af215a7012abd5dbe6,0235061a8e29f8c8a2d54f88b5494c724b9d979aafdb31af215a7012abd5dbe6,UNCHANGED
phase13BG_F1_changes.json,source/manifests/F/phase13BG_F1_changes.json,source,7e63388aeaae2007bc14f1f668bf557bced3786d34bf29bf3c04940d488ec17f,7e63388aeaae2007bc14f1f668bf557bced3786d34bf29bf3c04940d488ec17f,UNCHANGED
phase13BG_F2_changes.json,source/manifests/F/phase13BG_F2_changes.json,source,354adf21e536b324d11ecb132de8e7b2aeae28759e74f2c77b35ab9ab6dc0c5f,354adf21e536b324d11ecb132de8e7b2aeae28759e74f2c77b35ab9ab6dc0c5f,UNCHANGED
phase13BG_F3_changes.json,source/manifests/F/phase13BG_F3_changes.json,source,8c5abac1e2dce23badabf243bae88650ef381e7fee14670e114cd8faeefaf03c,8c5abac1e2dce23badabf243bae88650ef381e7fee14670e114cd8faeefaf03c,UNCHANGED
phase13BG_F4_changes.json,source/manifests/F/phase13BG_F4_changes.json,source,86339e88e17bb6ea5c0a2100b5c5a3b0e5e2ddbb0b42e481dd8bf0a7386827c0,86339e88e17bb6ea5c0a2100b5c5a3b0e5e2ddbb0b42e481dd8bf0a7386827c0,UNCHANGED
phase13BG_F5_changes.json,source/manifests/F/phase13BG_F5_changes.json,source,e7ce52c18a71d210d512ae465798db17f08ccbbc30baaadc206edcb5fef2a302,e7ce52c18a71d210d512ae465798db17f08ccbbc30baaadc206edcb5fef2a302,UNCHANGED
phase13BG_F6_changes.json,source/manifests/F/phase13BG_F6_changes.json,source,5c902fbd7758e0adc996246f864aa7c39154ecfb65ac226c5d510e5585412c19,5c902fbd7758e0adc996246f864aa7c39154ecfb65ac226c5d510e5585412c19,UNCHANGED
phase13BG_F7_changes.json,source/manifests/F/phase13BG_F7_changes.json,source,840d3bebfb971980cb114a12ee1c7894b93034895a97c123b35da1d7ceceae1e,840d3bebfb971980cb114a12ee1c7894b93034895a97c123b35da1d7ceceae1e,UNCHANGED
phase13BG_F8_changes.json,source/manifests/F/phase13BG_F8_changes.json,source,2d6ed62430a3be588e913df994ed5d63e081ed37e4935ac65c2ca7534d5e02c8,2d6ed62430a3be588e913df994ed5d63e081ed37e4935ac65c2ca7534d5e02c8,UNCHANGED
phase13BG_F9_changes.json,source/manifests/F/phase13BG_F9_changes.json,source,a7a98ffff3dd8052877e48127e410cfa5e6fb29b5a317c52aa6f3fa658c3d6f0,a7a98ffff3dd8052877e48127e410cfa5e6fb29b5a317c52aa6f3fa658c3d6f0,UNCHANGED
phase13BG_F10_changes.json,source/manifests/F/phase13BG_F10_changes.json,source,4942061fabd19b3b17aeeabe7231674c3a4cedc1e639b9a674c02b1339737f57,4942061fabd19b3b17aeeabe7231674c3a4cedc1e639b9a674c02b1339737f57,UNCHANGED
phase13BG_F11_changes.json,source/manifests/F/phase13BG_F11_changes.json,source,eb3633e13f714840c26ac632c2565b7deb89052089d4c7d4ba852595ac67a6c0,eb3633e13f714840c26ac632c2565b7deb89052089d4c7d4ba852595ac67a6c0,UNCHANGED
phase13BG_F12_changes.json,source/manifests/F/phase13BG_F12_changes.json,source,a5159e537986346c566545f27e34bd0c2b1f0b0808779e01336e0cfb217a4653,a5159e537986346c566545f27e34bd0c2b1f0b0808779e01336e0cfb217a4653,UNCHANGED
phase13BG_F13_changes.json,source/manifests/F/phase13BG_F13_changes.json,source,f1372995d6e81e1170c20dc240aab706a496ca54ae623eccabddbc58658b3b87,f1372995d6e81e1170c20dc240aab706a496ca54ae623eccabddbc58658b3b87,UNCHANGED
phase13BG_F14_changes.json,source/manifests/F/phase13BG_F14_changes.json,source,f80c2e740f4b09bcf872194f7b84659d62054275081408014a32cef8ada96424,f80c2e740f4b09bcf872194f7b84659d62054275081408014a32cef8ada96424,UNCHANGED
phase13BG_F15_changes.json,source/manifests/F/phase13BG_F15_changes.json,source,298601dda0b885062d2fee80ddd1e9d31bad0bf441c6231672bba795b1fbd976,298601dda0b885062d2fee80ddd1e9d31bad0bf441c6231672bba795b1fbd976,UNCHANGED
phase13BG_F16_changes.json,source/manifests/F/phase13BG_F16_changes.json,source,3a7cda51e7ac3cb800711ff6b885278c84dfa705a07ab033b9edb1a75be0e50a,3a7cda51e7ac3cb800711ff6b885278c84dfa705a07ab033b9edb1a75be0e50a,UNCHANGED
phase13BG_F17_changes.json,source/manifests/F/phase13BG_F17_changes.json,source,21093955b02cea55c105d6edfdb11d1d0d453ac9adbcae3b9bf2270f9d60a373,21093955b02cea55c105d6edfdb11d1d0d453ac9adbcae3b9bf2270f9d60a373,UNCHANGED
phase13BG_F18_changes.json,source/manifests/F/phase13BG_F18_changes.json,source,3acf510b39f52963455a6448640bec8cf24395e51e67a3285e53d5508a599c98,3acf510b39f52963455a6448640bec8cf24395e51e67a3285e53d5508a599c98,UNCHANGED
phase13BG_F20_changes.json,source/manifests/F/phase13BG_F20_changes.json,source,1e80df537ab1a7dc91d9f8714cdc54ea9e677565ab36cfaf7dfc977e2881af36,1e80df537ab1a7dc91d9f8714cdc54ea9e677565ab36cfaf7dfc977e2881af36,UNCHANGED
phase13BG_F21_changes.json,source/manifests/F/phase13BG_F21_changes.json,source,e9724a5e8a767c99332c4b0c9b7a14078fb6bf7d0f7c1c8ed4dfed4d9694d2ee,e9724a5e8a767c99332c4b0c9b7a14078fb6bf7d0f7c1c8ed4dfed4d9694d2ee,UNCHANGED
phase13BG_F22_changes.json,source/manifests/F/phase13BG_F22_changes.json,source,14fb1259629e0b0eba76eda5015ebf5f70b9dadee2b723f4cf0de2af69f81796,14fb1259629e0b0eba76eda5015ebf5f70b9dadee2b723f4cf0de2af69f81796,UNCHANGED
phase13BG_F23_changes.json,source/manifests/F/phase13BG_F23_changes.json,source,2beaf730b5ef1b81646ccac3437d4486bc671c6d6b78009605e67511b4a08bd3,2beaf730b5ef1b81646ccac3437d4486bc671c6d6b78009605e67511b4a08bd3,UNCHANGED
phase13BG_F24_changes.json,source/manifests/F/phase13BG_F24_changes.json,source,b5cd7de55adec523aa29f56ae686249441abae1b709aeb510ae706425be09cd9,b5cd7de55adec523aa29f56ae686249441abae1b709aeb510ae706425be09cd9,UNCHANGED
phase13BG_F25_changes.json,source/manifests/F/phase13BG_F25_changes.json,source,a794aee52340d44b65b74bb03c70636cef0ab222e222dc524971333f0910516a,a794aee52340d44b65b74bb03c70636cef0ab222e222dc524971333f0910516a,UNCHANGED
phase13BG_F26_changes.json,source/manifests/F/phase13BG_F26_changes.json,source,be8abac00993f4a084f5ef8ce86c71c52c6bf3b502044cd3c242c01792315d91,be8abac00993f4a084f5ef8ce86c71c52c6bf3b502044cd3c242c01792315d91,UNCHANGED
phase13BG_F27_changes.json,source/manifests/F/phase13BG_F27_changes.json,source,b519e7c0591251294a5736cdb4a6d83f4969738c7868d66520e40b856d90adce,b519e7c0591251294a5736cdb4a6d83f4969738c7868d66520e40b856d90adce,UNCHANGED
phase13BG_F28_changes.json,source/manifests/F/phase13BG_F28_changes.json,source,7aa2e390d2bd9abc5fbd7b61976d2013da08bbe002793872c82be4d52428f75f,7aa2e390d2bd9abc5fbd7b61976d2013da08bbe002793872c82be4d52428f75f,UNCHANGED
phase13BG_F29_changes.json,source/manifests/F/phase13BG_F29_changes.json,source,a836eb4060c4353b02ea862f69fda7206d8d1306613102e6ca9276699928c9de,a836eb4060c4353b02ea862f69fda7206d8d1306613102e6ca9276699928c9de,UNCHANGED
phase13BG_F30_changes.json,source/manifests/F/phase13BG_F30_changes.json,source,28cc71dad9c317a5d4c47752204e761e7c3071743eab5673f6a146f7eb56b959,28cc71dad9c317a5d4c47752204e761e7c3071743eab5673f6a146f7eb56b959,UNCHANGED
phase13BG_F31_changes.json,source/manifests/F/phase13BG_F31_changes.json,source,fbf3fc6542fbfd277dacf6d92b3c237cae6f0a23a54ce815699f1a3314c77ae7,fbf3fc6542fbfd277dacf6d92b3c237cae6f0a23a54ce815699f1a3314c77ae7,UNCHANGED
phase13BG_F32_changes.json,source/manifests/F/phase13BG_F32_changes.json,source,30af4c6df2e1116ba44b2318b789f33e50c0b752b98bdb31f6e317108f64db09,30af4c6df2e1116ba44b2318b789f33e50c0b752b98bdb31f6e317108f64db09,UNCHANGED
phase13BG_F33_changes.json,source/manifests/F/phase13BG_F33_changes.json,source,e4485c11ba4035914cf7a038dc51bdeb15a055e3b5e9226b7c0e610c155cb230,e4485c11ba4035914cf7a038dc51bdeb15a055e3b5e9226b7c0e610c155cb230,UNCHANGED
phase13BG_F34_changes.json,source/manifests/F/phase13BG_F34_changes.json,source,b1ee9450bb43639017c1d727b645881a192474e09542943f8cb59dc122b8fa93,b1ee9450bb43639017c1d727b645881a192474e09542943f8cb59dc122b8fa93,UNCHANGED
phase13BG_F36_manifest.json,source/manifests/F/phase13BG_F36_manifest.json,source,bb236f91933015d278e0dd84354fa3ced370597ae90fe2eba9babf95a528175a,bb236f91933015d278e0dd84354fa3ced370597ae90fe2eba9babf95a528175a,UNCHANGED
phase13BG_F37_manifest.json,source/manifests/F/phase13BG_F37_manifest.json,source,9cc7ba4020cc16b0b07b36ac8d6cd89748fc3e1ac93b0c045cc030db6ab64ef8,9cc7ba4020cc16b0b07b36ac8d6cd89748fc3e1ac93b0c045cc030db6ab64ef8,UNCHANGED
scripts/audit_event_first_F11.py,source/scripts/audit_event_first_F11.py,source,02ed2eadffe325aebd53210d33422819a7abedcbebe3e1eb4f8655affa423575,02ed2eadffe325aebd53210d33422819a7abedcbebe3e1eb4f8655affa423575,UNCHANGED
scripts/audit_first_trial_F10.py,source/scripts/audit_first_trial_F10.py,source,d10259849e12e585003d74c87fff1c9c81540ab294c4e0d810b0cefb2f053f1e,d10259849e12e585003d74c87fff1c9c81540ab294c4e0d810b0cefb2f053f1e,UNCHANGED
scripts/audit_phase13BG_F6.py,source/scripts/audit_phase13BG_F6.py,source,9a5f6592877a762fee7543af6295b7763018f1f0a1e74bb378dc31c91ed41bf6,9a5f6592877a762fee7543af6295b7763018f1f0a1e74bb378dc31c91ed41bf6,UNCHANGED
scripts/audit_phase13BG_F8.py,source/scripts/audit_phase13BG_F8.py,source,e5e6ba4764e7b6a246295acf8f7bb15662fbb8f882d079d7003f4796a77f5b1e,5d9db73a83ff6bce2f7dc261fbf13a1f63055e9d64a5cb7497fc4cfa439f7540,UPDATED_PATHS_OR_DOCUMENTATION
scripts/audit_phase13BG_F12.py,source/scripts/audit_phase13BG_F12.py,source,82b9967f66f73e6bfeed33c199691b21d48efe8600a7d233bd17575a695a03e4,82b9967f66f73e6bfeed33c199691b21d48efe8600a7d233bd17575a695a03e4,UNCHANGED
scripts/audit_phase13BG_F20.py,source/scripts/audit_phase13BG_F20.py,source,4af5c5c346875c9ec5ff1f97032e4fd3145f42b9914fa7aef3b335f8c5f9a4b2,2339f5132ed2669527aacbd21c49429fda30c812eebf2d0c89e560bcabeaf1e1,UPDATED_PATHS_OR_DOCUMENTATION
scripts/audit_phase13BG_F21.py,source/scripts/audit_phase13BG_F21.py,source,9818557e20267ae9dcf1530b4c7570ecc65adb73d36315c7f447b5d32bfa6043,b4629215ad6a221f54bd8bd251ad973d411b3b1b1bed352dca027caf6718e824,UPDATED_PATHS_OR_DOCUMENTATION
scripts/audit_phase13BG_F22.py,source/scripts/audit_phase13BG_F22.py,source,ad2b2ac71724585b8f0a84ad80171832eb8977ae00b797829ad332f162f4822e,4fc395e4cf5d0f61254dc77c0dbe80bb5fcdd296869f59f1b6d1d268451da314,UPDATED_PATHS_OR_DOCUMENTATION
scripts/audit_phase13BG_F23.py,source/scripts/audit_phase13BG_F23.py,source,b33f106f88a9258d1d73f86e24cb2d4acc7bfb7d6bd7c216c1b7c4eb1efc230e,ea6d153e660af431f6daa1719684f3a449e5208036017f989734b62c4a03b442,UPDATED_PATHS_OR_DOCUMENTATION
scripts/audit_phase13BG_F24.py,source/scripts/audit_phase13BG_F24.py,source,c9094a908f35d25bc96ef31624b35887335043a9b4a38bea5885f24021791781,85b5766a3793030d9e49da62818775b292bb52153b569c8fab459faa5d0b8145,UPDATED_PATHS_OR_DOCUMENTATION
scripts/audit_phase13BG_F25.py,source/scripts/audit_phase13BG_F25.py,source,2ddc342dd583fd348c87d2c3a653d789190f7633265e55caad5c7f5f0f851fa3,156c55e70f7926744367967d0e4128a02f186b3116a4bbe680f6356cad12aa6b,UPDATED_PATHS_OR_DOCUMENTATION
scripts/audit_phase13BG_F26.py,source/scripts/audit_phase13BG_F26.py,source,c215eeaf98d76a237eee5afcc2629b3cddb62dac4b08cbc3967350fed47a014e,d7f2229a9a03062f1bd9a3291882cdf4de7ff870778af17ed818e0ac67c57a1e,UPDATED_PATHS_OR_DOCUMENTATION
scripts/build_epet_labels.py,source/scripts/build_epet_labels.py,source,07c4450aec8f4d7e5d382eef206483399fb3e997efe785c1b46995e8a566518a,07c4450aec8f4d7e5d382eef206483399fb3e997efe785c1b46995e8a566518a,UNCHANGED
scripts/build_magic_header_tiles.py,source/scripts/build_magic_header_tiles.py,source,8107ff92d558c68606ccd9889afec87757744cbe09c1218b3766f3e93a942522,8107ff92d558c68606ccd9889afec87757744cbe09c1218b3766f3e93a942522,UNCHANGED
scripts/build_menu_header_assets.py,source/scripts/build_menu_header_assets.py,source,afb82ee04897f259e2acc1a065074716eacf7ced271254edd060f7e833bb423e,afb82ee04897f259e2acc1a065074716eacf7ced271254edd060f7e833bb423e,UNCHANGED
scripts/build_phase13BG_F10.py,source/scripts/build_phase13BG_F10.py,source,817c8fa76e16ce4c37626abf9b6cda63f95d06ef69f65ac365a66b5ce85e99c8,e9b47547733b6673628217aba94b3740577ad631f92217ec0b3d0f81f6128ec5,UPDATED_PATHS_OR_DOCUMENTATION
scripts/build_phase13BG_F12.py,source/scripts/build_phase13BG_F12.py,source,de3a3198e63767faa09db0c41f7dd00412b718084c937e17c089a2b64875b18c,bd496867c995cbcc1080eb7ed2683026c221ef1a092939a7b53d9d7a0e0fadb4,UPDATED_PATHS_OR_DOCUMENTATION
scripts/build_phase13BG_F13.py,source/scripts/build_phase13BG_F13.py,source,262899a8f0950309878809af977d22b06def7dd7b264bc19f74f17d07835fa14,13189bbdf664e1efeb6bdee4cd807d965a82ccd576b07b5fd91ad85375672b79,UPDATED_PATHS_OR_DOCUMENTATION
scripts/build_phase13BG_F14.py,source/scripts/build_phase13BG_F14.py,source,c0d9f7c0ca6c62ac4534b7f07ef29e1ebfd10e4d45db9c159c3ea41ac607f445,c318f891e72c81a1a3c5e39fbe1537359bb16aeadcfbbf5044f57878b9f70def,UPDATED_PATHS_OR_DOCUMENTATION
scripts/build_phase13BG_F15.py,source/scripts/build_phase13BG_F15.py,source,32a6f7cd33021b5473ba1edbcc1bdc6792aac61e7e164d4cc25009e5de3886d1,a8730958ca61f1cf35a3090dd8511b727a26fb7e86590d20a9957af2f87ccd7a,UPDATED_PATHS_OR_DOCUMENTATION
scripts/build_phase13BG_F16.py,source/scripts/build_phase13BG_F16.py,source,9d5a69a256dd680d747804696a0dabbc44f03985598d31b0cede19dfd7f18bc4,033038782466115795fc9b01e434867f24ff083c703ddc29569d9e956d819144,UPDATED_PATHS_OR_DOCUMENTATION
scripts/build_phase13BG_F17.py,source/scripts/build_phase13BG_F17.py,source,51982049c2aaa44061b481f504f87c1a2cef9c800510bd2c2501b9c9198b8cc4,151e8f030517f0b7f56909271c80aa9f7860bf123cc43dbfef467835a8731bbd,UPDATED_PATHS_OR_DOCUMENTATION
scripts/build_phase13BG_F18.py,source/scripts/build_phase13BG_F18.py,source,aa3a39fbe85698e7e0fef5fc6956a32849ff5ba3a5cf56558ebbfb5778f0de79,3e292649ca66c8f0ae082dbac742733341cd2b44c3df020163381d5ff43674e6,UPDATED_PATHS_OR_DOCUMENTATION
scripts/build_phase13BG_F20.py,source/scripts/build_phase13BG_F20.py,source,9594a2d01113b2f47fd58a447c388947724254713903aa9ef6cce76ea7936caa,7b5ff4355b4feab8021fd28359216fd9ad8a0de9c3a5315a0887f90fcdfe34c3,UPDATED_PATHS_OR_DOCUMENTATION
scripts/build_phase13BG_F21.py,source/scripts/build_phase13BG_F21.py,source,f3a147634f2c95c7ecaba74620e4a0f485ad8d9661eff92de1a6e8b8c5fa53c8,858f5599d606d034b93dde744c477babeceb7bd821bb4d215fda3ad4825f8c16,UPDATED_PATHS_OR_DOCUMENTATION
scripts/build_phase13BG_F22.py,source/scripts/build_phase13BG_F22.py,source,2ec8c646296593f105f8d2262ae36b0e463c0bc686024ee647a97e5605a49fd3,1aeed0e44cedf1a22b1cd3dba3c90d89bd200d681ddadd8695ba3d4119733fbf,UPDATED_PATHS_OR_DOCUMENTATION
scripts/build_phase13BG_F23.py,source/scripts/build_phase13BG_F23.py,source,cabcc5417a13bc5f350124d45e62056d4c7da859f4fc381f754dba0a658d6556,a76f2afb0169711e09d0e1c6a4348ecba22b9afbf1234c49e86e210a49c010ce,UPDATED_PATHS_OR_DOCUMENTATION
scripts/build_phase13BG_F24.py,source/scripts/build_phase13BG_F24.py,source,024d20b2e7de70439fc61fa84f53d3f4ad496bada84fdd97d87fb25335a925c5,c20aa057a7027a2f69e341b26e36737ad73d4fa70a223440bc8161fdf958c31e,UPDATED_PATHS_OR_DOCUMENTATION
scripts/build_phase13BG_F25.py,source/scripts/build_phase13BG_F25.py,source,a3ef4884e9bfffea43945e9a106da9078fb7874d5bc3146cb3aae269d111d78e,96cedf491c21358d09e5c1edbbd418a37392db4e7b0e34d3d25ef059d421bbda,UPDATED_PATHS_OR_DOCUMENTATION
scripts/build_phase13BG_F26.py,source/scripts/build_phase13BG_F26.py,source,86282b14487ed5f2849c50ebaf5ba93ede0f5fb5dc6d1120ac2f9ccc2f704bf6,689eda8fc52e58221fc5af48808c2dac8018b45f5a587bbde5eafaea994b9ec5,UPDATED_PATHS_OR_DOCUMENTATION
scripts/build_phase13BG_F27.py,source/scripts/build_phase13BG_F27.py,source,f2ee09886c9603f08c5280a919189cc6c60fc100e8779ac8266d7569d2e715dd,f2ee09886c9603f08c5280a919189cc6c60fc100e8779ac8266d7569d2e715dd,UNCHANGED
scripts/build_phase13BG_F28.py,source/scripts/build_phase13BG_F28.py,source,10dcfeffda718954fd3aaabcd167c649c716bf1fb17be25c8bb3bad9e1474dc2,10dcfeffda718954fd3aaabcd167c649c716bf1fb17be25c8bb3bad9e1474dc2,UNCHANGED
scripts/build_phase13BG_F29.py,source/scripts/build_phase13BG_F29.py,source,01bfdf0b2d1862d058e28842fef3b6314e1c85eb067e2f0f2c8b731420fb11cb,01bfdf0b2d1862d058e28842fef3b6314e1c85eb067e2f0f2c8b731420fb11cb,UNCHANGED
scripts/build_phase13BG_F30.py,source/scripts/build_phase13BG_F30.py,source,2de4cec73ebda7f39f29e1804a8cd6f34dd5d084d42d7d96e6015709e4a58bd1,2de4cec73ebda7f39f29e1804a8cd6f34dd5d084d42d7d96e6015709e4a58bd1,UNCHANGED
scripts/build_phase13BG_F31.py,source/scripts/build_phase13BG_F31.py,source,100ce081e97eaba9a4b55e66d9859d586d04d1c197a482889239f68603bba825,52345eb6fee1a014be3c318edd03dd3b0b9e28adcc65134b0144e593b8d2deaf,UPDATED_PATHS_OR_DOCUMENTATION
scripts/build_phase13BG_F32.py,source/scripts/build_phase13BG_F32.py,source,3846b8a4775111bf05ea060fa95aec22663d29d285c16abff785eb80c75bdb8d,53f8ed72e5b956f25586d6f006aebb42f96c50b56bbbdffd37de4a2a24e591ce,UPDATED_PATHS_OR_DOCUMENTATION
scripts/build_phase13BG_F33.py,source/scripts/build_phase13BG_F33.py,source,e7419269844b89db010b80cb5e52ca89e99e17fe4a067edb8c05c712a6c02388,64189b29ec6988697020f49d2086908cfe83f9dc4d9fd2225246d1dd4f74c370,UPDATED_PATHS_OR_DOCUMENTATION
scripts/build_phase13BG_F34.py,source/scripts/build_phase13BG_F34.py,source,0e69b8d9c9b38677ece95ba85d23b7eb7b8b3eaed2b60d827d49e2d38584861d,f7fbfd44b137bed6241a059c3075d46331c6098adc5cd7b1efee05a918b64519,UPDATED_PATHS_OR_DOCUMENTATION
scripts/build_phase13BG_F35.py,source/scripts/build_phase13BG_F35.py,source,6d61f0a6edf7326219ec7d1b284bd60cf05fbdc4add1d9ffff5d3a23c9e45ec8,6d61f0a6edf7326219ec7d1b284bd60cf05fbdc4add1d9ffff5d3a23c9e45ec8,UNCHANGED
scripts/build_phase13BG_F36.py,source/scripts/build_phase13BG_F36.py,source,54217c6e76ebb673cfc74a60febe1741cbd5c126e0041f7039e5751808acf0d3,ab4ad3ea893381f8f447f486af00c4c9c8c0c9c7f98aa75191d589e1b954b1be,UPDATED_PATHS_OR_DOCUMENTATION
scripts/build_phase13BG_F37.py,source/scripts/build_phase13BG_F37.py,source,4abf827972631de881d354547613e94012e181c7d593a448e0b59519c95d2733,e71514688c61bd4585fcfeedcae7f7f6c12befdf951475fae94c2fc29e37a86a,UPDATED_PATHS_OR_DOCUMENTATION
scripts/build_remaining_prompts.py,source/scripts/build_remaining_prompts.py,source,e26b1014f8246f49c72de3a6ea28dc0152a78c32d235bff778ae729d83a3404d,e26b1014f8246f49c72de3a6ea28dc0152a78c32d235bff778ae729d83a3404d,UNCHANGED
scripts/build_sell_category_resource.py,source/scripts/build_sell_category_resource.py,source,37c5efc402ba2a4574b6c4132e8bbca8f22f48d2d6e3d1a2b7f423ff49f28832,37c5efc402ba2a4574b6c4132e8bbca8f22f48d2d6e3d1a2b7f423ff49f28832,UNCHANGED
scripts/build_shop_buy_graphics.py,source/scripts/build_shop_buy_graphics.py,source,a48e0d1997818f678ac9a6588d03feb88f54df6f46d40e261a5b5259f993c654,a48e0d1997818f678ac9a6588d03feb88f54df6f46d40e261a5b5259f993c654,UNCHANGED
scripts/magic_header_codec.py,source/scripts/magic_header_codec.py,source,32544dd87b25630e38ceea2e2b9e041c03a273b1193e9e918b237626478414dc,32544dd87b25630e38ceea2e2b9e041c03a273b1193e9e918b237626478414dc,UNCHANGED
scripts/make_bps.py,source/scripts/make_bps.py,source,e266cc337e6b5119baa2bdee36bdc89ea90aca6742fbb861e0ccb455dc322fc7,e266cc337e6b5119baa2bdee36bdc89ea90aca6742fbb861e0ccb455dc322fc7,UNCHANGED
scripts/rebuild_main_menu_font.py,source/scripts/rebuild_main_menu_font.py,source,56c5e50b6f0226cf07a6c553c72d8699134152bf0d917fdcb9e79377dba773d5,56c5e50b6f0226cf07a6c553c72d8699134152bf0d917fdcb9e79377dba773d5,UNCHANGED
