index,offset,copy_pc,source_reads,expected,actual,result
1,0x195816,973C8,8,827382898292828182978281828B8281,827382898292828182978281828B8281,PASS
2,0x196024,973C8,8,82798289828F828E0000000000000000,82798289828F828E0000000000000000,PASS
3,0x196314,973C8,8,8260828382838285828C000000000000,8260828382838285828C000000000000,PASS
4,0x196632,973C8,8,82718281829A828C8299000000000000,82718281829A828C8299000000000000,PASS
5,0x1966B2,973C8,8,826082938294828582928289828F0000,826082938294828582928289828F0000,PASS
6,0x196984,973C8,8,827382898292828182978281828B8281,827382898292828182978281828B8281,PASS
7,0x196BC6,973C8,8,827382898292828182978281828B8281,827382898292828182978281828B8281,PASS
8,0x196D36,973C8,8,827382898292828182978281828B8281,827382898292828182978281828B8281,PASS
9,0x1984DC,973C8,8,8260828382838285828C000000000000,8260828382838285828C000000000000,PASS
10,0x198890,973C8,8,82718281829A828C8299000000000000,82718281829A828C8299000000000000,PASS
11,0x198BE2,973C8,8,826082938294828582928289828F0000,826082938294828582928289828F0000,PASS
12,0x19BA14,973C8,8,826B829582968281828E828100000000,826B829582968281828E828100000000,PASS
13,0x19BC74,973C8,8,8261828F828F828D8281828E00000000,8261828F828F828D8281828E00000000,PASS
14,0x19C2CE,973C8,8,826C8289828C82858293000000000000,826C8289828C82858293000000000000,PASS
15,0x19CEE8,973C8,8,8279828182878281828E000000000000,8279828182878281828E000000000000,PASS
16,0x19CF4E,973C8,8,826F82928289828D828F829282898281,826F82928289828D828F829282898281,PASS
17,0x19D174,973C8,8,826C828F828B828F828E000000000000,826C828F828B828F828E000000000000,PASS
18,0x19EF0C,973C8,8,827282908295828C0000000000000000,827282908295828C0000000000000000,PASS
19,0x19EF76,973C8,8,8260829282898285828C000000000000,8260829282898285828C000000000000,PASS
20,0x1A062E,973C8,8,8261828F8287828C8285000000000000,8261828F8287828C8285000000000000,PASS
21,0x1A0722,973C8,8,827382898283828B0000000000000000,827382898283828B0000000000000000,PASS
22,0x1A0D16,973C8,8,826F8285829482948299000000000000,826F8285829482948299000000000000,PASS
23,0x1A0EBE,973C8,8,82618295828C82828285828782818292,82618295828C82828285828782818292,PASS
24,0x1A109E,973C8,8,8272828C828182848285000000000000,8272828C828182848285000000000000,PASS
25,0x1A11C0,973C8,8,8264828C828682898285000000000000,8264828C828682898285000000000000,PASS
26,0x1A14B0,973C8,8,826D8285828C00000000000000000000,826D8285828C00000000000000000000,PASS
27,0x1A16C0,973C8,8,82728299828C82908288828982930000,82728299828C82908288828982930000,PASS
28,0x1A1B9A,973C8,8,82668289828782818287828100000000,82668289828782818287828100000000,PASS
29,0x1A54EE,973C8,8,82718285828100000000000000000000,82718285828100000000000000000000,PASS
30,0x1A557C,973C8,8,82798285829082888299829200000000,82798285829082888299829200000000,PASS
31,0x1A5604,973C8,8,826F8281828E82838288828F00000000,826F8281828E82838288828F00000000,PASS
32,0x1A65DE,973C8,8,826E8292828182878285000000000000,826E8292828182878285000000000000,PASS
33,0x1A67C0,973C8,8,826F82818293828B0000000000000000,826F82818293828B0000000000000000,PASS
34,0x1A70FA,973C8,8,8272829082928289828782878281828E,8272829082928289828782878281828E,PASS
35,0x1A752A,973C8,8,826C8285828B8285828D8285828B8285,826C8285828B8285828D8285828B8285,PASS
36,0x1A768A,973C8,8,826B828F829582928284828582930000,826B828F829582928284828582930000,PASS
37,0x1A9932,973C8,8,826F82898283828382888289828F0000,826F82898283828382888289828F0000,PASS
38,0x1AB06E,973C8,8,826B8281829A82958292000000000000,826B8281829A82958292000000000000,PASS
39,0x1AB41E,973C8,8,826282888285828D8289829300000000,826282888285828D8289829300000000,PASS
40,0x1B07EE,973C8,8,82618281829282828299000000000000,82618281829282828299000000000000,PASS
41,0x1B182E,973C8,8,8275828F829982818287828582920000,8275828F829982818287828582920000,PASS
42,0x1B1C0E,973C8,8,8264828E8287828F828C000000000000,8264828E8287828F828C000000000000,PASS
43,0x1B45D4,973C8,8,82698289828D82958293829500000000,82698289828D82958293829500000000,PASS
44,0x1B4B56,973C8,8,826B8281828482928295000000000000,826B8281828482928295000000000000,PASS
45,0x1B4DE4,973C8,8,826B8289828D8285826A82858292828F,826B8289828D8285826A82858292828F,PASS
46,0x1B52FA,973C8,8,82638285828482850000000000000000,82638285828482850000000000000000,PASS
47,0x1B535E,973C8,8,826B8295828D82828285829200000000,826B8295828D82828285829200000000,PASS
48,0x1B562E,973C8,8,8272829082818292828B000000000000,8272829082818292828B000000000000,PASS
49,0x1B56A0,973C8,8,826F8285829082850000000000000000,826F8285829082850000000000000000,PASS
50,0x1B7D0A,973C8,8,827382898292828182978281828B8281,827382898292828182978281828B8281,PASS
51,0x1B7EAC,973C8,8,82678292828E00000000000000000000,82678292828E00000000000000000000,PASS
52,0x1B958A,973C8,8,82758295828782810000000000000000,82758295828782810000000000000000,PASS
53,0x1B9698,973C8,8,8267828F828D82898285000000000000,8267828F828D82898285000000000000,PASS
54,0x1BBEC2,973C8,8,826C828582948281828C82898283828F,826C828582948281828C82898283828F,PASS
55,0x1BC12E,973C8,8,82628295829482898285000000000000,82628295829482898285000000000000,PASS
56,0x1BC2F0,973C8,8,826C8281829282850000000000000000,826C8281829282850000000000000000,PASS
57,0x1BC7FE,973C8,8,827282858281828C0000000000000000,827282858281828C0000000000000000,PASS
58,0x1BCA68,973C8,8,82768285828182968285000000000000,82768285828182968285000000000000,PASS
59,0x1BE55A,973C8,8,82768289829482838288828582920000,82768289829482838288828582920000,PASS
60,0x1BE686,973C8,8,82638295828D82848295828D00000000,82638295828D82848295828D00000000,PASS
61,0x1BE7E2,973C8,8,8271828182968285828E000000000000,8271828182968285828E000000000000,PASS
62,0x1BF1E0,973C8,8,82618295828B828B82818282828F828F,82618295828B828B82818282828F828F,PASS
63,0x1BF25C,973C8,8,826C828F829A82890000000000000000,826C828F829A82890000000000000000,PASS
64,0x1BF504,973C8,8,82668295828182928284000000000000,82668295828182928284000000000000,PASS
65,0x1BFE18,973C8,8,826282928289828D8140826000000000,826282928289828D8140826000000000,PASS
66,0x1BFE88,973C8,8,82718289828E828E8285000000000000,82718289828E828E8285000000000000,PASS
67,0x1BFF5A,973C8,8,826C828F82928281828C828400000000,826C828F82928281828C828400000000,PASS
68,0x1C1AEC,973C8,8,827182858289828E828F829400000000,827182858289828E828F829400000000,PASS
69,0x1C20DE,973C8,8,82688292828982810000000000000000,82688292828982810000000000000000,PASS
70,0x1C21AA,973C8,8,826A82898294828382888289828B8289,826A82898294828382888289828B8289,PASS
71,0x1C4734,973C8,8,8267828182828285828C000000000000,8267828182828285828C000000000000,PASS
72,0x1C48B6,973C8,8,82608292828782858293000000000000,82608292828782858293000000000000,PASS
73,0x1C4F28,973C8,8,826F82898283828F8294000000000000,826F82898283828F8294000000000000,PASS
74,0x1C52CE,973C8,8,826C8285828C828C828F829700000000,826C8285828C828C828F829700000000,PASS
75,0x1C57A8,973C8,8,827582818295828C8284000000000000,827582818295828C8284000000000000,PASS
76,0x1C5A1A,973C8,8,8264828D8295828C8285000000000000,8264828D8295828C8285000000000000,PASS
77,0x1C5A84,973C8,8,826F828F828382888295828E00000000,826F828F828382888295828E00000000,PASS
78,0x1C5B36,973C8,8,82608292829582928295829282950000,82608292829582928295829282950000,PASS
79,0x1C6968,973C8,8,826F8295828B828B8281000000000000,826F8295828B828B8281000000000000,PASS
80,0x1C6EBE,973C8,8,826B8289828C828C82898281828E0000,826B8289828C828C82898281828E0000,PASS
81,0x1C7326,973C8,8,826E82848285828F828E000000000000,826E82848285828F828E000000000000,PASS
82,0x1C7BB0,973C8,8,826A8289828C828C826C829382948292,826A8289828C828C826C829382948292,PASS
83,0x1C7C1C,973C8,8,826F828982908289828E000000000000,826F828982908289828E000000000000,PASS
84,0x1CB0B4,973C8,8,827282888285828582888281828E0000,827282888285828582888281828E0000,PASS
85,0x1CBA4C,973C8,8,82728281828E82848299000000000000,82728281828E82848299000000000000,PASS
86,0x1CBE34,973C8,8,82758281828C828E8281828300000000,82758281828C828E8281828300000000,PASS
87,0x1CBF9E,973C8,8,8260828E828782890000000000000000,8260828E828782890000000000000000,PASS
88,0x1CC354,973C8,8,82608289829382898281000000000000,82608289829382898281000000000000,PASS
89,0x1CE108,973C8,8,82668292828982900000000000000000,82668292828982900000000000000000,PASS
90,0x1CE1D4,973C8,8,8265828982928282828F828C82878293,8265828982928282828F828C82878293,PASS
91,0x1CE682,973C8,8,827982818283828B0000000000000000,827982818283828B0000000000000000,PASS
92,0x1CE860,973C8,8,8264828C828E828F8292828982810000,8264828C828E828F8292828982810000,PASS
93,0x1CF5E0,973C8,8,826082908290828C8285000000000000,826082908290828C8285000000000000,PASS
94,0x1CFD14,973C8,8,82718281828E82838288000000000000,82718281828E82838288000000000000,PASS
95,0x1CFEDC,973C8,8,827282888289828E8299000000000000,827282888289828E8299000000000000,PASS
96,0x1CFF4E,973C8,8,8266829282898287828F829282890000,8266829282898287828F829282890000,PASS
97,0x1D1FB4,973C8,8,8267828F82928289829A828F828E0000,8267828F82928289829A828F828E0000,PASS
98,0x1D20A2,973C8,8,826F828582858290828F000000000000,826F828582858290828F000000000000,PASS
99,0x1D2190,973C8,8,82658289828E82850000000000000000,82658289828E82850000000000000000,PASS
100,0x1D21FC,973C8,8,82718295829A8285828C000000000000,82718295829A8285828C000000000000,PASS
101,0x1D23EA,973C8,8,826A82858292828C828F828E00000000,826A82858292828C828F828E00000000,PASS
102,0x1D245A,973C8,8,826282888289829282958284828F0000,826282888289829282958284828F0000,PASS
103,0x1D3A6E,973C8,8,82728285828C82968281000000000000,82728285828C82968281000000000000,PASS
104,0x1D42AE,973C8,8,826382928295828E828B000000000000,826382928295828E828B000000000000,PASS
105,0x1D4316,973C8,8,8272828F828C81408263828582958298,8272828F828C81408263828582958298,PASS
106,0x1D6688,973C8,8,8271828F8281828E0000000000000000,8271828F8281828E0000000000000000,PASS
107,0x1D67C6,973C8,8,82788281828D828F8283828B00000000,82788281828D828F8283828B00000000,PASS
108,0x1D6AAE,973C8,8,82698295828A82950000000000000000,82698295828A82950000000000000000,PASS
109,0x1D7F42,973C8,8,826A828E828F8283828B828582920000,826A828E828F8283828B828582920000,PASS
110,0x1D83B0,973C8,8,82628288828F8283828F82628288828F,82628288828F8283828F82628288828F,PASS
111,0x1D857C,973C8,8,82718289828F82930000000000000000,82718289828F82930000000000000000,PASS
112,0x1D85E6,973C8,8,826B8285828D828F828E000000000000,826B8285828D828F828E000000000000,PASS
113,0x1D9232,973C8,8,8273828F000000000000000000000000,8273828F000000000000000000000000,PASS
114,0x1D93C8,91FA6,8,82618285828C8290828882858287828F,82618285828C8290828882858287828F,PASS
115,0x1D98B2,973C8,8,826C8295829382850000000000000000,826C8295829382850000000000000000,PASS
116,0x1D9A10,973C8,8,82668285828E828D8281000000000000,82668285828E828D8281000000000000,PASS
117,0x1DB6F6,973C8,8,8272828F828C81408260828E828E0000,8272828F828C81408260828E828E0000,PASS
118,0x1DB79C,973C8,8,826C8281829982810000000000000000,826C8281829982810000000000000000,PASS
119,0x1DC620,973C8,8,82658281828282898294000000000000,82658281828282898294000000000000,PASS
120,0x1E7318,973C8,8,826F828F8283828F0000000000000000,826F828F8283828F0000000000000000,PASS
121,0x1E8036,973C8,8,826F82898296828F8294000000000000,826F82898296828F8294000000000000,PASS
122,0x1E8324,973C8,8,82618292828F8297828E000000000000,82618292828F8297828E000000000000,PASS
123,0x1E8D2C,973C8,8,82788295828B828B8289000000000000,82788295828B828B8289000000000000,PASS
124,0x1E9878,973C8,8,827282858281829A8281828E00000000,827282858281829A8281828E00000000,PASS
125,0x1E99AE,973C8,8,82668281828E828A8285000000000000,82668281828E828A8285000000000000,PASS
126,0x1E9AA6,973C8,8,8268828E82878289828D828182928295,8268828E82878289828D828182928295,PASS
127,0x1EA1BA,973C8,8,826A828F828D828F828B828F828D828F,826A828F828D828F828B828F828D828F,PASS
128,0x1EA226,973C8,8,8262828882898283828F829282990000,8262828882898283828F829282990000,PASS
129,0x1EA65A,973C8,8,82728297828582858294000000000000,82728297828582858294000000000000,PASS
130,0x1EA6C6,973C8,8,826A8289829282818292828100000000,826A8289829282818292828100000000,PASS
131,0x1EA72C,973C8,8,82788295828782890000000000000000,82788295828782890000000000000000,PASS
132,0x1EBA50,973C8,8,8261828F82888281828E000000000000,8261828F82888281828E000000000000,PASS
133,0x1ECD5A,973C8,8,827082958289828E828E000000000000,827082958289828E828E000000000000,PASS
134,0x1EF15C,973C8,8,82668281828A82898287828F828A8289,82668281828A82898287828F828A8289,PASS
135,0x1EF1C4,973C8,8,826F829282898293828D828F00000000,826F829282898293828D828F00000000,PASS
136,0x1EF356,973C8,8,826182898282828C8285829200000000,826182898282828C8285829200000000,PASS
137,0x1EFBA6,973C8,8,826282888281828D0000000000000000,826282888281828D0000000000000000,PASS
138,0x1EFCF2,973C8,8,82728285829282890000000000000000,82728285829282890000000000000000,PASS
139,0x1EFD62,973C8,8,826F8281828C8290828182838283828F,826F8281828C8290828182838283828F,PASS
140,0x1F0524,973C8,8,82718285828B00000000000000000000,82718285828B00000000000000000000,PASS
141,0x1F083C,973C8,8,82718289828882810000000000000000,82718289828882810000000000000000,PASS
142,0x1F1290,973C8,8,82728281828682928281000000000000,82728281828682928281000000000000,PASS
143,0x1F14A8,973C8,8,826A8295829382888292828100000000,826A8295829382888292828100000000,PASS
144,0x1F2A4E,973C8,8,82628288828F82838288828F826F828F,82628288828F82838288828F826F828F,PASS
145,0x1F2CD2,973C8,8,82668289828E82878281000000000000,82668289828E82878281000000000000,PASS
146,0x1F2F94,973C8,8,82698289829282950000000000000000,82698289829282950000000000000000,PASS
147,0x1F38B0,973C8,8,82608292829082890000000000000000,82608292829082890000000000000000,PASS
148,0x1F3CAC,973C8,8,826B8289828D82858140827182818289,826B8289828D82858140827182818289,PASS
149,0x1F3F16,973C8,8,826C82818292828F8293000000000000,826C82818292828F8293000000000000,PASS
150,0x1F64C6,973C8,8,8278828182908281828E8289828E0000,8278828182908281828E8289828E0000,PASS
151,0x1F65C2,973C8,8,826C8289829A8295828B828900000000,826C8289829A8295828B828900000000,PASS
152,0x1F726C,973C8,8,826A8281828E8281828D828900000000,826A8281828E8281828D828900000000,PASS
153,0x1F7410,973C8,8,82788295828B8289828B8281829A8285,82788295828B8289828B8281829A8285,PASS
154,0x1F965A,973C8,8,826182858281828E8293000000000000,826182858281828E8293000000000000,PASS
155,0x1F99E2,973C8,8,826C8289828B828F8294828F00000000,826C8289828B828F8294828F00000000,PASS
156,0x1F9B28,973C8,8,826A828F828882818292829500000000,826A828F828882818292829500000000,PASS
157,0x1FAD6A,973C8,8,826282928289828D8140826100000000,826282928289828D8140826100000000,PASS
158,0x1FADE8,973C8,8,8266828F82938282828F8292828F0000,8266828F82938282828F8292828F0000,PASS
159,0x1FAE5C,973C8,8,82628288828F82900000000000000000,82628288828F82900000000000000000,PASS
160,0x1FB05E,973C8,8,826B8289828D828E8281000000000000,826B8289828D828E8281000000000000,PASS
161,0x1FB0C4,973C8,8,8272828E829582868286000000000000,8272828E829582868286000000000000,PASS
162,0x1FB12A,973C8,8,82738281828D82948281828D00000000,82738281828D82948281828D00000000,PASS
163,0x1FB552,973C8,8,8266828182898287828F829200000000,8266828182898287828F829200000000,PASS
164,0x1FB992,973C8,8,826D828F8281828E828F828100000000,826D828F8281828E828F828100000000,PASS
165,0x1FBBF6,973C8,8,826C8289829282818287828100000000,826C8289829282818287828100000000,PASS
166,0x1FBC5E,973C8,8,82648293829082898293000000000000,82648293829082898293000000000000,PASS
167,0x1FBEC6,973C8,8,82748286828100000000000000000000,82748286828100000000000000000000,PASS
168,0x1FC026,973C8,8,8262828882858283828B000000000000,8262828882858283828B000000000000,PASS
169,0x20021C,973C8,8,8272829482928281828D000000000000,8272829482928281828D000000000000,PASS
170,0x20028A,973C8,8,8261828F8297828D8281828E00000000,8261828F8297828D8281828E00000000,PASS
171,0x2002F2,973C8,8,827482928289828C8292828F82948285,827482928289828C8292828F82948285,PASS
172,0x200368,973C8,8,827582818289828B8281829282940000,827582818289828B8281829282940000,PASS
173,0x200B16,973C8,8,82728289828C828B8299000000000000,82728289828C828B8299000000000000,PASS
174,0x200B7E,973C8,8,8276828F828E82848285829200000000,8276828F828E82848285829200000000,PASS
175,0x200C6E,973C8,8,826F8285829082850000000000000000,826F8285829082850000000000000000,PASS
176,0x200E80,973C8,8,82768289829382908299000000000000,82768289829382908299000000000000,PASS
177,0x2012B4,973C8,8,826C829582948281828E000000000000,826C829582948281828E000000000000,PASS
178,0x20135A,973C8,8,826D8281829A82858294828F00000000,826D8281829A82858294828F00000000,PASS
179,0x2052BC,973C8,8,82678292828E00000000000000000000,82678292828E00000000000000000000,PASS
180,0x206028,973C8,8,82648283828C82818289829200000000,82648283828C82818289829200000000,PASS
181,0x206090,973C8,8,8266828C82858281828D000000000000,8266828C82858281828D000000000000,PASS
