record_id,bank,source_offset,pointer_offset,family,japanese,english_canonical,encoded_display,consumer_state,context_state,translation_state,width_state,integration_state,runtime_state
SCRIPT_NAME_OP22_195894,0x19,0x195894,0x195892,script_name_operand_0x0022,ティラワカ,Tirawaka,Tirawaka,CONSUMER_PROVEN,CONTEXT_RESOLVED,TRANSLATION_APPROVED,STATIC_WIDTH_PRECHECK_PASS,NOT_INTEGRATED,NOT_VALIDATED
SCRIPT_NAME_OP22_196058,0x19,0x196058,0x196056,script_name_operand_0x0022,ザイオン,Zion,Zion,CONSUMER_PROVEN,CONTEXT_RESOLVED,TRANSLATION_APPROVED,STATIC_WIDTH_PRECHECK_PASS,NOT_INTEGRATED,NOT_VALIDATED
SCRIPT_NAME_OP22_196336,0x19,0x196336,0x196334,script_name_operand_0x0022,アクセル,Accel,Accel,CONSUMER_PROVEN,CONTEXT_RESOLVED,TRANSLATION_APPROVED,STATIC_WIDTH_PRECHECK_PASS,NOT_INTEGRATED,NOT_VALIDATED
SCRIPT_NAME_OP22_196654,0x19,0x196654,0x196652,script_name_operand_0x0022,ラズリー,Razly,Razly,CONSUMER_PROVEN,CONTEXT_RESOLVED,TRANSLATION_APPROVED,STATIC_WIDTH_PRECHECK_PASS,NOT_INTEGRATED,NOT_VALIDATED
SCRIPT_NAME_OP22_1966D4,0x19,0x1966D4,0x1966D2,script_name_operand_0x0022,アステリオ,Asterio,Asterio,CONSUMER_PROVEN,CONTEXT_RESOLVED,TRANSLATION_APPROVED,STATIC_WIDTH_PRECHECK_PASS,NOT_INTEGRATED,NOT_VALIDATED
SCRIPT_NAME_OP22_1969B4,0x19,0x1969B4,0x1969B2,script_name_operand_0x0022,ティラワカ,Tirawaka,Tirawaka,CONSUMER_PROVEN,CONTEXT_RESOLVED,TRANSLATION_APPROVED,STATIC_WIDTH_PRECHECK_PASS,NOT_INTEGRATED,NOT_VALIDATED
SCRIPT_NAME_OP22_196BF6,0x19,0x196BF6,0x196BF4,script_name_operand_0x0022,ティラワカ,Tirawaka,Tirawaka,CONSUMER_PROVEN,CONTEXT_RESOLVED,TRANSLATION_APPROVED,STATIC_WIDTH_PRECHECK_PASS,NOT_INTEGRATED,NOT_VALIDATED
SCRIPT_NAME_OP22_197260,0x19,0x197260,0x19725E,script_name_operand_0x0022,チャチャミミ,Chachamimi,Chachami,CONSUMER_PROVEN,CONTEXT_RESOLVED,TRANSLATION_APPROVED,STATIC_WIDTH_PRECHECK_PASS,NOT_INTEGRATED,NOT_VALIDATED
SCRIPT_NAME_OP22_1984FE,0x19,0x1984FE,0x1984FC,script_name_operand_0x0022,アクセル,Accel,Accel,CONSUMER_PROVEN,CONTEXT_RESOLVED,TRANSLATION_APPROVED,STATIC_WIDTH_PRECHECK_PASS,NOT_INTEGRATED,NOT_VALIDATED
SCRIPT_NAME_OP22_1988B2,0x19,0x1988B2,0x1988B0,script_name_operand_0x0022,ラズリー,Razly,Razly,CONSUMER_PROVEN,CONTEXT_RESOLVED,TRANSLATION_APPROVED,STATIC_WIDTH_PRECHECK_PASS,NOT_INTEGRATED,NOT_VALIDATED
SCRIPT_NAME_OP22_198C04,0x19,0x198C04,0x198C02,script_name_operand_0x0022,アステリオ,Asterio,Asterio,CONSUMER_PROVEN,CONTEXT_RESOLVED,TRANSLATION_APPROVED,STATIC_WIDTH_PRECHECK_PASS,NOT_INTEGRATED,NOT_VALIDATED
SCRIPT_NAME_OP22_199BD6,0x19,0x199BD6,0x199BD4,script_name_operand_0x0022,ミカエル,Mika,Mika,CONSUMER_PROVEN,CONTEXT_RESOLVED,TRANSLATION_APPROVED,STATIC_WIDTH_PRECHECK_PASS,NOT_INTEGRATED,NOT_VALIDATED
SCRIPT_NAME_OP22_19BA36,0x19,0x19BA36,0x19BA34,script_name_operand_0x0022,ルヴァーナ,Luvana,Luvana,CONSUMER_PROVEN,CONTEXT_RESOLVED,TRANSLATION_APPROVED,STATIC_WIDTH_PRECHECK_PASS,NOT_INTEGRATED,NOT_VALIDATED
SCRIPT_NAME_OP22_19BC96,0x19,0x19BC96,0x19BC94,script_name_operand_0x0022,ブーマン,Buman,Buman,CONSUMER_PROVEN,CONTEXT_RESOLVED,TRANSLATION_APPROVED,STATIC_WIDTH_PRECHECK_PASS,NOT_INTEGRATED,NOT_VALIDATED
SCRIPT_NAME_OP22_19C2F0,0x19,0x19C2F0,0x19C2EE,script_name_operand_0x0022,マイルス,Miles,Miles,CONSUMER_PROVEN,CONTEXT_RESOLVED,TRANSLATION_APPROVED,STATIC_WIDTH_PRECHECK_PASS,NOT_INTEGRATED,NOT_VALIDATED
SCRIPT_NAME_OP22_19CF0A,0x19,0x19CF0A,0x19CF08,script_name_operand_0x0022,ザガン,Zagan,Zagan,CONSUMER_PROVEN,CONTEXT_RESOLVED,TRANSLATION_APPROVED,STATIC_WIDTH_PRECHECK_PASS,NOT_INTEGRATED,NOT_VALIDATED
SCRIPT_NAME_OP22_19CF70,0x19,0x19CF70,0x19CF6E,script_name_operand_0x0022,プリモリア,Primoria,Primoria,CONSUMER_PROVEN,CONTEXT_RESOLVED,TRANSLATION_APPROVED,STATIC_WIDTH_PRECHECK_PASS,NOT_INTEGRATED,NOT_VALIDATED
SCRIPT_NAME_OP22_19D196,0x19,0x19D196,0x19D194,script_name_operand_0x0022,モコン,Mokon,Mokon,CONSUMER_PROVEN,CONTEXT_RESOLVED,TRANSLATION_APPROVED,STATIC_WIDTH_PRECHECK_PASS,NOT_INTEGRATED,NOT_VALIDATED
SCRIPT_NAME_OP22_19D856,0x19,0x19D856,0x19D854,script_name_operand_0x0022,ユーベス,Yube,Yube,CONSUMER_PROVEN,CONTEXT_RESOLVED,TRANSLATION_APPROVED,STATIC_WIDTH_PRECHECK_PASS,NOT_INTEGRATED,NOT_VALIDATED
SCRIPT_NAME_OP22_19DA9C,0x19,0x19DA9C,0x19DA9A,script_name_operand_0x0022,ユーベス,Yube,Yube,CONSUMER_PROVEN,CONTEXT_RESOLVED,TRANSLATION_APPROVED,STATIC_WIDTH_PRECHECK_PASS,NOT_INTEGRATED,NOT_VALIDATED
SCRIPT_NAME_OP22_19DBD6,0x19,0x19DBD6,0x19DBD4,script_name_operand_0x0022,ユーベス,Yube,Yube,CONSUMER_PROVEN,CONTEXT_RESOLVED,TRANSLATION_APPROVED,STATIC_WIDTH_PRECHECK_PASS,NOT_INTEGRATED,NOT_VALIDATED
SCRIPT_NAME_OP22_19DEFA,0x19,0x19DEFA,0x19DEF8,script_name_operand_0x0022,ユーベス,Yube,Yube,CONSUMER_PROVEN,CONTEXT_RESOLVED,TRANSLATION_APPROVED,STATIC_WIDTH_PRECHECK_PASS,NOT_INTEGRATED,NOT_VALIDATED
SCRIPT_NAME_OP22_19EF2E,0x19,0x19EF2E,0x19EF2C,script_name_operand_0x0022,スプル,Spuru,Spuru,CONSUMER_PROVEN,CONTEXT_RESOLVED,TRANSLATION_APPROVED,STATIC_WIDTH_PRECHECK_PASS,NOT_INTEGRATED,NOT_VALIDATED
SCRIPT_NAME_OP22_19EF98,0x19,0x19EF98,0x19EF96,script_name_operand_0x0022,エアリエル,Ariel,Ariel,CONSUMER_PROVEN,CONTEXT_RESOLVED,TRANSLATION_APPROVED,STATIC_WIDTH_PRECHECK_PASS,NOT_INTEGRATED,NOT_VALIDATED
SCRIPT_NAME_OP22_1A0650,0x1A,0x1A0650,0x1A064E,script_name_operand_0x0022,ボーグル,Bogle,Bogle,CONSUMER_PROVEN,CONTEXT_RESOLVED,TRANSLATION_APPROVED,STATIC_WIDTH_PRECHECK_PASS,NOT_INTEGRATED,NOT_VALIDATED
SCRIPT_NAME_OP22_1A0744,0x1A,0x1A0744,0x1A0742,script_name_operand_0x0022,ティック,Tick,Tick,CONSUMER_PROVEN,CONTEXT_RESOLVED,TRANSLATION_APPROVED,STATIC_WIDTH_PRECHECK_PASS,NOT_INTEGRATED,NOT_VALIDATED
SCRIPT_NAME_OP22_1A0D38,0x1A,0x1A0D38,0x1A0D36,script_name_operand_0x0022,ペッティー,Petty,Petty,CONSUMER_PROVEN,CONTEXT_RESOLVED,TRANSLATION_APPROVED,STATIC_WIDTH_PRECHECK_PASS,NOT_INTEGRATED,NOT_VALIDATED
SCRIPT_NAME_OP22_1A0EE0,0x1A,0x1A0EE0,0x1A0EDE,script_name_operand_0x0022,ブルベガー,Brubega,Brubega,CONSUMER_PROVEN,CONTEXT_RESOLVED,TRANSLATION_APPROVED,STATIC_WIDTH_PRECHECK_PASS,NOT_INTEGRATED,NOT_VALIDATED
SCRIPT_NAME_OP22_1A10C0,0x1A,0x1A10C0,0x1A10BE,script_name_operand_0x0022,スレイド,Slade,Slade,CONSUMER_PROVEN,CONTEXT_RESOLVED,TRANSLATION_APPROVED,STATIC_WIDTH_PRECHECK_PASS,NOT_INTEGRATED,NOT_VALIDATED
SCRIPT_NAME_OP22_1A11E2,0x1A,0x1A11E2,0x1A11E0,script_name_operand_0x0022,エルフィー,Elfie,Elfie,CONSUMER_PROVEN,CONTEXT_RESOLVED,TRANSLATION_APPROVED,STATIC_WIDTH_PRECHECK_PASS,NOT_INTEGRATED,NOT_VALIDATED
SCRIPT_NAME_OP22_1A14D2,0x1A,0x1A14D2,0x1A14D0,script_name_operand_0x0022,ネル,Nell,Nell,CONSUMER_PROVEN,CONTEXT_RESOLVED,TRANSLATION_APPROVED,STATIC_WIDTH_PRECHECK_PASS,NOT_INTEGRATED,NOT_VALIDATED
SCRIPT_NAME_OP22_1A16E2,0x1A,0x1A16E2,0x1A16E0,script_name_operand_0x0022,シルフィス,Sylphis,Sylphis,CONSUMER_PROVEN,CONTEXT_RESOLVED,TRANSLATION_APPROVED,STATIC_WIDTH_PRECHECK_PASS,NOT_INTEGRATED,NOT_VALIDATED
SCRIPT_NAME_OP22_1A1BBC,0x1A,0x1A1BBC,0x1A1BBA,script_name_operand_0x0022,ギガガ,Gigaga,Gigaga,CONSUMER_PROVEN,CONTEXT_RESOLVED,TRANSLATION_APPROVED,STATIC_WIDTH_PRECHECK_PASS,NOT_INTEGRATED,NOT_VALIDATED
SCRIPT_NAME_OP22_1A5510,0x1A,0x1A5510,0x1A550E,script_name_operand_0x0022,レア,Rea,Rea,CONSUMER_PROVEN,CONTEXT_RESOLVED,TRANSLATION_APPROVED,STATIC_WIDTH_PRECHECK_PASS,NOT_INTEGRATED,NOT_VALIDATED
SCRIPT_NAME_OP22_1A559E,0x1A,0x1A559E,0x1A559C,script_name_operand_0x0022,ゼファー,Zephyr,Zephyr,CONSUMER_PROVEN,CONTEXT_RESOLVED,TRANSLATION_APPROVED,STATIC_WIDTH_PRECHECK_PASS,NOT_INTEGRATED,NOT_VALIDATED
SCRIPT_NAME_OP22_1A5626,0x1A,0x1A5626,0x1A5624,script_name_operand_0x0022,パンチョ,Pancho,Pancho,CONSUMER_PROVEN,CONTEXT_RESOLVED,TRANSLATION_APPROVED,STATIC_WIDTH_PRECHECK_PASS,NOT_INTEGRATED,NOT_VALIDATED
SCRIPT_NAME_OP22_1A6600,0x1A,0x1A6600,0x1A65FE,script_name_operand_0x0022,オラージュ,Orage,Orage,CONSUMER_PROVEN,CONTEXT_RESOLVED,TRANSLATION_APPROVED,STATIC_WIDTH_PRECHECK_PASS,NOT_INTEGRATED,NOT_VALIDATED
SCRIPT_NAME_OP22_1A67E8,0x1A,0x1A67E8,0x1A67E6,script_name_operand_0x0022,パスクル,Pask,Pask,CONSUMER_PROVEN,CONTEXT_RESOLVED,TRANSLATION_APPROVED,STATIC_WIDTH_PRECHECK_PASS,NOT_INTEGRATED,NOT_VALIDATED
SCRIPT_NAME_OP22_1A711C,0x1A,0x1A711C,0x1A711A,script_name_operand_0x0022,スプリガン,Spriggan,Spriggan,CONSUMER_PROVEN,CONTEXT_RESOLVED,TRANSLATION_APPROVED,STATIC_WIDTH_PRECHECK_PASS,NOT_INTEGRATED,NOT_VALIDATED
SCRIPT_NAME_OP22_1A754C,0x1A,0x1A754C,0x1A754A,script_name_operand_0x0022,メケメケ,Mekemeke,Mekemeke,CONSUMER_PROVEN,CONTEXT_RESOLVED,TRANSLATION_APPROVED,STATIC_WIDTH_PRECHECK_PASS,NOT_INTEGRATED,NOT_VALIDATED
SCRIPT_NAME_OP22_1A76AC,0x1A,0x1A76AC,0x1A76AA,script_name_operand_0x0022,ルルド,Lourdes,Lourdes,CONSUMER_PROVEN,CONTEXT_RESOLVED,TRANSLATION_APPROVED,STATIC_WIDTH_PRECHECK_PASS,NOT_INTEGRATED,NOT_VALIDATED
SCRIPT_NAME_OP22_1A9954,0x1A,0x1A9954,0x1A9952,script_name_operand_0x0022,ピッキオ,Picchio,Picchio,CONSUMER_PROVEN,CONTEXT_RESOLVED,TRANSLATION_APPROVED,STATIC_WIDTH_PRECHECK_PASS,NOT_INTEGRATED,NOT_VALIDATED
SCRIPT_NAME_OP22_1AA7CC,0x1A,0x1AA7CC,0x1AA7CA,script_name_operand_0x0022,エジサン,Ejis,Ejis,CONSUMER_PROVEN,CONTEXT_RESOLVED,TRANSLATION_APPROVED,STATIC_WIDTH_PRECHECK_PASS,NOT_INTEGRATED,NOT_VALIDATED
SCRIPT_NAME_OP22_1AB090,0x1A,0x1AB090,0x1AB08E,script_name_operand_0x0022,ラーズール,Lazul,Lazul,CONSUMER_PROVEN,CONTEXT_RESOLVED,TRANSLATION_APPROVED,STATIC_WIDTH_PRECHECK_PASS,NOT_INTEGRATED,NOT_VALIDATED
SCRIPT_NAME_OP22_1AB440,0x1A,0x1AB440,0x1AB43E,script_name_operand_0x0022,ケミス,Chemis,Chemis,CONSUMER_PROVEN,CONTEXT_RESOLVED,TRANSLATION_APPROVED,STATIC_WIDTH_PRECHECK_PASS,NOT_INTEGRATED,NOT_VALIDATED
SCRIPT_NAME_OP22_1B0810,0x1B,0x1B0810,0x1B080E,script_name_operand_0x0022,バルビー,Balbee,Balbee,CONSUMER_PROVEN,CONTEXT_RESOLVED,TRANSLATION_APPROVED,STATIC_WIDTH_PRECHECK_PASS,NOT_INTEGRATED,NOT_VALIDATED
SCRIPT_NAME_OP22_1B0924,0x1B,0x1B0924,0x1B0922,script_name_operand_0x0022,ルシファー,Lucifer,Lucifer,CONSUMER_PROVEN,CONTEXT_RESOLVED,TRANSLATION_APPROVED,STATIC_WIDTH_PRECHECK_PASS,NOT_INTEGRATED,NOT_VALIDATED
SCRIPT_NAME_OP22_1B10CC,0x1B,0x1B10CC,0x1B10CA,script_name_operand_0x0022,ルシファー,Lucifer,Lucifer,CONSUMER_PROVEN,CONTEXT_RESOLVED,TRANSLATION_APPROVED,STATIC_WIDTH_PRECHECK_PASS,NOT_INTEGRATED,NOT_VALIDATED
SCRIPT_NAME_OP22_1B1850,0x1B,0x1B1850,0x1B184E,script_name_operand_0x0022,ボイジャー,Voyager,Voyager,CONSUMER_PROVEN,CONTEXT_RESOLVED,TRANSLATION_APPROVED,STATIC_WIDTH_PRECHECK_PASS,NOT_INTEGRATED,NOT_VALIDATED
SCRIPT_NAME_OP22_1B1C30,0x1B,0x1B1C30,0x1B1C2E,script_name_operand_0x0022,エンゴル,Engor,Engor,CONSUMER_PROVEN,CONTEXT_RESOLVED,TRANSLATION_APPROVED,STATIC_WIDTH_PRECHECK_PASS,NOT_INTEGRATED,NOT_VALIDATED
SCRIPT_NAME_OP22_1B462E,0x1B,0x1B462E,0x1B462C,script_name_operand_0x0022,ペルジプトへいし,Pergypt Soldier,PgySol,CONSUMER_PROVEN,CONTEXT_RESOLVED,TRANSLATION_APPROVED,STATIC_WIDTH_PRECHECK_PASS,NOT_INTEGRATED,NOT_VALIDATED
SCRIPT_NAME_OP22_1B4B7E,0x1B,0x1B4B7E,0x1B4B7C,script_name_operand_0x0022,ラドルース,Ladru,Ladru,CONSUMER_PROVEN,CONTEXT_RESOLVED,TRANSLATION_APPROVED,STATIC_WIDTH_PRECHECK_PASS,NOT_INTEGRATED,NOT_VALIDATED
SCRIPT_NAME_OP22_1B4E06,0x1B,0x1B4E06,0x1B4E04,script_name_operand_0x0022,ライム・ケロ,Lime Kero,LimeKero,CONSUMER_PROVEN,CONTEXT_RESOLVED,TRANSLATION_APPROVED,STATIC_WIDTH_PRECHECK_PASS,NOT_INTEGRATED,NOT_VALIDATED
SCRIPT_NAME_OP22_1B531C,0x1B,0x1B531C,0x1B531A,script_name_operand_0x0022,デデ,Dede,Dede,CONSUMER_PROVEN,CONTEXT_RESOLVED,TRANSLATION_APPROVED,STATIC_WIDTH_PRECHECK_PASS,NOT_INTEGRATED,NOT_VALIDATED
SCRIPT_NAME_OP22_1B5380,0x1B,0x1B5380,0x1B537E,script_name_operand_0x0022,ランバー,Ranba,Ranba,CONSUMER_PROVEN,CONTEXT_RESOLVED,TRANSLATION_APPROVED,STATIC_WIDTH_PRECHECK_PASS,NOT_INTEGRATED,NOT_VALIDATED
SCRIPT_NAME_OP22_1B5650,0x1B,0x1B5650,0x1B564E,script_name_operand_0x0022,スパーク,Spark,Spark,CONSUMER_PROVEN,CONTEXT_RESOLVED,TRANSLATION_APPROVED,STATIC_WIDTH_PRECHECK_PASS,NOT_INTEGRATED,NOT_VALIDATED
SCRIPT_NAME_OP22_1B56C2,0x1B,0x1B56C2,0x1B56C0,script_name_operand_0x0022,ペペ,Pepe,Pepe,CONSUMER_PROVEN,CONTEXT_RESOLVED,TRANSLATION_APPROVED,STATIC_WIDTH_PRECHECK_PASS,NOT_INTEGRATED,NOT_VALIDATED
SCRIPT_NAME_OP22_1B651E,0x1B,0x1B651E,0x1B651C,script_name_operand_0x0022,ラドルース,Ladru,Ladru,CONSUMER_PROVEN,CONTEXT_RESOLVED,TRANSLATION_APPROVED,STATIC_WIDTH_PRECHECK_PASS,NOT_INTEGRATED,NOT_VALIDATED
SCRIPT_NAME_OP22_1B6BD2,0x1B,0x1B6BD2,0x1B6BD0,script_name_operand_0x0022,ラドルース,Ladru,Ladru,CONSUMER_PROVEN,CONTEXT_RESOLVED,TRANSLATION_APPROVED,STATIC_WIDTH_PRECHECK_PASS,NOT_INTEGRATED,NOT_VALIDATED
SCRIPT_NAME_OP22_1B6CA2,0x1B,0x1B6CA2,0x1B6CA0,script_name_operand_0x0022,ラドルース,Ladru,Ladru,CONSUMER_PROVEN,CONTEXT_RESOLVED,TRANSLATION_APPROVED,STATIC_WIDTH_PRECHECK_PASS,NOT_INTEGRATED,NOT_VALIDATED
SCRIPT_NAME_OP22_1B95AC,0x1B,0x1B95AC,0x1B95AA,script_name_operand_0x0022,ヴーガ,Vuga,Vuga,CONSUMER_PROVEN,CONTEXT_RESOLVED,TRANSLATION_APPROVED,STATIC_WIDTH_PRECHECK_PASS,NOT_INTEGRATED,NOT_VALIDATED
SCRIPT_NAME_OP22_1B96BA,0x1B,0x1B96BA,0x1B96B8,script_name_operand_0x0022,ホーミィ,Homie,Homie,CONSUMER_PROVEN,CONTEXT_RESOLVED,TRANSLATION_APPROVED,STATIC_WIDTH_PRECHECK_PASS,NOT_INTEGRATED,NOT_VALIDATED
SCRIPT_NAME_OP22_1B9F4A,0x1B,0x1B9F4A,0x1B9F48,script_name_operand_0x0022,マナナン,Mananan,Mananan,CONSUMER_PROVEN,CONTEXT_RESOLVED,TRANSLATION_APPROVED,STATIC_WIDTH_PRECHECK_PASS,NOT_INTEGRATED,NOT_VALIDATED
SCRIPT_NAME_OP22_1BBEE4,0x1B,0x1BBEE4,0x1BBEE2,script_name_operand_0x0022,メタリコ,Metalico,Metalico,CONSUMER_PROVEN,CONTEXT_RESOLVED,TRANSLATION_APPROVED,STATIC_WIDTH_PRECHECK_PASS,NOT_INTEGRATED,NOT_VALIDATED
SCRIPT_NAME_OP22_1BC150,0x1B,0x1BC150,0x1BC14E,script_name_operand_0x0022,キューティー,Cutie,Cutie,CONSUMER_PROVEN,CONTEXT_RESOLVED,TRANSLATION_APPROVED,STATIC_WIDTH_PRECHECK_PASS,NOT_INTEGRATED,NOT_VALIDATED
SCRIPT_NAME_OP22_1BC312,0x1B,0x1BC312,0x1BC310,script_name_operand_0x0022,メア,Mare,Mare,CONSUMER_PROVEN,CONTEXT_RESOLVED,TRANSLATION_APPROVED,STATIC_WIDTH_PRECHECK_PASS,NOT_INTEGRATED,NOT_VALIDATED
SCRIPT_NAME_OP22_1BC820,0x1B,0x1BC820,0x1BC81E,script_name_operand_0x0022,シール,Seal,Seal,CONSUMER_PROVEN,CONTEXT_RESOLVED,TRANSLATION_APPROVED,STATIC_WIDTH_PRECHECK_PASS,NOT_INTEGRATED,NOT_VALIDATED
SCRIPT_NAME_OP22_1BCA8A,0x1B,0x1BCA8A,0x1BCA88,script_name_operand_0x0022,ウィーヴ,Weave,Weave,CONSUMER_PROVEN,CONTEXT_RESOLVED,TRANSLATION_APPROVED,STATIC_WIDTH_PRECHECK_PASS,NOT_INTEGRATED,NOT_VALIDATED
SCRIPT_NAME_OP22_1BE57C,0x1B,0x1BE57C,0x1BE57A,script_name_operand_0x0022,ウィッチャー,Witcher,Witcher,CONSUMER_PROVEN,CONTEXT_RESOLVED,TRANSLATION_APPROVED,STATIC_WIDTH_PRECHECK_PASS,NOT_INTEGRATED,NOT_VALIDATED
SCRIPT_NAME_OP22_1BE6A8,0x1B,0x1BE6A8,0x1BE6A6,script_name_operand_0x0022,ダムダム,DumDum,DumDum,CONSUMER_PROVEN,CONTEXT_RESOLVED,TRANSLATION_APPROVED,STATIC_WIDTH_PRECHECK_PASS,NOT_INTEGRATED,NOT_VALIDATED
SCRIPT_NAME_OP22_1BE804,0x1B,0x1BE804,0x1BE802,script_name_operand_0x0022,レイヴン,Raven,Raven,CONSUMER_PROVEN,CONTEXT_RESOLVED,TRANSLATION_APPROVED,STATIC_WIDTH_PRECHECK_PASS,NOT_INTEGRATED,NOT_VALIDATED
SCRIPT_NAME_OP22_1BF202,0x1B,0x1BF202,0x1BF200,script_name_operand_0x0022,ブッカブー,Bukkaboo,Bukkaboo,CONSUMER_PROVEN,CONTEXT_RESOLVED,TRANSLATION_APPROVED,STATIC_WIDTH_PRECHECK_PASS,NOT_INTEGRATED,NOT_VALIDATED
SCRIPT_NAME_OP22_1BF27E,0x1B,0x1BF27E,0x1BF27C,script_name_operand_0x0022,モズィ,Mozi,Mozi,CONSUMER_PROVEN,CONTEXT_RESOLVED,TRANSLATION_APPROVED,STATIC_WIDTH_PRECHECK_PASS,NOT_INTEGRATED,NOT_VALIDATED
SCRIPT_NAME_OP22_1BFE3A,0x1B,0x1BFE3A,0x1BFE38,script_name_operand_0x0022,クリム・アー,Crim A,Crim A,CONSUMER_PROVEN,CONTEXT_RESOLVED,TRANSLATION_APPROVED,STATIC_WIDTH_PRECHECK_PASS,NOT_INTEGRATED,NOT_VALIDATED
SCRIPT_NAME_OP22_1BFEAA,0x1B,0x1BFEAA,0x1BFEA8,script_name_operand_0x0022,リンネ,Rinne,Rinne,CONSUMER_PROVEN,CONTEXT_RESOLVED,TRANSLATION_APPROVED,STATIC_WIDTH_PRECHECK_PASS,NOT_INTEGRATED,NOT_VALIDATED
SCRIPT_NAME_OP22_1BFF7C,0x1B,0x1BFF7C,0x1BFF7A,script_name_operand_0x0022,モーラルド,Morald,Morald,CONSUMER_PROVEN,CONTEXT_RESOLVED,TRANSLATION_APPROVED,STATIC_WIDTH_PRECHECK_PASS,NOT_INTEGRATED,NOT_VALIDATED
SCRIPT_NAME_OP22_1C1B0E,0x1C,0x1C1B0E,0x1C1B0C,script_name_operand_0x0022,ライノット,Lynott,Lynott,CONSUMER_PROVEN,CONTEXT_RESOLVED,TRANSLATION_APPROVED,STATIC_WIDTH_PRECHECK_PASS,NOT_INTEGRATED,NOT_VALIDATED
SCRIPT_NAME_OP22_1C2100,0x1C,0x1C2100,0x1C20FE,script_name_operand_0x0022,イリア,Ilia,Ilia,CONSUMER_PROVEN,CONTEXT_RESOLVED,TRANSLATION_APPROVED,STATIC_WIDTH_PRECHECK_PASS,NOT_INTEGRATED,NOT_VALIDATED
SCRIPT_NAME_OP22_1C21CC,0x1C,0x1C21CC,0x1C21CA,script_name_operand_0x0022,キッチキコッチキ,Kitchikikotchiki,Kitchiki,CONSUMER_PROVEN,CONTEXT_RESOLVED,TRANSLATION_APPROVED,STATIC_WIDTH_PRECHECK_PASS,NOT_INTEGRATED,NOT_VALIDATED
SCRIPT_NAME_OP22_1C4756,0x1C,0x1C4756,0x1C4754,script_name_operand_0x0022,ハーベル,Habel,Habel,CONSUMER_PROVEN,CONTEXT_RESOLVED,TRANSLATION_APPROVED,STATIC_WIDTH_PRECHECK_PASS,NOT_INTEGRATED,NOT_VALIDATED
SCRIPT_NAME_OP22_1C48D8,0x1C,0x1C48D8,0x1C48D6,script_name_operand_0x0022,アージェス,Arges,Arges,CONSUMER_PROVEN,CONTEXT_RESOLVED,TRANSLATION_APPROVED,STATIC_WIDTH_PRECHECK_PASS,NOT_INTEGRATED,NOT_VALIDATED
SCRIPT_NAME_OP22_1C4F4A,0x1C,0x1C4F4A,0x1C4F48,script_name_operand_0x0022,ピコット,Picot,Picot,CONSUMER_PROVEN,CONTEXT_RESOLVED,TRANSLATION_APPROVED,STATIC_WIDTH_PRECHECK_PASS,NOT_INTEGRATED,NOT_VALIDATED
SCRIPT_NAME_OP22_1C52F0,0x1C,0x1C52F0,0x1C52EE,script_name_operand_0x0022,メロー,Mellow,Mellow,CONSUMER_PROVEN,CONTEXT_RESOLVED,TRANSLATION_APPROVED,STATIC_WIDTH_PRECHECK_PASS,NOT_INTEGRATED,NOT_VALIDATED
SCRIPT_NAME_OP22_1C57CA,0x1C,0x1C57CA,0x1C57C8,script_name_operand_0x0022,ヴァウルド,Vauld,Vauld,CONSUMER_PROVEN,CONTEXT_RESOLVED,TRANSLATION_APPROVED,STATIC_WIDTH_PRECHECK_PASS,NOT_INTEGRATED,NOT_VALIDATED
SCRIPT_NAME_OP22_1C5A3C,0x1C,0x1C5A3C,0x1C5A3A,script_name_operand_0x0022,エミュール,Emule,Emule,CONSUMER_PROVEN,CONTEXT_RESOLVED,TRANSLATION_APPROVED,STATIC_WIDTH_PRECHECK_PASS,NOT_INTEGRATED,NOT_VALIDATED
SCRIPT_NAME_OP22_1C5AA6,0x1C,0x1C5AA6,0x1C5AA4,script_name_operand_0x0022,ボーチュン,Bochun,Bochun,CONSUMER_PROVEN,CONTEXT_RESOLVED,TRANSLATION_APPROVED,STATIC_WIDTH_PRECHECK_PASS,NOT_INTEGRATED,NOT_VALIDATED
SCRIPT_NAME_OP22_1C5B58,0x1C,0x1C5B58,0x1C5B56,script_name_operand_0x0022,アルルル,Arururu,Arururu,CONSUMER_PROVEN,CONTEXT_RESOLVED,TRANSLATION_APPROVED,STATIC_WIDTH_PRECHECK_PASS,NOT_INTEGRATED,NOT_VALIDATED
SCRIPT_NAME_OP22_1C698A,0x1C,0x1C698A,0x1C6988,script_name_operand_0x0022,プッカ,Pukka,Pukka,CONSUMER_PROVEN,CONTEXT_RESOLVED,TRANSLATION_APPROVED,STATIC_WIDTH_PRECHECK_PASS,NOT_INTEGRATED,NOT_VALIDATED
SCRIPT_NAME_OP22_1C6EE0,0x1C,0x1C6EE0,0x1C6EDE,script_name_operand_0x0022,リリアン,Lillian,Lillian,CONSUMER_PROVEN,CONTEXT_RESOLVED,TRANSLATION_APPROVED,STATIC_WIDTH_PRECHECK_PASS,NOT_INTEGRATED,NOT_VALIDATED
SCRIPT_NAME_OP22_1C7348,0x1C,0x1C7348,0x1C7346,script_name_operand_0x0022,オデオン,Odeon,Odeon,CONSUMER_PROVEN,CONTEXT_RESOLVED,TRANSLATION_APPROVED,STATIC_WIDTH_PRECHECK_PASS,NOT_INTEGRATED,NOT_VALIDATED
SCRIPT_NAME_OP22_1C7BD2,0x1C,0x1C7BD2,0x1C7BD0,script_name_operand_0x0022,キルミスター,Killmaster,KillMstr,CONSUMER_PROVEN,CONTEXT_RESOLVED,TRANSLATION_APPROVED,STATIC_WIDTH_PRECHECK_PASS,NOT_INTEGRATED,NOT_VALIDATED
SCRIPT_NAME_OP22_1C7C3E,0x1C,0x1C7C3E,0x1C7C3C,script_name_operand_0x0022,ピピン,Pippin,Pippin,CONSUMER_PROVEN,CONTEXT_RESOLVED,TRANSLATION_APPROVED,STATIC_WIDTH_PRECHECK_PASS,NOT_INTEGRATED,NOT_VALIDATED
SCRIPT_NAME_OP22_1CB0D6,0x1C,0x1CB0D6,0x1CB0D4,script_name_operand_0x0022,シーハン,Sheehan,Sheehan,CONSUMER_PROVEN,CONTEXT_RESOLVED,TRANSLATION_APPROVED,STATIC_WIDTH_PRECHECK_PASS,NOT_INTEGRATED,NOT_VALIDATED
SCRIPT_NAME_OP22_1CB10E,0x1C,0x1CB10E,0x1CB10C,script_name_operand_0x0022,トレーダーキッド,Trader Kid,TradrKid,CONSUMER_PROVEN,CONTEXT_RESOLVED,TRANSLATION_APPROVED,STATIC_WIDTH_PRECHECK_PASS,NOT_INTEGRATED,NOT_VALIDATED
SCRIPT_NAME_OP22_1CB250,0x1C,0x1CB250,0x1CB24E,script_name_operand_0x0022,トレーダーキッド,Trader Kid,TradrKid,CONSUMER_PROVEN,CONTEXT_RESOLVED,TRANSLATION_APPROVED,STATIC_WIDTH_PRECHECK_PASS,NOT_INTEGRATED,NOT_VALIDATED
SCRIPT_NAME_OP22_1CBA6E,0x1C,0x1CBA6E,0x1CBA6C,script_name_operand_0x0022,サンディ,Sandy,Sandy,CONSUMER_PROVEN,CONTEXT_RESOLVED,TRANSLATION_APPROVED,STATIC_WIDTH_PRECHECK_PASS,NOT_INTEGRATED,NOT_VALIDATED
SCRIPT_NAME_OP22_1CBE56,0x1C,0x1CBE56,0x1CBE54,script_name_operand_0x0022,ヴァルナック,Valnack,Valnack,CONSUMER_PROVEN,CONTEXT_RESOLVED,TRANSLATION_APPROVED,STATIC_WIDTH_PRECHECK_PASS,NOT_INTEGRATED,NOT_VALIDATED
SCRIPT_NAME_OP22_1CC0D8,0x1C,0x1CC0D8,0x1CC0D6,script_name_operand_0x0022,アンジー,Angi,Angi,CONSUMER_PROVEN,CONTEXT_RESOLVED,TRANSLATION_APPROVED,STATIC_WIDTH_PRECHECK_PASS,NOT_INTEGRATED,NOT_VALIDATED
SCRIPT_NAME_OP22_1CC376,0x1C,0x1CC376,0x1CC374,script_name_operand_0x0022,アイシア,Aishia,Aishia,CONSUMER_PROVEN,CONTEXT_RESOLVED,TRANSLATION_APPROVED,STATIC_WIDTH_PRECHECK_PASS,NOT_INTEGRATED,NOT_VALIDATED
SCRIPT_NAME_OP22_1CDDE2,0x1C,0x1CDDE2,0x1CDDE0,script_name_operand_0x0022,サタン,Satan,Satan,CONSUMER_PROVEN,CONTEXT_RESOLVED,TRANSLATION_APPROVED,STATIC_WIDTH_PRECHECK_PASS,NOT_INTEGRATED,NOT_VALIDATED
SCRIPT_NAME_OP22_1CE12A,0x1C,0x1CE12A,0x1CE128,script_name_operand_0x0022,グリップ,Grip,Grip,CONSUMER_PROVEN,CONTEXT_RESOLVED,TRANSLATION_APPROVED,STATIC_WIDTH_PRECHECK_PASS,NOT_INTEGRATED,NOT_VALIDATED
SCRIPT_NAME_OP22_1CE1F6,0x1C,0x1CE1F6,0x1CE1F4,script_name_operand_0x0022,フィルボルグス,Firbolgs,Firbolgs,CONSUMER_PROVEN,CONTEXT_RESOLVED,TRANSLATION_APPROVED,STATIC_WIDTH_PRECHECK_PASS,NOT_INTEGRATED,NOT_VALIDATED
SCRIPT_NAME_OP22_1CE6A4,0x1C,0x1CE6A4,0x1CE6A2,script_name_operand_0x0022,ザック,Zack,Zack,CONSUMER_PROVEN,CONTEXT_RESOLVED,TRANSLATION_APPROVED,STATIC_WIDTH_PRECHECK_PASS,NOT_INTEGRATED,NOT_VALIDATED
SCRIPT_NAME_OP22_1CE882,0x1C,0x1CE882,0x1CE880,script_name_operand_0x0022,エルノリア,Elnoria,Elnoria,CONSUMER_PROVEN,CONTEXT_RESOLVED,TRANSLATION_APPROVED,STATIC_WIDTH_PRECHECK_PASS,NOT_INTEGRATED,NOT_VALIDATED
SCRIPT_NAME_OP22_1CF602,0x1C,0x1CF602,0x1CF600,script_name_operand_0x0022,アップル,Apple,Apple,CONSUMER_PROVEN,CONTEXT_RESOLVED,TRANSLATION_APPROVED,STATIC_WIDTH_PRECHECK_PASS,NOT_INTEGRATED,NOT_VALIDATED
SCRIPT_NAME_OP22_1CFD36,0x1C,0x1CFD36,0x1CFD34,script_name_operand_0x0022,ランチ,Lunch,Lunch,CONSUMER_PROVEN,CONTEXT_RESOLVED,TRANSLATION_APPROVED,STATIC_WIDTH_PRECHECK_PASS,NOT_INTEGRATED,NOT_VALIDATED
SCRIPT_NAME_OP22_1CFEFE,0x1C,0x1CFEFE,0x1CFEFC,script_name_operand_0x0022,シャイニー,Shiny,Shiny,CONSUMER_PROVEN,CONTEXT_RESOLVED,TRANSLATION_APPROVED,STATIC_WIDTH_PRECHECK_PASS,NOT_INTEGRATED,NOT_VALIDATED
SCRIPT_NAME_OP22_1CFF70,0x1C,0x1CFF70,0x1CFF6E,script_name_operand_0x0022,グリゴリ,Grigori,Grigori,CONSUMER_PROVEN,CONTEXT_RESOLVED,TRANSLATION_APPROVED,STATIC_WIDTH_PRECHECK_PASS,NOT_INTEGRATED,NOT_VALIDATED
SCRIPT_NAME_OP22_1D1FD6,0x1D,0x1D1FD6,0x1D1FD4,script_name_operand_0x0022,ホライズン,Horizon,Horizon,CONSUMER_PROVEN,CONTEXT_RESOLVED,TRANSLATION_APPROVED,STATIC_WIDTH_PRECHECK_PASS,NOT_INTEGRATED,NOT_VALIDATED
SCRIPT_NAME_OP22_1D20C4,0x1D,0x1D20C4,0x1D20C2,script_name_operand_0x0022,ピーポ,Peepo,Peepo,CONSUMER_PROVEN,CONTEXT_RESOLVED,TRANSLATION_APPROVED,STATIC_WIDTH_PRECHECK_PASS,NOT_INTEGRATED,NOT_VALIDATED
SCRIPT_NAME_OP22_1D21B2,0x1D,0x1D21B2,0x1D21B0,script_name_operand_0x0022,ファイン,Fine,Fine,CONSUMER_PROVEN,CONTEXT_RESOLVED,TRANSLATION_APPROVED,STATIC_WIDTH_PRECHECK_PASS,NOT_INTEGRATED,NOT_VALIDATED
SCRIPT_NAME_OP22_1D221E,0x1D,0x1D221E,0x1D221C,script_name_operand_0x0022,ルゼル,Luzel,Luzel,CONSUMER_PROVEN,CONTEXT_RESOLVED,TRANSLATION_APPROVED,STATIC_WIDTH_PRECHECK_PASS,NOT_INTEGRATED,NOT_VALIDATED
SCRIPT_NAME_OP22_1D240C,0x1D,0x1D240C,0x1D240A,script_name_operand_0x0022,ケルロン,Kerlon,Kerlon,CONSUMER_PROVEN,CONTEXT_RESOLVED,TRANSLATION_APPROVED,STATIC_WIDTH_PRECHECK_PASS,NOT_INTEGRATED,NOT_VALIDATED
SCRIPT_NAME_OP22_1D247C,0x1D,0x1D247C,0x1D247A,script_name_operand_0x0022,チルド,Childe,Childe,CONSUMER_PROVEN,CONTEXT_RESOLVED,TRANSLATION_APPROVED,STATIC_WIDTH_PRECHECK_PASS,NOT_INTEGRATED,NOT_VALIDATED
SCRIPT_NAME_OP22_1D25E0,0x1D,0x1D25E0,0x1D25DE,script_name_operand_0x0022,オルディン,Ordin,Ordin,CONSUMER_PROVEN,CONTEXT_RESOLVED,TRANSLATION_APPROVED,STATIC_WIDTH_PRECHECK_PASS,NOT_INTEGRATED,NOT_VALIDATED
SCRIPT_NAME_OP22_1D2A8E,0x1D,0x1D2A8E,0x1D2A8C,script_name_operand_0x0022,オルディン,Ordin,Ordin,CONSUMER_PROVEN,CONTEXT_RESOLVED,TRANSLATION_APPROVED,STATIC_WIDTH_PRECHECK_PASS,NOT_INTEGRATED,NOT_VALIDATED
SCRIPT_NAME_OP22_1D2BD4,0x1D,0x1D2BD4,0x1D2BD2,script_name_operand_0x0022,オルディン,Ordin,Ordin,CONSUMER_PROVEN,CONTEXT_RESOLVED,TRANSLATION_APPROVED,STATIC_WIDTH_PRECHECK_PASS,NOT_INTEGRATED,NOT_VALIDATED
SCRIPT_NAME_OP22_1D2CDE,0x1D,0x1D2CDE,0x1D2CDC,script_name_operand_0x0022,オルディン,Ordin,Ordin,CONSUMER_PROVEN,CONTEXT_RESOLVED,TRANSLATION_APPROVED,STATIC_WIDTH_PRECHECK_PASS,NOT_INTEGRATED,NOT_VALIDATED
SCRIPT_NAME_OP22_1D3A90,0x1D,0x1D3A90,0x1D3A8E,script_name_operand_0x0022,セルヴァ,Selva,Selva,CONSUMER_PROVEN,CONTEXT_RESOLVED,TRANSLATION_APPROVED,STATIC_WIDTH_PRECHECK_PASS,NOT_INTEGRATED,NOT_VALIDATED
SCRIPT_NAME_OP22_1D42D0,0x1D,0x1D42D0,0x1D42CE,script_name_operand_0x0022,ドランク,Drunk,Drunk,CONSUMER_PROVEN,CONTEXT_RESOLVED,TRANSLATION_APPROVED,STATIC_WIDTH_PRECHECK_PASS,NOT_INTEGRATED,NOT_VALIDATED
SCRIPT_NAME_OP22_1D4338,0x1D,0x1D4338,0x1D4336,script_name_operand_0x0022,ソール・ドゥー,Sol Du,Sol Du,CONSUMER_PROVEN,CONTEXT_RESOLVED,TRANSLATION_APPROVED,STATIC_WIDTH_PRECHECK_PASS,NOT_INTEGRATED,NOT_VALIDATED
SCRIPT_NAME_OP22_1D66AA,0x1D,0x1D66AA,0x1D66A8,script_name_operand_0x0022,ローン,Lone,Lone,CONSUMER_PROVEN,CONTEXT_RESOLVED,TRANSLATION_APPROVED,STATIC_WIDTH_PRECHECK_PASS,NOT_INTEGRATED,NOT_VALIDATED
SCRIPT_NAME_OP22_1D67E8,0x1D,0x1D67E8,0x1D67E6,script_name_operand_0x0022,ヤモック,Yamock,Yamock,CONSUMER_PROVEN,CONTEXT_RESOLVED,TRANSLATION_APPROVED,STATIC_WIDTH_PRECHECK_PASS,NOT_INTEGRATED,NOT_VALIDATED
SCRIPT_NAME_OP22_1D6AD0,0x1D,0x1D6AD0,0x1D6ACE,script_name_operand_0x0022,ジュジュ,Juju,Juju,CONSUMER_PROVEN,CONTEXT_RESOLVED,TRANSLATION_APPROVED,STATIC_WIDTH_PRECHECK_PASS,NOT_INTEGRATED,NOT_VALIDATED
SCRIPT_NAME_OP22_1D7F64,0x1D,0x1D7F64,0x1D7F62,script_name_operand_0x0022,ノッカー,Knocker,Knocker,CONSUMER_PROVEN,CONTEXT_RESOLVED,TRANSLATION_APPROVED,STATIC_WIDTH_PRECHECK_PASS,NOT_INTEGRATED,NOT_VALIDATED
SCRIPT_NAME_OP22_1D83D2,0x1D,0x1D83D2,0x1D83D0,script_name_operand_0x0022,チョコチョコ,ChocoChoco,ChocoCho,CONSUMER_PROVEN,CONTEXT_RESOLVED,TRANSLATION_APPROVED,STATIC_WIDTH_PRECHECK_PASS,NOT_INTEGRATED,NOT_VALIDATED
SCRIPT_NAME_OP22_1D859E,0x1D,0x1D859E,0x1D859C,script_name_operand_0x0022,リオス,Rios,Rios,CONSUMER_PROVEN,CONTEXT_RESOLVED,TRANSLATION_APPROVED,STATIC_WIDTH_PRECHECK_PASS,NOT_INTEGRATED,NOT_VALIDATED
SCRIPT_NAME_OP22_1D8608,0x1D,0x1D8608,0x1D8606,script_name_operand_0x0022,レモン,Lemon,Lemon,CONSUMER_PROVEN,CONTEXT_RESOLVED,TRANSLATION_APPROVED,STATIC_WIDTH_PRECHECK_PASS,NOT_INTEGRATED,NOT_VALIDATED
SCRIPT_NAME_OP22_1D9254,0x1D,0x1D9254,0x1D9252,script_name_operand_0x0022,ト,To,To,CONSUMER_PROVEN,CONTEXT_RESOLVED,TRANSLATION_APPROVED,STATIC_WIDTH_PRECHECK_PASS,NOT_INTEGRATED,NOT_VALIDATED
SCRIPT_NAME_OP22_1D93EA,0x1D,0x1D93EA,0x1D93E8,script_name_operand_0x0022,ベルフェゴー,Belphegor,Belphego,CONSUMER_PROVEN,CONTEXT_RESOLVED,TRANSLATION_APPROVED,STATIC_WIDTH_PRECHECK_PASS,NOT_INTEGRATED,NOT_VALIDATED
SCRIPT_NAME_OP22_1D98D4,0x1D,0x1D98D4,0x1D98D2,script_name_operand_0x0022,ミューズ,Muse,Muse,CONSUMER_PROVEN,CONTEXT_RESOLVED,TRANSLATION_APPROVED,STATIC_WIDTH_PRECHECK_PASS,NOT_INTEGRATED,NOT_VALIDATED
SCRIPT_NAME_OP22_1D9A32,0x1D,0x1D9A32,0x1D9A30,script_name_operand_0x0022,ゲンマ,Genma,Genma,CONSUMER_PROVEN,CONTEXT_RESOLVED,TRANSLATION_APPROVED,STATIC_WIDTH_PRECHECK_PASS,NOT_INTEGRATED,NOT_VALIDATED
SCRIPT_NAME_OP22_1DB718,0x1D,0x1DB718,0x1DB716,script_name_operand_0x0022,ソール・アン,Sol Ann,Sol Ann,CONSUMER_PROVEN,CONTEXT_RESOLVED,TRANSLATION_APPROVED,STATIC_WIDTH_PRECHECK_PASS,NOT_INTEGRATED,NOT_VALIDATED
SCRIPT_NAME_OP22_1DB7BE,0x1D,0x1DB7BE,0x1DB7BC,script_name_operand_0x0022,マーヤ,Maya,Maya,CONSUMER_PROVEN,CONTEXT_RESOLVED,TRANSLATION_APPROVED,STATIC_WIDTH_PRECHECK_PASS,NOT_INTEGRATED,NOT_VALIDATED
SCRIPT_NAME_OP22_1DBA00,0x1D,0x1DBA00,0x1DB9FE,script_name_operand_0x0022,ベルフェゴー,Belphegor,Belphego,CONSUMER_PROVEN,CONTEXT_RESOLVED,TRANSLATION_APPROVED,STATIC_WIDTH_PRECHECK_PASS,NOT_INTEGRATED,NOT_VALIDATED
SCRIPT_NAME_OP22_1DBB9E,0x1D,0x1DBB9E,0x1DBB9C,script_name_operand_0x0022,ベルフェゴー,Belphegor,Belphego,CONSUMER_PROVEN,CONTEXT_RESOLVED,TRANSLATION_APPROVED,STATIC_WIDTH_PRECHECK_PASS,NOT_INTEGRATED,NOT_VALIDATED
SCRIPT_NAME_OP22_1DC0EE,0x1D,0x1DC0EE,0x1DC0EC,script_name_operand_0x0022,フェンリル,Fenrir,Fenrir,CONSUMER_PROVEN,CONTEXT_RESOLVED,TRANSLATION_APPROVED,STATIC_WIDTH_PRECHECK_PASS,NOT_INTEGRATED,NOT_VALIDATED
SCRIPT_NAME_OP22_1DC1BE,0x1D,0x1DC1BE,0x1DC1BC,script_name_operand_0x0022,フェンリル,Fenrir,Fenrir,CONSUMER_PROVEN,CONTEXT_RESOLVED,TRANSLATION_APPROVED,STATIC_WIDTH_PRECHECK_PASS,NOT_INTEGRATED,NOT_VALIDATED
SCRIPT_NAME_OP22_1DC642,0x1D,0x1DC642,0x1DC640,script_name_operand_0x0022,ファビット,Fabit,Fabit,CONSUMER_PROVEN,CONTEXT_RESOLVED,TRANSLATION_APPROVED,STATIC_WIDTH_PRECHECK_PASS,NOT_INTEGRATED,NOT_VALIDATED
SCRIPT_NAME_OP22_1DEC82,0x1D,0x1DEC82,0x1DEC80,script_name_operand_0x0022,アスモデウス,Asmodeus,Asmodeus,CONSUMER_PROVEN,CONTEXT_RESOLVED,TRANSLATION_APPROVED,STATIC_WIDTH_PRECHECK_PASS,NOT_INTEGRATED,NOT_VALIDATED
SCRIPT_NAME_OP22_1E265E,0x1E,0x1E265E,0x1E265C,script_name_operand_0x0022,アスモデウス,Asmodeus,Asmodeus,CONSUMER_PROVEN,CONTEXT_RESOLVED,TRANSLATION_APPROVED,STATIC_WIDTH_PRECHECK_PASS,NOT_INTEGRATED,NOT_VALIDATED
SCRIPT_NAME_OP22_1E8058,0x1E,0x1E8058,0x1E8056,script_name_operand_0x0022,ピボット,Pivot,Pivot,CONSUMER_PROVEN,CONTEXT_RESOLVED,TRANSLATION_APPROVED,STATIC_WIDTH_PRECHECK_PASS,NOT_INTEGRATED,NOT_VALIDATED
SCRIPT_NAME_OP22_1E8346,0x1E,0x1E8346,0x1E8344,script_name_operand_0x0022,ブラウン,Brown,Brown,CONSUMER_PROVEN,CONTEXT_RESOLVED,TRANSLATION_APPROVED,STATIC_WIDTH_PRECHECK_PASS,NOT_INTEGRATED,NOT_VALIDATED
SCRIPT_NAME_OP22_1E8D4E,0x1E,0x1E8D4E,0x1E8D4C,script_name_operand_0x0022,ユッキー,Yukky,Yukky,CONSUMER_PROVEN,CONTEXT_RESOLVED,TRANSLATION_APPROVED,STATIC_WIDTH_PRECHECK_PASS,NOT_INTEGRATED,NOT_VALIDATED
SCRIPT_NAME_OP22_1E989A,0x1E,0x1E989A,0x1E9898,script_name_operand_0x0022,シーザン,Shizan,Shizan,CONSUMER_PROVEN,CONTEXT_RESOLVED,TRANSLATION_APPROVED,STATIC_WIDTH_PRECHECK_PASS,NOT_INTEGRATED,NOT_VALIDATED
SCRIPT_NAME_OP22_1E99D0,0x1E,0x1E99D0,0x1E99CE,script_name_operand_0x0022,ガンジェ,Ganje,Ganje,CONSUMER_PROVEN,CONTEXT_RESOLVED,TRANSLATION_APPROVED,STATIC_WIDTH_PRECHECK_PASS,NOT_INTEGRATED,NOT_VALIDATED
SCRIPT_NAME_OP22_1E9AC8,0x1E,0x1E9AC8,0x1E9AC6,script_name_operand_0x0022,いんぎまる,Ingimaru,Ingimaru,CONSUMER_PROVEN,CONTEXT_RESOLVED,TRANSLATION_APPROVED,STATIC_WIDTH_PRECHECK_PASS,NOT_INTEGRATED,NOT_VALIDATED
SCRIPT_NAME_OP22_1EA1DC,0x1E,0x1EA1DC,0x1EA1DA,script_name_operand_0x0022,コモコモ,Komokomo,Komokomo,CONSUMER_PROVEN,CONTEXT_RESOLVED,TRANSLATION_APPROVED,STATIC_WIDTH_PRECHECK_PASS,NOT_INTEGRATED,NOT_VALIDATED
SCRIPT_NAME_OP22_1EA248,0x1E,0x1EA248,0x1EA246,script_name_operand_0x0022,チコリ,Chicory,Chicory,CONSUMER_PROVEN,CONTEXT_RESOLVED,TRANSLATION_APPROVED,STATIC_WIDTH_PRECHECK_PASS,NOT_INTEGRATED,NOT_VALIDATED
SCRIPT_NAME_OP22_1EA67C,0x1E,0x1EA67C,0x1EA67A,script_name_operand_0x0022,スウィート,Sweet,Sweet,CONSUMER_PROVEN,CONTEXT_RESOLVED,TRANSLATION_APPROVED,STATIC_WIDTH_PRECHECK_PASS,NOT_INTEGRATED,NOT_VALIDATED
SCRIPT_NAME_OP22_1EA6E8,0x1E,0x1EA6E8,0x1EA6E6,script_name_operand_0x0022,キララ,Kirara,Kirara,CONSUMER_PROVEN,CONTEXT_RESOLVED,TRANSLATION_APPROVED,STATIC_WIDTH_PRECHECK_PASS,NOT_INTEGRATED,NOT_VALIDATED
SCRIPT_NAME_OP22_1EA74E,0x1E,0x1EA74E,0x1EA74C,script_name_operand_0x0022,ユギ,Yugi,Yugi,CONSUMER_PROVEN,CONTEXT_RESOLVED,TRANSLATION_APPROVED,STATIC_WIDTH_PRECHECK_PASS,NOT_INTEGRATED,NOT_VALIDATED
SCRIPT_NAME_OP22_1EBA72,0x1E,0x1EBA72,0x1EBA70,script_name_operand_0x0022,ボーハン,Bohan,Bohan,CONSUMER_PROVEN,CONTEXT_RESOLVED,TRANSLATION_APPROVED,STATIC_WIDTH_PRECHECK_PASS,NOT_INTEGRATED,NOT_VALIDATED
SCRIPT_NAME_OP22_1EC228,0x1E,0x1EC228,0x1EC226,script_name_operand_0x0022,マンモン,Mammon,Mammon,CONSUMER_PROVEN,CONTEXT_RESOLVED,TRANSLATION_APPROVED,STATIC_WIDTH_PRECHECK_PASS,NOT_INTEGRATED,NOT_VALIDATED
SCRIPT_NAME_OP22_1ECD7C,0x1E,0x1ECD7C,0x1ECD7A,script_name_operand_0x0022,クイン,Quinn,Quinn,CONSUMER_PROVEN,CONTEXT_RESOLVED,TRANSLATION_APPROVED,STATIC_WIDTH_PRECHECK_PASS,NOT_INTEGRATED,NOT_VALIDATED
SCRIPT_NAME_OP22_1EEBDC,0x1E,0x1EEBDC,0x1EEBDA,script_name_operand_0x0022,マンモン,Mammon,Mammon,CONSUMER_PROVEN,CONTEXT_RESOLVED,TRANSLATION_APPROVED,STATIC_WIDTH_PRECHECK_PASS,NOT_INTEGRATED,NOT_VALIDATED
SCRIPT_NAME_OP22_1EF17E,0x1E,0x1EF17E,0x1EF17C,script_name_operand_0x0022,ガジゴジ,Gajigoji,Gajigoji,CONSUMER_PROVEN,CONTEXT_RESOLVED,TRANSLATION_APPROVED,STATIC_WIDTH_PRECHECK_PASS,NOT_INTEGRATED,NOT_VALIDATED
SCRIPT_NAME_OP22_1EF1E6,0x1E,0x1EF1E6,0x1EF1E4,script_name_operand_0x0022,プリズモ,Prismo,Prismo,CONSUMER_PROVEN,CONTEXT_RESOLVED,TRANSLATION_APPROVED,STATIC_WIDTH_PRECHECK_PASS,NOT_INTEGRATED,NOT_VALIDATED
SCRIPT_NAME_OP22_1EF378,0x1E,0x1EF378,0x1EF376,script_name_operand_0x0022,ビブラー,Bibler,Bibler,CONSUMER_PROVEN,CONTEXT_RESOLVED,TRANSLATION_APPROVED,STATIC_WIDTH_PRECHECK_PASS,NOT_INTEGRATED,NOT_VALIDATED
SCRIPT_NAME_OP22_1EFBC8,0x1E,0x1EFBC8,0x1EFBC6,script_name_operand_0x0022,チャム,Cham,Cham,CONSUMER_PROVEN,CONTEXT_RESOLVED,TRANSLATION_APPROVED,STATIC_WIDTH_PRECHECK_PASS,NOT_INTEGRATED,NOT_VALIDATED
SCRIPT_NAME_OP22_1EFD14,0x1E,0x1EFD14,0x1EFD12,script_name_operand_0x0022,せり,Seri,Seri,CONSUMER_PROVEN,CONTEXT_RESOLVED,TRANSLATION_APPROVED,STATIC_WIDTH_PRECHECK_PASS,NOT_INTEGRATED,NOT_VALIDATED
SCRIPT_NAME_OP22_1EFD84,0x1E,0x1EFD84,0x1EFD82,script_name_operand_0x0022,バルバッコ,Barbacco,Barbacco,CONSUMER_PROVEN,CONTEXT_RESOLVED,TRANSLATION_APPROVED,STATIC_WIDTH_PRECHECK_PASS,NOT_INTEGRATED,NOT_VALIDATED
SCRIPT_NAME_OP22_1F0546,0x1F,0x1F0546,0x1F0544,script_name_operand_0x0022,レク,Rek,Rek,CONSUMER_PROVEN,CONTEXT_RESOLVED,TRANSLATION_APPROVED,STATIC_WIDTH_PRECHECK_PASS,NOT_INTEGRATED,NOT_VALIDATED
SCRIPT_NAME_OP22_1F0876,0x1F,0x1F0876,0x1F0874,script_name_operand_0x0022,リーハン,Riha,Riha,CONSUMER_PROVEN,CONTEXT_RESOLVED,TRANSLATION_APPROVED,STATIC_WIDTH_PRECHECK_PASS,NOT_INTEGRATED,NOT_VALIDATED
SCRIPT_NAME_OP22_1F12B2,0x1F,0x1F12B2,0x1F12B0,script_name_operand_0x0022,サフラ,Safra,Safra,CONSUMER_PROVEN,CONTEXT_RESOLVED,TRANSLATION_APPROVED,STATIC_WIDTH_PRECHECK_PASS,NOT_INTEGRATED,NOT_VALIDATED
SCRIPT_NAME_OP22_1F14CA,0x1F,0x1F14CA,0x1F14C8,script_name_operand_0x0022,クシュラ,Kushra,Kushra,CONSUMER_PROVEN,CONTEXT_RESOLVED,TRANSLATION_APPROVED,STATIC_WIDTH_PRECHECK_PASS,NOT_INTEGRATED,NOT_VALIDATED
SCRIPT_NAME_OP22_1F16B6,0x1F,0x1F16B6,0x1F16B4,script_name_operand_0x0022,リヴァイアサン,Leviathan,Leviath,CONSUMER_PROVEN,CONTEXT_RESOLVED,TRANSLATION_APPROVED,STATIC_WIDTH_PRECHECK_PASS,NOT_INTEGRATED,NOT_VALIDATED
SCRIPT_NAME_OP22_1F2760,0x1F,0x1F2760,0x1F275E,script_name_operand_0x0022,リヴァイアサン,Leviathan,Leviath,CONSUMER_PROVEN,CONTEXT_RESOLVED,TRANSLATION_APPROVED,STATIC_WIDTH_PRECHECK_PASS,NOT_INTEGRATED,NOT_VALIDATED
SCRIPT_NAME_OP22_1F2A70,0x1F,0x1F2A70,0x1F2A6E,script_name_operand_0x0022,チョチョポロン,Chocho Poron,ChochoPo,CONSUMER_PROVEN,CONTEXT_RESOLVED,TRANSLATION_APPROVED,STATIC_WIDTH_PRECHECK_PASS,NOT_INTEGRATED,NOT_VALIDATED
SCRIPT_NAME_OP22_1F2CF4,0x1F,0x1F2CF4,0x1F2CF2,script_name_operand_0x0022,ぎんが,Ginga,Ginga,CONSUMER_PROVEN,CONTEXT_RESOLVED,TRANSLATION_APPROVED,STATIC_WIDTH_PRECHECK_PASS,NOT_INTEGRATED,NOT_VALIDATED
SCRIPT_NAME_OP22_1F2FB6,0x1F,0x1F2FB6,0x1F2FB4,script_name_operand_0x0022,ジールー,Jiru,Jiru,CONSUMER_PROVEN,CONTEXT_RESOLVED,TRANSLATION_APPROVED,STATIC_WIDTH_PRECHECK_PASS,NOT_INTEGRATED,NOT_VALIDATED
SCRIPT_NAME_OP22_1F38D2,0x1F,0x1F38D2,0x1F38D0,script_name_operand_0x0022,アーピ,Arpi,Arpi,CONSUMER_PROVEN,CONTEXT_RESOLVED,TRANSLATION_APPROVED,STATIC_WIDTH_PRECHECK_PASS,NOT_INTEGRATED,NOT_VALIDATED
SCRIPT_NAME_OP22_1F3CCE,0x1F,0x1F3CCE,0x1F3CCC,script_name_operand_0x0022,ライム・ライ,Lime Rai,Lime Rai,CONSUMER_PROVEN,CONTEXT_RESOLVED,TRANSLATION_APPROVED,STATIC_WIDTH_PRECHECK_PASS,NOT_INTEGRATED,NOT_VALIDATED
SCRIPT_NAME_OP22_1F3F38,0x1F,0x1F3F38,0x1F3F36,script_name_operand_0x0022,マロス,Maros,Maros,CONSUMER_PROVEN,CONTEXT_RESOLVED,TRANSLATION_APPROVED,STATIC_WIDTH_PRECHECK_PASS,NOT_INTEGRATED,NOT_VALIDATED
SCRIPT_NAME_OP22_1F64E8,0x1F,0x1F64E8,0x1F64E6,script_name_operand_0x0022,ヤパニン,Yapanin,Yapanin,CONSUMER_PROVEN,CONTEXT_RESOLVED,TRANSLATION_APPROVED,STATIC_WIDTH_PRECHECK_PASS,NOT_INTEGRATED,NOT_VALIDATED
SCRIPT_NAME_OP22_1F65E4,0x1F,0x1F65E4,0x1F65E2,script_name_operand_0x0022,みづき,Mizuki,Mizuki,CONSUMER_PROVEN,CONTEXT_RESOLVED,TRANSLATION_APPROVED,STATIC_WIDTH_PRECHECK_PASS,NOT_INTEGRATED,NOT_VALIDATED
SCRIPT_NAME_OP22_1F6E8A,0x1F,0x1F6E8A,0x1F6E88,script_name_operand_0x0022,ラステング,Raste,Raste,CONSUMER_PROVEN,CONTEXT_RESOLVED,TRANSLATION_APPROVED,STATIC_WIDTH_PRECHECK_PASS,NOT_INTEGRATED,NOT_VALIDATED
SCRIPT_NAME_OP22_1F728E,0x1F,0x1F728E,0x1F728C,script_name_operand_0x0022,かなみ,Kanami,Kanami,CONSUMER_PROVEN,CONTEXT_RESOLVED,TRANSLATION_APPROVED,STATIC_WIDTH_PRECHECK_PASS,NOT_INTEGRATED,NOT_VALIDATED
SCRIPT_NAME_OP22_1F7432,0x1F,0x1F7432,0x1F7430,script_name_operand_0x0022,ゆきかぜ,Yukikaze,Yukikaze,CONSUMER_PROVEN,CONTEXT_RESOLVED,TRANSLATION_APPROVED,STATIC_WIDTH_PRECHECK_PASS,NOT_INTEGRATED,NOT_VALIDATED
SCRIPT_NAME_OP22_1F950C,0x1F,0x1F950C,0x1F950A,script_name_operand_0x0022,ベルゼバブ,Belzebub,Belzebub,CONSUMER_PROVEN,CONTEXT_RESOLVED,TRANSLATION_APPROVED,STATIC_WIDTH_PRECHECK_PASS,NOT_INTEGRATED,NOT_VALIDATED
SCRIPT_NAME_OP22_1F9670,0x1F,0x1F9670,0x1F966E,script_name_operand_0x0022,ビーンズ,Beans,Beans,CONSUMER_PROVEN,CONTEXT_RESOLVED,TRANSLATION_APPROVED,STATIC_WIDTH_PRECHECK_PASS,NOT_INTEGRATED,NOT_VALIDATED
SCRIPT_NAME_OP22_1F9A04,0x1F,0x1F9A04,0x1F9A02,script_name_operand_0x0022,みこと,Mikoto,Mikoto,CONSUMER_PROVEN,CONTEXT_RESOLVED,TRANSLATION_APPROVED,STATIC_WIDTH_PRECHECK_PASS,NOT_INTEGRATED,NOT_VALIDATED
SCRIPT_NAME_OP22_1F9A52,0x1F,0x1F9A52,0x1F9A50,script_name_operand_0x0022,タイロウ,Tair,Tair,CONSUMER_PROVEN,CONTEXT_RESOLVED,TRANSLATION_APPROVED,STATIC_WIDTH_PRECHECK_PASS,NOT_INTEGRATED,NOT_VALIDATED
SCRIPT_NAME_OP22_1F9B4A,0x1F,0x1F9B4A,0x1F9B48,script_name_operand_0x0022,こはる,Koharu,Koharu,CONSUMER_PROVEN,CONTEXT_RESOLVED,TRANSLATION_APPROVED,STATIC_WIDTH_PRECHECK_PASS,NOT_INTEGRATED,NOT_VALIDATED
SCRIPT_NAME_OP22_1F9B8C,0x1F,0x1F9B8C,0x1F9B8A,script_name_operand_0x0022,ラステング,Raste,Raste,CONSUMER_PROVEN,CONTEXT_RESOLVED,TRANSLATION_APPROVED,STATIC_WIDTH_PRECHECK_PASS,NOT_INTEGRATED,NOT_VALIDATED
SCRIPT_NAME_OP22_1F9E66,0x1F,0x1F9E66,0x1F9E64,script_name_operand_0x0022,あやか,Aya,Aya,CONSUMER_PROVEN,CONTEXT_RESOLVED,TRANSLATION_APPROVED,STATIC_WIDTH_PRECHECK_PASS,NOT_INTEGRATED,NOT_VALIDATED
SCRIPT_NAME_OP22_1F9F40,0x1F,0x1F9F40,0x1F9F3E,script_name_operand_0x0022,アニギエル,Anigi,Anigi,CONSUMER_PROVEN,CONTEXT_RESOLVED,TRANSLATION_APPROVED,STATIC_WIDTH_PRECHECK_PASS,NOT_INTEGRATED,NOT_VALIDATED
SCRIPT_NAME_OP22_1FAD8C,0x1F,0x1FAD8C,0x1FAD8A,script_name_operand_0x0022,クリム・ベー,Crim B,Crim B,CONSUMER_PROVEN,CONTEXT_RESOLVED,TRANSLATION_APPROVED,STATIC_WIDTH_PRECHECK_PASS,NOT_INTEGRATED,NOT_VALIDATED
SCRIPT_NAME_OP22_1FAE0A,0x1F,0x1FAE0A,0x1FAE08,script_name_operand_0x0022,ゴスボロ,Gosboro,Gosboro,CONSUMER_PROVEN,CONTEXT_RESOLVED,TRANSLATION_APPROVED,STATIC_WIDTH_PRECHECK_PASS,NOT_INTEGRATED,NOT_VALIDATED
SCRIPT_NAME_OP22_1FAE7E,0x1F,0x1FAE7E,0x1FAE7C,script_name_operand_0x0022,チョップ,Chop,Chop,CONSUMER_PROVEN,CONTEXT_RESOLVED,TRANSLATION_APPROVED,STATIC_WIDTH_PRECHECK_PASS,NOT_INTEGRATED,NOT_VALIDATED
SCRIPT_NAME_OP22_1FB080,0x1F,0x1FB080,0x1FB07E,script_name_operand_0x0022,リムナ,Limna,Limna,CONSUMER_PROVEN,CONTEXT_RESOLVED,TRANSLATION_APPROVED,STATIC_WIDTH_PRECHECK_PASS,NOT_INTEGRATED,NOT_VALIDATED
SCRIPT_NAME_OP22_1FB0E6,0x1F,0x1FB0E6,0x1FB0E4,script_name_operand_0x0022,スナフ,Snuff,Snuff,CONSUMER_PROVEN,CONTEXT_RESOLVED,TRANSLATION_APPROVED,STATIC_WIDTH_PRECHECK_PASS,NOT_INTEGRATED,NOT_VALIDATED
SCRIPT_NAME_OP22_1FB14C,0x1F,0x1FB14C,0x1FB14A,script_name_operand_0x0022,タムタム,TamTam,TamTam,CONSUMER_PROVEN,CONTEXT_RESOLVED,TRANSLATION_APPROVED,STATIC_WIDTH_PRECHECK_PASS,NOT_INTEGRATED,NOT_VALIDATED
SCRIPT_NAME_OP22_1FB574,0x1F,0x1FB574,0x1FB572,script_name_operand_0x0022,ガイゴール,Gaigor,Gaigor,CONSUMER_PROVEN,CONTEXT_RESOLVED,TRANSLATION_APPROVED,STATIC_WIDTH_PRECHECK_PASS,NOT_INTEGRATED,NOT_VALIDATED
SCRIPT_NAME_OP22_1FB9B4,0x1F,0x1FB9B4,0x1FB9B2,script_name_operand_0x0022,ノアノア,NoaNoa,NoaNoa,CONSUMER_PROVEN,CONTEXT_RESOLVED,TRANSLATION_APPROVED,STATIC_WIDTH_PRECHECK_PASS,NOT_INTEGRATED,NOT_VALIDATED
SCRIPT_NAME_OP22_1FBC18,0x1F,0x1FBC18,0x1FBC16,script_name_operand_0x0022,ミラーガ,Miraga,Miraga,CONSUMER_PROVEN,CONTEXT_RESOLVED,TRANSLATION_APPROVED,STATIC_WIDTH_PRECHECK_PASS,NOT_INTEGRATED,NOT_VALIDATED
SCRIPT_NAME_OP22_1FBC80,0x1F,0x1FBC80,0x1FBC7E,script_name_operand_0x0022,エスピス,Espis,Espis,CONSUMER_PROVEN,CONTEXT_RESOLVED,TRANSLATION_APPROVED,STATIC_WIDTH_PRECHECK_PASS,NOT_INTEGRATED,NOT_VALIDATED
SCRIPT_NAME_OP22_1FBEE8,0x1F,0x1FBEE8,0x1FBEE6,script_name_operand_0x0022,ウーファ,Ufa,Ufa,CONSUMER_PROVEN,CONTEXT_RESOLVED,TRANSLATION_APPROVED,STATIC_WIDTH_PRECHECK_PASS,NOT_INTEGRATED,NOT_VALIDATED
SCRIPT_NAME_OP22_1FC048,0x1F,0x1FC048,0x1FC046,script_name_operand_0x0022,チェック,Check,Check,CONSUMER_PROVEN,CONTEXT_RESOLVED,TRANSLATION_APPROVED,STATIC_WIDTH_PRECHECK_PASS,NOT_INTEGRATED,NOT_VALIDATED
SCRIPT_NAME_OP22_20023E,0x20,0x20023E,0x20023C,script_name_operand_0x0022,ストラム,Stram,Stram,CONSUMER_PROVEN,CONTEXT_RESOLVED,TRANSLATION_APPROVED,STATIC_WIDTH_PRECHECK_PASS,NOT_INTEGRATED,NOT_VALIDATED
SCRIPT_NAME_OP22_2002AC,0x20,0x2002AC,0x2002AA,script_name_operand_0x0022,ボーマン,Bowman,Bowman,CONSUMER_PROVEN,CONTEXT_RESOLVED,TRANSLATION_APPROVED,STATIC_WIDTH_PRECHECK_PASS,NOT_INTEGRATED,NOT_VALIDATED
SCRIPT_NAME_OP22_200314,0x20,0x200314,0x200312,script_name_operand_0x0022,ウリルロート,Urirlote,Urirlote,CONSUMER_PROVEN,CONTEXT_RESOLVED,TRANSLATION_APPROVED,STATIC_WIDTH_PRECHECK_PASS,NOT_INTEGRATED,NOT_VALIDATED
SCRIPT_NAME_OP22_20038A,0x20,0x20038A,0x200388,script_name_operand_0x0022,ヴァイカート,Vaikart,Vaikart,CONSUMER_PROVEN,CONTEXT_RESOLVED,TRANSLATION_APPROVED,STATIC_WIDTH_PRECHECK_PASS,NOT_INTEGRATED,NOT_VALIDATED
SCRIPT_NAME_OP22_200B38,0x20,0x200B38,0x200B36,script_name_operand_0x0022,シルキー,Silky,Silky,CONSUMER_PROVEN,CONTEXT_RESOLVED,TRANSLATION_APPROVED,STATIC_WIDTH_PRECHECK_PASS,NOT_INTEGRATED,NOT_VALIDATED
SCRIPT_NAME_OP22_200BA0,0x20,0x200BA0,0x200B9E,script_name_operand_0x0022,ワンダー,Wonder,Wonder,CONSUMER_PROVEN,CONTEXT_RESOLVED,TRANSLATION_APPROVED,STATIC_WIDTH_PRECHECK_PASS,NOT_INTEGRATED,NOT_VALIDATED
SCRIPT_NAME_OP22_200C90,0x20,0x200C90,0x200C8E,script_name_operand_0x0022,ペペ,Pepe,Pepe,CONSUMER_PROVEN,CONTEXT_RESOLVED,TRANSLATION_APPROVED,STATIC_WIDTH_PRECHECK_PASS,NOT_INTEGRATED,NOT_VALIDATED
SCRIPT_NAME_OP22_200EA2,0x20,0x200EA2,0x200EA0,script_name_operand_0x0022,ウィスピー,Wispy,Wispy,CONSUMER_PROVEN,CONTEXT_RESOLVED,TRANSLATION_APPROVED,STATIC_WIDTH_PRECHECK_PASS,NOT_INTEGRATED,NOT_VALIDATED
SCRIPT_NAME_OP22_2012D6,0x20,0x2012D6,0x2012D4,script_name_operand_0x0022,ムータン,Mutan,Mutan,CONSUMER_PROVEN,CONTEXT_RESOLVED,TRANSLATION_APPROVED,STATIC_WIDTH_PRECHECK_PASS,NOT_INTEGRATED,NOT_VALIDATED
SCRIPT_NAME_OP22_20137C,0x20,0x20137C,0x20137A,script_name_operand_0x0022,ナゼト,Nazeto,Nazeto,CONSUMER_PROVEN,CONTEXT_RESOLVED,TRANSLATION_APPROVED,STATIC_WIDTH_PRECHECK_PASS,NOT_INTEGRATED,NOT_VALIDATED
SCRIPT_NAME_OP22_201412,0x20,0x201412,0x201410,script_name_operand_0x0022,チャチャミミ,Chachamimi,Chachami,CONSUMER_PROVEN,CONTEXT_RESOLVED,TRANSLATION_APPROVED,STATIC_WIDTH_PRECHECK_PASS,NOT_INTEGRATED,NOT_VALIDATED
SCRIPT_NAME_OP22_2036B4,0x20,0x2036B4,0x2036B2,script_name_operand_0x0022,オルディン,Ordin,Ordin,CONSUMER_PROVEN,CONTEXT_RESOLVED,TRANSLATION_APPROVED,STATIC_WIDTH_PRECHECK_PASS,NOT_INTEGRATED,NOT_VALIDATED
SCRIPT_NAME_OP22_2052F0,0x20,0x2052F0,0x2052EE,script_name_operand_0x0022,ホーン,Hrn,Hrn,CONSUMER_PROVEN,CONTEXT_RESOLVED,TRANSLATION_APPROVED,STATIC_WIDTH_PRECHECK_PASS,NOT_INTEGRATED,NOT_VALIDATED
SCRIPT_NAME_OP22_20604A,0x20,0x20604A,0x206048,script_name_operand_0x0022,エクレア,Eclair,Eclair,CONSUMER_PROVEN,CONTEXT_RESOLVED,TRANSLATION_APPROVED,STATIC_WIDTH_PRECHECK_PASS,NOT_INTEGRATED,NOT_VALIDATED
SCRIPT_NAME_OP22_2060B2,0x20,0x2060B2,0x2060B0,script_name_operand_0x0022,グリーム,Gleam,Gleam,CONSUMER_PROVEN,CONTEXT_RESOLVED,TRANSLATION_APPROVED,STATIC_WIDTH_PRECHECK_PASS,NOT_INTEGRATED,NOT_VALIDATED
B21_SPEAKER_INDI_KID_217C2A,0x21,0x217C2A,,speaker_label,インディキッド,Indi Kid,IndiKid,STRUCTURAL_CONTEXT_PROVEN,CONTEXT_RESOLVED,TRANSLATION_APPROVED,STATIC_WIDTH_PRECHECK_PASS,NOT_INTEGRATED,NOT_VALIDATED
B21_SPEAKER_RICARDO_218286,0x21,0x218286,,speaker_label,リカルド,Ricardo,Rica,STRUCTURAL_CONTEXT_PROVEN,CONTEXT_RESOLVED,TRANSLATION_APPROVED,STATIC_WIDTH_PRECHECK_PASS,NOT_INTEGRATED,NOT_VALIDATED
B21_SPEAKER_ZUNTA_2182C6,0x21,0x2182C6,,speaker_label,ズンター,Zunter,Zunt,STRUCTURAL_CONTEXT_PROVEN,CONTEXT_RESOLVED,TRANSLATION_APPROVED,STATIC_WIDTH_PRECHECK_PASS,NOT_INTEGRATED,NOT_VALIDATED
B21_SPEAKER_RICARDO_218338,0x21,0x218338,,speaker_label,リカルド,Ricardo,Rica,STRUCTURAL_CONTEXT_PROVEN,CONTEXT_RESOLVED,TRANSLATION_APPROVED,STATIC_WIDTH_PRECHECK_PASS,NOT_INTEGRATED,NOT_VALIDATED
B21_SPEAKER_ZUNTA_218568,0x21,0x218568,,speaker_label,ズンター,Zunter,Zunt,STRUCTURAL_CONTEXT_PROVEN,CONTEXT_RESOLVED,TRANSLATION_APPROVED,STATIC_WIDTH_PRECHECK_PASS,NOT_INTEGRATED,NOT_VALIDATED
B21_SPEAKER_OLD_MAN_218CBE,0x21,0x218CBE,,speaker_label,ろうじん,Elder,Eldr,STRUCTURAL_CONTEXT_PROVEN,CONTEXT_RESOLVED,TRANSLATION_APPROVED,STATIC_WIDTH_PRECHECK_PASS,NOT_INTEGRATED,NOT_VALIDATED
B21_LINK_ERROR_219610,0x21,0x219610,,link_error_message,通信エラー「<FE×6>」\r\nが発生しました,Link error [code],LINK ERROR\r\n「<FE×6>」,STRUCTURAL_CONTEXT_PROVEN,CONTEXT_RESOLVED,TRANSLATION_APPROVED,STATIC_WIDTH_PRECHECK_PASS,NOT_INTEGRATED,NOT_VALIDATED
B21_MENU_WEAPON_2192F6,0x21,0x2192F6,,equipment_menu_label,武器,Weapon,WPN,STRUCTURAL_CONTEXT_PROVEN,CONTEXT_RESOLVED,TRANSLATION_APPROVED,STATIC_WIDTH_PRECHECK_PASS,NOT_INTEGRATED,NOT_VALIDATED
B21_MENU_ARMOR_2192FE,0x21,0x2192FE,,equipment_menu_label,防具,Armor,ARM,STRUCTURAL_CONTEXT_PROVEN,CONTEXT_RESOLVED,TRANSLATION_APPROVED,STATIC_WIDTH_PRECHECK_PASS,NOT_INTEGRATED,NOT_VALIDATED
B21_MENU_BUY_219432,0x21,0x219432,,shop_menu_label,買う,Buy,BUY,STRUCTURAL_CONTEXT_PROVEN,CONTEXT_RESOLVED,TRANSLATION_APPROVED,STATIC_WIDTH_PRECHECK_PASS,NOT_INTEGRATED,NOT_VALIDATED
B21_MENU_SELL_21943A,0x21,0x21943A,,shop_menu_label,売る,Sell,SEL,STRUCTURAL_CONTEXT_PROVEN,CONTEXT_RESOLVED,TRANSLATION_APPROVED,STATIC_WIDTH_PRECHECK_PASS,NOT_INTEGRATED,NOT_VALIDATED
B37_LINK_WAIT_370000,0x37,0x370000,,link_wait_message,現在対戦者を待っています,Waiting for opponent.,WAITING P2,STRUCTURAL_CONTEXT_PROVEN,CONTEXT_RESOLVED,TRANSLATION_APPROVED,STATIC_WIDTH_PRECHECK_PASS,NOT_INTEGRATED,NOT_VALIDATED
B37_SHOP_OWNED_3769D0,0x37,0x3769D0,0x3AAA2C,shop_status_label,所持　　　　　　,Owned,OWNED,STRUCTURAL_CONTEXT_PROVEN,CONTEXT_RESOLVED,TRANSLATION_APPROVED,STATIC_WIDTH_PRECHECK_PASS,NOT_INTEGRATED,NOT_VALIDATED
B37_SHOP_BUY_PRICE_3769E2,0x37,0x3769E2,0x3AA9CE,shop_status_label,買値　　　　　　,Buy Price,BUYPRICE,STRUCTURAL_CONTEXT_PROVEN,CONTEXT_RESOLVED,TRANSLATION_APPROVED,STATIC_WIDTH_PRECHECK_PASS,NOT_INTEGRATED,NOT_VALIDATED
B37_SHOP_REPAIR_3769F4,0x37,0x3769F4,0x3AA974,shop_status_label,修理　　　　　　,Repair,REPAIR,STRUCTURAL_CONTEXT_PROVEN,CONTEXT_RESOLVED,TRANSLATION_APPROVED,STATIC_WIDTH_PRECHECK_PASS,NOT_INTEGRATED,NOT_VALIDATED
B38_ITEM_NAMES_DESCRIPTIONS_38024C,0x38,0x38130F,0x38024C,item_names_descriptions,弾,Ammo,Ammo,STRUCTURAL_CONTEXT_PROVEN,CONTEXT_RESOLVED,TRANSLATION_APPROVED,STATIC_WIDTH_PRECHECK_PASS,NOT_INTEGRATED,NOT_VALIDATED
B38_ITEM_NAMES_DESCRIPTIONS_3804B8,0x38,0x381E6E,0x3804B8,item_names_descriptions,豆,Bean,Bean,STRUCTURAL_CONTEXT_PROVEN,CONTEXT_RESOLVED,TRANSLATION_APPROVED,STATIC_WIDTH_PRECHECK_PASS,NOT_INTEGRATED,NOT_VALIDATED
B38_ITEM_NAMES_DESCRIPTIONS_3804C8,0x38,0x381E72,0x3804C8,item_names_descriptions,鉄,Iron,Iron,STRUCTURAL_CONTEXT_PROVEN,CONTEXT_RESOLVED,TRANSLATION_APPROVED,STATIC_WIDTH_PRECHECK_PASS,NOT_INTEGRATED,NOT_VALIDATED
B38_MAGIC_NAMES_38664C,0x38,0x386690,0x38664C,magic_names,ファイヤー,Fire,Fire,STRUCTURAL_CONTEXT_PROVEN,CONTEXT_RESOLVED,TRANSLATION_APPROVED,STATIC_WIDTH_PRECHECK_PASS,NOT_INTEGRATED,NOT_VALIDATED
B38_MAGIC_DESCRIPTIONS_386806,0x38,0x38684A,0x386806,magic_descriptions,火の玉を飛ばす,Shoots a fireball.,Shoots fireball.,STRUCTURAL_CONTEXT_PROVEN,CONTEXT_RESOLVED,TRANSLATION_APPROVED,STATIC_WIDTH_PRECHECK_PASS,NOT_INTEGRATED,NOT_VALIDATED
B38_ENTITY_NAMES_386B60,0x38,0x386CA2,0x386B60,entity_names,アクセル,Accel,Accel,STRUCTURAL_CONTEXT_PROVEN,CONTEXT_RESOLVED,TRANSLATION_APPROVED,STATIC_WIDTH_PRECHECK_PASS,NOT_INTEGRATED,NOT_VALIDATED
B38_ENTITY_NAMES_386BBE,0x38,0x386E92,0x386BBE,entity_names,メタリコ,Metalico,Metalico,STRUCTURAL_CONTEXT_PROVEN,CONTEXT_RESOLVED,TRANSLATION_APPROVED,STATIC_WIDTH_PRECHECK_PASS,NOT_INTEGRATED,NOT_VALIDATED
B38_ENTITY_NAMES_386C40,0x38,0x38710E,0x386C40,entity_names,ト,To,To,STRUCTURAL_CONTEXT_PROVEN,CONTEXT_RESOLVED,TRANSLATION_APPROVED,STATIC_WIDTH_PRECHECK_PASS,NOT_INTEGRATED,NOT_VALIDATED
