term_id,japanese,english_canonical,encoded_display,encoded_cp932_hex,families,banks,occurrence_count,context,glyph_limit,display_glyphs,max_line_glyphs,byte_limit,encoded_bytes,estimated_max_line_px,width_status,terminology_source,approval_state,needs_context,note
I02_TERM_001,ティラワカ,Tirawaka,Tirawaka,82 73 82 89 82 92 82 81 82 97 82 81 82 8B 82 81,script_name_operand_0x0022,0x19,3,Visible entity display name copied by handler 9000:3564 to DI+0x62.,8,8,8,16,16,64,STATIC_WIDTH_PRECHECK_PASS,EDITORIAL_ROMANIZATION,TRANSLATION_APPROVED,NO,Direct romanization.
I02_TERM_002,ザイオン,Zion,Zion,82 79 82 89 82 8F 82 8E,script_name_operand_0x0022,0x19,1,Visible entity display name copied by handler 9000:3564 to DI+0x62.,8,4,4,16,8,32,STATIC_WIDTH_PRECHECK_PASS,F3_MANIFEST,TRANSLATION_APPROVED,NO,Existing project spelling.
I02_TERM_003,アクセル,Accel,Accel,82 60 82 83 82 83 82 85 82 8C,entity_names;script_name_operand_0x0022,0x19;0x38,3,Active Bank 0x38 entity-name table entry. | Visible entity display name copied by handler 9000:3564 to DI+0x62.,8,5,5,16,10,40,STATIC_WIDTH_PRECHECK_PASS,I02_PROJECT_GLOSSARY,TRANSLATION_APPROVED,NO,Project-wide spelling selected by the I02 plan; replaces the earlier Axel variant.
I02_TERM_004,ラズリー,Razly,Razly,82 71 82 81 82 9A 82 8C 82 99,script_name_operand_0x0022,0x19,2,Visible entity display name copied by handler 9000:3564 to DI+0x62.,8,5,5,16,10,40,STATIC_WIDTH_PRECHECK_PASS,F1_MANIFEST,TRANSLATION_APPROVED,NO,Existing project spelling.
I02_TERM_005,アステリオ,Asterio,Asterio,82 60 82 93 82 94 82 85 82 92 82 89 82 8F,script_name_operand_0x0022,0x19,2,Visible entity display name copied by handler 9000:3564 to DI+0x62.,8,7,7,16,14,56,STATIC_WIDTH_PRECHECK_PASS,F1_MANIFEST,TRANSLATION_APPROVED,NO,Existing project spelling.
I02_TERM_006,チャチャミミ,Chachamimi,Chachami,82 62 82 88 82 81 82 83 82 88 82 81 82 8D 82 89,script_name_operand_0x0022,0x19;0x20,2,Visible entity display name copied by handler 9000:3564 to DI+0x62.,8,8,8,16,16,64,STATIC_WIDTH_PRECHECK_PASS,EDITORIAL_COMPACT,TRANSLATION_APPROVED,NO,Eight-glyph compact display form.
I02_TERM_007,ミカエル,Mika,Mika,82 6C 82 89 82 8B 82 81,script_name_operand_0x0022,0x19,1,Visible entity display name copied by handler 9000:3564 to DI+0x62.,8,4,4,16,8,32,STATIC_WIDTH_PRECHECK_PASS,F18_FIXED_DISPLAY,TRANSLATION_APPROVED,NO,Existing compact project display name.
I02_TERM_008,ルヴァーナ,Luvana,Luvana,82 6B 82 95 82 96 82 81 82 8E 82 81,script_name_operand_0x0022,0x19,1,Visible entity display name copied by handler 9000:3564 to DI+0x62.,8,6,6,16,12,48,STATIC_WIDTH_PRECHECK_PASS,F18_BANK38_PLAIN_POOL,TRANSLATION_APPROVED,NO,Existing Bank 38 spelling.
I02_TERM_009,ブーマン,Buman,Buman,82 61 82 95 82 8D 82 81 82 8E,script_name_operand_0x0022,0x19,1,Visible entity display name copied by handler 9000:3564 to DI+0x62.,8,5,5,16,10,40,STATIC_WIDTH_PRECHECK_PASS,EDITORIAL_ROMANIZATION,TRANSLATION_APPROVED,NO,Direct romanization.
I02_TERM_010,マイルス,Miles,Miles,82 6C 82 89 82 8C 82 85 82 93,script_name_operand_0x0022,0x19,1,Visible entity display name copied by handler 9000:3564 to DI+0x62.,8,5,5,16,10,40,STATIC_WIDTH_PRECHECK_PASS,F18_BANK38_PLAIN_POOL,TRANSLATION_APPROVED,NO,Existing Bank 38 spelling.
I02_TERM_011,ザガン,Zagan,Zagan,82 79 82 81 82 87 82 81 82 8E,script_name_operand_0x0022,0x19,1,Visible entity display name copied by handler 9000:3564 to DI+0x62.,8,5,5,16,10,40,STATIC_WIDTH_PRECHECK_PASS,EDITORIAL_ROMANIZATION,TRANSLATION_APPROVED,NO,Direct romanization.
I02_TERM_012,プリモリア,Primoria,Primoria,82 6F 82 92 82 89 82 8D 82 8F 82 92 82 89 82 81,script_name_operand_0x0022,0x19,1,Visible entity display name copied by handler 9000:3564 to DI+0x62.,8,8,8,16,16,64,STATIC_WIDTH_PRECHECK_PASS,EDITORIAL_ROMANIZATION,TRANSLATION_APPROVED,NO,Direct romanization.
I02_TERM_013,モコン,Mokon,Mokon,82 6C 82 8F 82 8B 82 8F 82 8E,script_name_operand_0x0022,0x19,1,Visible entity display name copied by handler 9000:3564 to DI+0x62.,8,5,5,16,10,40,STATIC_WIDTH_PRECHECK_PASS,EDITORIAL_ROMANIZATION,TRANSLATION_APPROVED,NO,Direct romanization.
I02_TERM_014,ユーベス,Yube,Yube,82 78 82 95 82 82 82 85,script_name_operand_0x0022,0x19,4,Visible entity display name copied by handler 9000:3564 to DI+0x62.,8,4,4,16,8,32,STATIC_WIDTH_PRECHECK_PASS,F18_FIXED_DISPLAY,TRANSLATION_APPROVED,NO,Existing compact project display name.
I02_TERM_015,スプル,Spuru,Spuru,82 72 82 90 82 95 82 92 82 95,script_name_operand_0x0022,0x19,1,Visible entity display name copied by handler 9000:3564 to DI+0x62.,8,5,5,16,10,40,STATIC_WIDTH_PRECHECK_PASS,EDITORIAL_ROMANIZATION,TRANSLATION_APPROVED,NO,Direct romanization.
I02_TERM_016,エアリエル,Ariel,Ariel,82 60 82 92 82 89 82 85 82 8C,script_name_operand_0x0022,0x19,1,Visible entity display name copied by handler 9000:3564 to DI+0x62.,8,5,5,16,10,40,STATIC_WIDTH_PRECHECK_PASS,EDITORIAL_ROMANIZATION,TRANSLATION_APPROVED,NO,Natural English proper-name form.
I02_TERM_017,ボーグル,Bogle,Bogle,82 61 82 8F 82 87 82 8C 82 85,script_name_operand_0x0022,0x1A,1,Visible entity display name copied by handler 9000:3564 to DI+0x62.,8,5,5,16,10,40,STATIC_WIDTH_PRECHECK_PASS,EDITORIAL_ROMANIZATION,TRANSLATION_APPROVED,NO,Compact romanization.
I02_TERM_018,ティック,Tick,Tick,82 73 82 89 82 83 82 8B,script_name_operand_0x0022,0x1A,1,Visible entity display name copied by handler 9000:3564 to DI+0x62.,8,4,4,16,8,32,STATIC_WIDTH_PRECHECK_PASS,EDITORIAL_ROMANIZATION,TRANSLATION_APPROVED,NO,Natural English form.
I02_TERM_019,ペッティー,Petty,Petty,82 6F 82 85 82 94 82 94 82 99,script_name_operand_0x0022,0x1A,1,Visible entity display name copied by handler 9000:3564 to DI+0x62.,8,5,5,16,10,40,STATIC_WIDTH_PRECHECK_PASS,EDITORIAL_ROMANIZATION,TRANSLATION_APPROVED,NO,Natural English form.
I02_TERM_020,ブルベガー,Brubega,Brubega,82 61 82 92 82 95 82 82 82 85 82 87 82 81,script_name_operand_0x0022,0x1A,1,Visible entity display name copied by handler 9000:3564 to DI+0x62.,8,7,7,16,14,56,STATIC_WIDTH_PRECHECK_PASS,EDITORIAL_COMPACT,TRANSLATION_APPROVED,NO,Compact romanization.
I02_TERM_021,スレイド,Slade,Slade,82 72 82 8C 82 81 82 84 82 85,script_name_operand_0x0022,0x1A,1,Visible entity display name copied by handler 9000:3564 to DI+0x62.,8,5,5,16,10,40,STATIC_WIDTH_PRECHECK_PASS,EDITORIAL_ROMANIZATION,TRANSLATION_APPROVED,NO,Natural English proper-name form.
I02_TERM_022,エルフィー,Elfie,Elfie,82 64 82 8C 82 86 82 89 82 85,script_name_operand_0x0022,0x1A,1,Visible entity display name copied by handler 9000:3564 to DI+0x62.,8,5,5,16,10,40,STATIC_WIDTH_PRECHECK_PASS,EDITORIAL_ROMANIZATION,TRANSLATION_APPROVED,NO,Natural English proper-name form.
I02_TERM_023,ネル,Nell,Nell,82 6D 82 85 82 8C 82 8C,script_name_operand_0x0022,0x1A,1,Visible entity display name copied by handler 9000:3564 to DI+0x62.,8,4,4,16,8,32,STATIC_WIDTH_PRECHECK_PASS,EDITORIAL_ROMANIZATION,TRANSLATION_APPROVED,NO,Natural English proper-name form.
I02_TERM_024,シルフィス,Sylphis,Sylphis,82 72 82 99 82 8C 82 90 82 88 82 89 82 93,script_name_operand_0x0022,0x1A,1,Visible entity display name copied by handler 9000:3564 to DI+0x62.,8,7,7,16,14,56,STATIC_WIDTH_PRECHECK_PASS,EDITORIAL_ROMANIZATION,TRANSLATION_APPROVED,NO,Fantasy-name romanization.
I02_TERM_025,ギガガ,Gigaga,Gigaga,82 66 82 89 82 87 82 81 82 87 82 81,script_name_operand_0x0022,0x1A,1,Visible entity display name copied by handler 9000:3564 to DI+0x62.,8,6,6,16,12,48,STATIC_WIDTH_PRECHECK_PASS,EDITORIAL_ROMANIZATION,TRANSLATION_APPROVED,NO,Direct romanization.
I02_TERM_026,レア,Rea,Rea,82 71 82 85 82 81,script_name_operand_0x0022,0x1A,1,Visible entity display name copied by handler 9000:3564 to DI+0x62.,8,3,3,16,6,24,STATIC_WIDTH_PRECHECK_PASS,EDITORIAL_ROMANIZATION,TRANSLATION_APPROVED,NO,Direct romanization.
I02_TERM_027,ゼファー,Zephyr,Zephyr,82 79 82 85 82 90 82 88 82 99 82 92,script_name_operand_0x0022,0x1A,1,Visible entity display name copied by handler 9000:3564 to DI+0x62.,8,6,6,16,12,48,STATIC_WIDTH_PRECHECK_PASS,EDITORIAL_LOCALIZATION,TRANSLATION_APPROVED,NO,Established English mythic term.
I02_TERM_028,パンチョ,Pancho,Pancho,82 6F 82 81 82 8E 82 83 82 88 82 8F,script_name_operand_0x0022,0x1A,1,Visible entity display name copied by handler 9000:3564 to DI+0x62.,8,6,6,16,12,48,STATIC_WIDTH_PRECHECK_PASS,EDITORIAL_ROMANIZATION,TRANSLATION_APPROVED,NO,Natural proper-name form.
I02_TERM_029,オラージュ,Orage,Orage,82 6E 82 92 82 81 82 87 82 85,script_name_operand_0x0022,0x1A,1,Visible entity display name copied by handler 9000:3564 to DI+0x62.,8,5,5,16,10,40,STATIC_WIDTH_PRECHECK_PASS,EDITORIAL_ROMANIZATION,TRANSLATION_APPROVED,NO,Direct French-derived name form.
I02_TERM_030,パスクル,Pask,Pask,82 6F 82 81 82 93 82 8B,script_name_operand_0x0022,0x1A,1,Visible entity display name copied by handler 9000:3564 to DI+0x62.,8,4,4,16,8,32,STATIC_WIDTH_PRECHECK_PASS,F3_MANIFEST,TRANSLATION_APPROVED,NO,Existing project spelling.
I02_TERM_031,スプリガン,Spriggan,Spriggan,82 72 82 90 82 92 82 89 82 87 82 87 82 81 82 8E,script_name_operand_0x0022,0x1A,1,Visible entity display name copied by handler 9000:3564 to DI+0x62.,8,8,8,16,16,64,STATIC_WIDTH_PRECHECK_PASS,EDITORIAL_LOCALIZATION,TRANSLATION_APPROVED,NO,Established English creature term.
I02_TERM_032,メケメケ,Mekemeke,Mekemeke,82 6C 82 85 82 8B 82 85 82 8D 82 85 82 8B 82 85,script_name_operand_0x0022,0x1A,1,Visible entity display name copied by handler 9000:3564 to DI+0x62.,8,8,8,16,16,64,STATIC_WIDTH_PRECHECK_PASS,EDITORIAL_ROMANIZATION,TRANSLATION_APPROVED,NO,Direct romanization.
I02_TERM_033,ルルド,Lourdes,Lourdes,82 6B 82 8F 82 95 82 92 82 84 82 85 82 93,script_name_operand_0x0022,0x1A,1,Visible entity display name copied by handler 9000:3564 to DI+0x62.,8,7,7,16,14,56,STATIC_WIDTH_PRECHECK_PASS,EDITORIAL_ROMANIZATION,TRANSLATION_APPROVED,NO,Natural proper-name form.
I02_TERM_034,ピッキオ,Picchio,Picchio,82 6F 82 89 82 83 82 83 82 88 82 89 82 8F,script_name_operand_0x0022,0x1A,1,Visible entity display name copied by handler 9000:3564 to DI+0x62.,8,7,7,16,14,56,STATIC_WIDTH_PRECHECK_PASS,F2_MANIFEST,TRANSLATION_APPROVED,NO,Existing project spelling.
I02_TERM_035,エジサン,Ejis,Ejis,82 64 82 8A 82 89 82 93,script_name_operand_0x0022,0x1A,1,Visible entity display name copied by handler 9000:3564 to DI+0x62.,8,4,4,16,8,32,STATIC_WIDTH_PRECHECK_PASS,F18_FIXED_DISPLAY,TRANSLATION_APPROVED,NO,Existing compact project display name.
I02_TERM_036,ラーズール,Lazul,Lazul,82 6B 82 81 82 9A 82 95 82 8C,script_name_operand_0x0022,0x1A,1,Visible entity display name copied by handler 9000:3564 to DI+0x62.,8,5,5,16,10,40,STATIC_WIDTH_PRECHECK_PASS,EDITORIAL_COMPACT,TRANSLATION_APPROVED,NO,Compact fantasy-name form.
I02_TERM_037,ケミス,Chemis,Chemis,82 62 82 88 82 85 82 8D 82 89 82 93,script_name_operand_0x0022,0x1A,1,Visible entity display name copied by handler 9000:3564 to DI+0x62.,8,6,6,16,12,48,STATIC_WIDTH_PRECHECK_PASS,F1_MANIFEST,TRANSLATION_APPROVED,NO,Existing project spelling.
I02_TERM_038,バルビー,Balbee,Balbee,82 61 82 81 82 8C 82 82 82 85 82 85,script_name_operand_0x0022,0x1B,1,Visible entity display name copied by handler 9000:3564 to DI+0x62.,8,6,6,16,12,48,STATIC_WIDTH_PRECHECK_PASS,EDITORIAL_ROMANIZATION,TRANSLATION_APPROVED,NO,Direct romanization.
I02_TERM_039,ルシファー,Lucifer,Lucifer,82 6B 82 95 82 83 82 89 82 86 82 85 82 92,script_name_operand_0x0022,0x1B,2,Visible entity display name copied by handler 9000:3564 to DI+0x62.,8,7,7,16,14,56,STATIC_WIDTH_PRECHECK_PASS,EDITORIAL_LOCALIZATION,TRANSLATION_APPROVED,NO,Established English name.
I02_TERM_040,ボイジャー,Voyager,Voyager,82 75 82 8F 82 99 82 81 82 87 82 85 82 92,script_name_operand_0x0022,0x1B,1,Visible entity display name copied by handler 9000:3564 to DI+0x62.,8,7,7,16,14,56,STATIC_WIDTH_PRECHECK_PASS,EDITORIAL_LOCALIZATION,TRANSLATION_APPROVED,NO,Established English word/name.
I02_TERM_041,エンゴル,Engor,Engor,82 64 82 8E 82 87 82 8F 82 92,script_name_operand_0x0022,0x1B,1,Visible entity display name copied by handler 9000:3564 to DI+0x62.,8,5,5,16,10,40,STATIC_WIDTH_PRECHECK_PASS,EDITORIAL_ROMANIZATION,TRANSLATION_APPROVED,NO,Direct romanization.
I02_TERM_042,ペルジプトへいし,Pergypt Soldier,PgySol,82 6F 82 87 82 99 82 72 82 8F 82 8C,script_name_operand_0x0022,0x1B,1,Visible entity display name copied by handler 9000:3564 to DI+0x62.,8,6,6,16,12,48,STATIC_WIDTH_PRECHECK_PASS,F3_MANIFEST,TRANSLATION_APPROVED,NO,Existing compact project form for the eight-glyph display.
I02_TERM_043,ラドルース,Ladru,Ladru,82 6B 82 81 82 84 82 92 82 95,script_name_operand_0x0022,0x1B,4,Visible entity display name copied by handler 9000:3564 to DI+0x62.,8,5,5,16,10,40,STATIC_WIDTH_PRECHECK_PASS,F18_FIXED_DISPLAY,TRANSLATION_APPROVED,NO,Existing compact project display name.
I02_TERM_044,ライム・ケロ,Lime Kero,LimeKero,82 6B 82 89 82 8D 82 85 82 6A 82 85 82 92 82 8F,script_name_operand_0x0022,0x1B,1,Visible entity display name copied by handler 9000:3564 to DI+0x62.,8,8,8,16,16,64,STATIC_WIDTH_PRECHECK_PASS,F1_MANIFEST,TRANSLATION_APPROVED,NO,Space removed only in the eight-glyph opcode display.
I02_TERM_045,デデ,Dede,Dede,82 63 82 85 82 84 82 85,script_name_operand_0x0022,0x1B,1,Visible entity display name copied by handler 9000:3564 to DI+0x62.,8,4,4,16,8,32,STATIC_WIDTH_PRECHECK_PASS,F2_MANIFEST,TRANSLATION_APPROVED,NO,Existing project spelling.
I02_TERM_046,ランバー,Ranba,Ranba,82 71 82 81 82 8E 82 82 82 81,script_name_operand_0x0022,0x1B,1,Visible entity display name copied by handler 9000:3564 to DI+0x62.,8,5,5,16,10,40,STATIC_WIDTH_PRECHECK_PASS,EDITORIAL_ROMANIZATION,TRANSLATION_APPROVED,NO,Conservative romanization; no unsupported semantic substitution.
I02_TERM_047,スパーク,Spark,Spark,82 72 82 90 82 81 82 92 82 8B,script_name_operand_0x0022,0x1B,1,Visible entity display name copied by handler 9000:3564 to DI+0x62.,8,5,5,16,10,40,STATIC_WIDTH_PRECHECK_PASS,F18_BANK38_PLAIN_POOL,TRANSLATION_APPROVED,NO,Existing Bank 38 spelling.
I02_TERM_048,ペペ,Pepe,Pepe,82 6F 82 85 82 90 82 85,script_name_operand_0x0022,0x1B;0x20,2,Visible entity display name copied by handler 9000:3564 to DI+0x62.,8,4,4,16,8,32,STATIC_WIDTH_PRECHECK_PASS,F2_MANIFEST,TRANSLATION_APPROVED,NO,Existing project spelling.
I02_TERM_049,ヴーガ,Vuga,Vuga,82 75 82 95 82 87 82 81,script_name_operand_0x0022,0x1B,1,Visible entity display name copied by handler 9000:3564 to DI+0x62.,8,4,4,16,8,32,STATIC_WIDTH_PRECHECK_PASS,F1_MANIFEST,TRANSLATION_APPROVED,NO,Existing project spelling.
I02_TERM_050,ホーミィ,Homie,Homie,82 67 82 8F 82 8D 82 89 82 85,script_name_operand_0x0022,0x1B,1,Visible entity display name copied by handler 9000:3564 to DI+0x62.,8,5,5,16,10,40,STATIC_WIDTH_PRECHECK_PASS,F2_MANIFEST,TRANSLATION_APPROVED,NO,Existing project spelling.
I02_TERM_051,マナナン,Mananan,Mananan,82 6C 82 81 82 8E 82 81 82 8E 82 81 82 8E,script_name_operand_0x0022,0x1B,1,Visible entity display name copied by handler 9000:3564 to DI+0x62.,8,7,7,16,14,56,STATIC_WIDTH_PRECHECK_PASS,EDITORIAL_ROMANIZATION,TRANSLATION_APPROVED,NO,Direct romanization.
I02_TERM_052,メタリコ,Metalico,Metalico,82 6C 82 85 82 94 82 81 82 8C 82 89 82 83 82 8F,entity_names;script_name_operand_0x0022,0x1B;0x38,2,Active Bank 0x38 entity-name table entry. | Visible entity display name copied by handler 9000:3564 to DI+0x62.,8,8,8,16,16,64,STATIC_WIDTH_PRECHECK_PASS,I02_PROJECT_GLOSSARY,TRANSLATION_APPROVED,NO,Mandatory project-wide spelling; exactly eight glyphs.
I02_TERM_053,キューティー,Cutie,Cutie,82 62 82 95 82 94 82 89 82 85,script_name_operand_0x0022,0x1B,1,Visible entity display name copied by handler 9000:3564 to DI+0x62.,8,5,5,16,10,40,STATIC_WIDTH_PRECHECK_PASS,EDITORIAL_LOCALIZATION,TRANSLATION_APPROVED,NO,Natural English form.
I02_TERM_054,メア,Mare,Mare,82 6C 82 81 82 92 82 85,script_name_operand_0x0022,0x1B,1,Visible entity display name copied by handler 9000:3564 to DI+0x62.,8,4,4,16,8,32,STATIC_WIDTH_PRECHECK_PASS,EDITORIAL_LOCALIZATION,TRANSLATION_APPROVED,NO,Natural English form.
I02_TERM_055,シール,Seal,Seal,82 72 82 85 82 81 82 8C,script_name_operand_0x0022,0x1B,1,Visible entity display name copied by handler 9000:3564 to DI+0x62.,8,4,4,16,8,32,STATIC_WIDTH_PRECHECK_PASS,EDITORIAL_LOCALIZATION,TRANSLATION_APPROVED,NO,Natural English form.
I02_TERM_056,ウィーヴ,Weave,Weave,82 76 82 85 82 81 82 96 82 85,script_name_operand_0x0022,0x1B,1,Visible entity display name copied by handler 9000:3564 to DI+0x62.,8,5,5,16,10,40,STATIC_WIDTH_PRECHECK_PASS,F2_MANIFEST,TRANSLATION_APPROVED,NO,Existing project spelling.
I02_TERM_057,ウィッチャー,Witcher,Witcher,82 76 82 89 82 94 82 83 82 88 82 85 82 92,script_name_operand_0x0022,0x1B,1,Visible entity display name copied by handler 9000:3564 to DI+0x62.,8,7,7,16,14,56,STATIC_WIDTH_PRECHECK_PASS,F2_MANIFEST,TRANSLATION_APPROVED,NO,Existing project spelling.
I02_TERM_058,ダムダム,DumDum,DumDum,82 63 82 95 82 8D 82 63 82 95 82 8D,script_name_operand_0x0022,0x1B,1,Visible entity display name copied by handler 9000:3564 to DI+0x62.,8,6,6,16,12,48,STATIC_WIDTH_PRECHECK_PASS,F2_MANIFEST,TRANSLATION_APPROVED,NO,Existing project spelling.
I02_TERM_059,レイヴン,Raven,Raven,82 71 82 81 82 96 82 85 82 8E,script_name_operand_0x0022,0x1B,1,Visible entity display name copied by handler 9000:3564 to DI+0x62.,8,5,5,16,10,40,STATIC_WIDTH_PRECHECK_PASS,F18_BANK38_PLAIN_POOL,TRANSLATION_APPROVED,NO,Existing Bank 38 spelling.
I02_TERM_060,ブッカブー,Bukkaboo,Bukkaboo,82 61 82 95 82 8B 82 8B 82 81 82 82 82 8F 82 8F,script_name_operand_0x0022,0x1B,1,Visible entity display name copied by handler 9000:3564 to DI+0x62.,8,8,8,16,16,64,STATIC_WIDTH_PRECHECK_PASS,EDITORIAL_ROMANIZATION,TRANSLATION_APPROVED,NO,Eight-glyph romanization.
I02_TERM_061,モズィ,Mozi,Mozi,82 6C 82 8F 82 9A 82 89,script_name_operand_0x0022,0x1B,1,Visible entity display name copied by handler 9000:3564 to DI+0x62.,8,4,4,16,8,32,STATIC_WIDTH_PRECHECK_PASS,EDITORIAL_ROMANIZATION,TRANSLATION_APPROVED,NO,Compact romanization.
I02_TERM_062,クリム・アー,Crim A,Crim A,82 62 82 92 82 89 82 8D 81 40 82 60,script_name_operand_0x0022,0x1B,1,Visible entity display name copied by handler 9000:3564 to DI+0x62.,8,6,6,16,12,48,STATIC_WIDTH_PRECHECK_PASS,F2_MANIFEST,TRANSLATION_APPROVED,NO,Existing project spelling.
I02_TERM_063,リンネ,Rinne,Rinne,82 71 82 89 82 8E 82 8E 82 85,script_name_operand_0x0022,0x1B,1,Visible entity display name copied by handler 9000:3564 to DI+0x62.,8,5,5,16,10,40,STATIC_WIDTH_PRECHECK_PASS,F18_BANK38_PLAIN_POOL,TRANSLATION_APPROVED,NO,Existing Bank 38 spelling.
I02_TERM_064,モーラルド,Morald,Morald,82 6C 82 8F 82 92 82 81 82 8C 82 84,script_name_operand_0x0022,0x1B,1,Visible entity display name copied by handler 9000:3564 to DI+0x62.,8,6,6,16,12,48,STATIC_WIDTH_PRECHECK_PASS,F2_MANIFEST,TRANSLATION_APPROVED,NO,Existing project spelling.
I02_TERM_065,ライノット,Lynott,Lynott,82 6B 82 99 82 8E 82 8F 82 94 82 94,script_name_operand_0x0022,0x1C,1,Visible entity display name copied by handler 9000:3564 to DI+0x62.,8,6,6,16,12,48,STATIC_WIDTH_PRECHECK_PASS,F2_MANIFEST,TRANSLATION_APPROVED,NO,Existing project spelling.
I02_TERM_066,イリア,Ilia,Ilia,82 68 82 8C 82 89 82 81,script_name_operand_0x0022,0x1C,1,Visible entity display name copied by handler 9000:3564 to DI+0x62.,8,4,4,16,8,32,STATIC_WIDTH_PRECHECK_PASS,EDITORIAL_ROMANIZATION,TRANSLATION_APPROVED,NO,Natural proper-name form.
I02_TERM_067,キッチキコッチキ,Kitchikikotchiki,Kitchiki,82 6A 82 89 82 94 82 83 82 88 82 89 82 8B 82 89,script_name_operand_0x0022,0x1C,1,Visible entity display name copied by handler 9000:3564 to DI+0x62.,8,8,8,16,16,64,STATIC_WIDTH_PRECHECK_PASS,F18_BANK38_PLAIN_POOL,TRANSLATION_APPROVED,NO,Approved compact form for the eight-glyph display.
I02_TERM_068,ハーベル,Habel,Habel,82 67 82 81 82 82 82 85 82 8C,script_name_operand_0x0022,0x1C,1,Visible entity display name copied by handler 9000:3564 to DI+0x62.,8,5,5,16,10,40,STATIC_WIDTH_PRECHECK_PASS,EDITORIAL_ROMANIZATION,TRANSLATION_APPROVED,NO,Direct romanization.
I02_TERM_069,アージェス,Arges,Arges,82 60 82 92 82 87 82 85 82 93,script_name_operand_0x0022,0x1C,1,Visible entity display name copied by handler 9000:3564 to DI+0x62.,8,5,5,16,10,40,STATIC_WIDTH_PRECHECK_PASS,F18_BANK38_PLAIN_POOL,TRANSLATION_APPROVED,NO,Existing Bank 38 spelling.
I02_TERM_070,ピコット,Picot,Picot,82 6F 82 89 82 83 82 8F 82 94,script_name_operand_0x0022,0x1C,1,Visible entity display name copied by handler 9000:3564 to DI+0x62.,8,5,5,16,10,40,STATIC_WIDTH_PRECHECK_PASS,F2_MANIFEST,TRANSLATION_APPROVED,NO,Existing project spelling.
I02_TERM_071,メロー,Mellow,Mellow,82 6C 82 85 82 8C 82 8C 82 8F 82 97,script_name_operand_0x0022,0x1C,1,Visible entity display name copied by handler 9000:3564 to DI+0x62.,8,6,6,16,12,48,STATIC_WIDTH_PRECHECK_PASS,EDITORIAL_LOCALIZATION,TRANSLATION_APPROVED,NO,Natural English form.
I02_TERM_072,ヴァウルド,Vauld,Vauld,82 75 82 81 82 95 82 8C 82 84,script_name_operand_0x0022,0x1C,1,Visible entity display name copied by handler 9000:3564 to DI+0x62.,8,5,5,16,10,40,STATIC_WIDTH_PRECHECK_PASS,EDITORIAL_ROMANIZATION,TRANSLATION_APPROVED,NO,Direct romanization.
I02_TERM_073,エミュール,Emule,Emule,82 64 82 8D 82 95 82 8C 82 85,script_name_operand_0x0022,0x1C,1,Visible entity display name copied by handler 9000:3564 to DI+0x62.,8,5,5,16,10,40,STATIC_WIDTH_PRECHECK_PASS,F18_BANK38_PLAIN_POOL,TRANSLATION_APPROVED,NO,Existing Bank 38 spelling.
I02_TERM_074,ボーチュン,Bochun,Bochun,82 61 82 8F 82 83 82 88 82 95 82 8E,script_name_operand_0x0022,0x1C,1,Visible entity display name copied by handler 9000:3564 to DI+0x62.,8,6,6,16,12,48,STATIC_WIDTH_PRECHECK_PASS,EDITORIAL_ROMANIZATION,TRANSLATION_APPROVED,NO,Direct romanization of this script spelling.
I02_TERM_075,アルルル,Arururu,Arururu,82 60 82 92 82 95 82 92 82 95 82 92 82 95,script_name_operand_0x0022,0x1C,1,Visible entity display name copied by handler 9000:3564 to DI+0x62.,8,7,7,16,14,56,STATIC_WIDTH_PRECHECK_PASS,F18_BANK38_PLAIN_POOL,TRANSLATION_APPROVED,NO,Existing Bank 38 spelling.
I02_TERM_076,プッカ,Pukka,Pukka,82 6F 82 95 82 8B 82 8B 82 81,script_name_operand_0x0022,0x1C,1,Visible entity display name copied by handler 9000:3564 to DI+0x62.,8,5,5,16,10,40,STATIC_WIDTH_PRECHECK_PASS,EDITORIAL_ROMANIZATION,TRANSLATION_APPROVED,NO,Direct romanization.
I02_TERM_077,リリアン,Lillian,Lillian,82 6B 82 89 82 8C 82 8C 82 89 82 81 82 8E,script_name_operand_0x0022,0x1C,1,Visible entity display name copied by handler 9000:3564 to DI+0x62.,8,7,7,16,14,56,STATIC_WIDTH_PRECHECK_PASS,F18_BANK38_PLAIN_POOL,TRANSLATION_APPROVED,NO,Existing Bank 38 spelling.
I02_TERM_078,オデオン,Odeon,Odeon,82 6E 82 84 82 85 82 8F 82 8E,script_name_operand_0x0022,0x1C,1,Visible entity display name copied by handler 9000:3564 to DI+0x62.,8,5,5,16,10,40,STATIC_WIDTH_PRECHECK_PASS,F18_BANK38_PLAIN_POOL,TRANSLATION_APPROVED,NO,Existing Bank 38 spelling.
I02_TERM_079,キルミスター,Killmaster,KillMstr,82 6A 82 89 82 8C 82 8C 82 6C 82 93 82 94 82 92,script_name_operand_0x0022,0x1C,1,Visible entity display name copied by handler 9000:3564 to DI+0x62.,8,8,8,16,16,64,STATIC_WIDTH_PRECHECK_PASS,EDITORIAL_COMPACT,TRANSLATION_APPROVED,NO,Documented eight-glyph abbreviation.
I02_TERM_080,ピピン,Pippin,Pippin,82 6F 82 89 82 90 82 90 82 89 82 8E,script_name_operand_0x0022,0x1C,1,Visible entity display name copied by handler 9000:3564 to DI+0x62.,8,6,6,16,12,48,STATIC_WIDTH_PRECHECK_PASS,EDITORIAL_ROMANIZATION,TRANSLATION_APPROVED,NO,Natural proper-name form.
I02_TERM_081,シーハン,Sheehan,Sheehan,82 72 82 88 82 85 82 85 82 88 82 81 82 8E,script_name_operand_0x0022,0x1C,1,Visible entity display name copied by handler 9000:3564 to DI+0x62.,8,7,7,16,14,56,STATIC_WIDTH_PRECHECK_PASS,F18_BANK38_PLAIN_POOL,TRANSLATION_APPROVED,NO,Existing Bank 38 spelling.
I02_TERM_082,トレーダーキッド,Trader Kid,TradrKid,82 73 82 92 82 81 82 84 82 92 82 6A 82 89 82 84,script_name_operand_0x0022,0x1C,2,Visible entity display name copied by handler 9000:3564 to DI+0x62.,8,8,8,16,16,64,STATIC_WIDTH_PRECHECK_PASS,EDITORIAL_COMPACT,TRANSLATION_APPROVED,NO,Documented eight-glyph abbreviation.
I02_TERM_083,サンディ,Sandy,Sandy,82 72 82 81 82 8E 82 84 82 99,script_name_operand_0x0022,0x1C,1,Visible entity display name copied by handler 9000:3564 to DI+0x62.,8,5,5,16,10,40,STATIC_WIDTH_PRECHECK_PASS,EDITORIAL_ROMANIZATION,TRANSLATION_APPROVED,NO,Natural proper-name form.
I02_TERM_084,ヴァルナック,Valnack,Valnack,82 75 82 81 82 8C 82 8E 82 81 82 83 82 8B,script_name_operand_0x0022,0x1C,1,Visible entity display name copied by handler 9000:3564 to DI+0x62.,8,7,7,16,14,56,STATIC_WIDTH_PRECHECK_PASS,EDITORIAL_ROMANIZATION,TRANSLATION_APPROVED,NO,Direct romanization.
I02_TERM_085,アンジー,Angi,Angi,82 60 82 8E 82 87 82 89,script_name_operand_0x0022,0x1C,1,Visible entity display name copied by handler 9000:3564 to DI+0x62.,8,4,4,16,8,32,STATIC_WIDTH_PRECHECK_PASS,F18_FIXED_DISPLAY,TRANSLATION_APPROVED,NO,Existing compact project display name.
I02_TERM_086,アイシア,Aishia,Aishia,82 60 82 89 82 93 82 88 82 89 82 81,script_name_operand_0x0022,0x1C,1,Visible entity display name copied by handler 9000:3564 to DI+0x62.,8,6,6,16,12,48,STATIC_WIDTH_PRECHECK_PASS,EDITORIAL_ROMANIZATION,TRANSLATION_APPROVED,NO,Direct romanization.
I02_TERM_087,サタン,Satan,Satan,82 72 82 81 82 94 82 81 82 8E,script_name_operand_0x0022,0x1C,1,Visible entity display name copied by handler 9000:3564 to DI+0x62.,8,5,5,16,10,40,STATIC_WIDTH_PRECHECK_PASS,EDITORIAL_LOCALIZATION,TRANSLATION_APPROVED,NO,Established English name.
I02_TERM_088,グリップ,Grip,Grip,82 66 82 92 82 89 82 90,script_name_operand_0x0022,0x1C,1,Visible entity display name copied by handler 9000:3564 to DI+0x62.,8,4,4,16,8,32,STATIC_WIDTH_PRECHECK_PASS,F18_BANK38_PLAIN_POOL,TRANSLATION_APPROVED,NO,Existing Bank 38 spelling.
I02_TERM_089,フィルボルグス,Firbolgs,Firbolgs,82 65 82 89 82 92 82 82 82 8F 82 8C 82 87 82 93,script_name_operand_0x0022,0x1C,1,Visible entity display name copied by handler 9000:3564 to DI+0x62.,8,8,8,16,16,64,STATIC_WIDTH_PRECHECK_PASS,EDITORIAL_LOCALIZATION,TRANSLATION_APPROVED,NO,Established mythological English form.
I02_TERM_090,ザック,Zack,Zack,82 79 82 81 82 83 82 8B,script_name_operand_0x0022,0x1C,1,Visible entity display name copied by handler 9000:3564 to DI+0x62.,8,4,4,16,8,32,STATIC_WIDTH_PRECHECK_PASS,F18_BANK38_PLAIN_POOL,TRANSLATION_APPROVED,NO,Existing Bank 38 spelling.
I02_TERM_091,エルノリア,Elnoria,Elnoria,82 64 82 8C 82 8E 82 8F 82 92 82 89 82 81,script_name_operand_0x0022,0x1C,1,Visible entity display name copied by handler 9000:3564 to DI+0x62.,8,7,7,16,14,56,STATIC_WIDTH_PRECHECK_PASS,EDITORIAL_ROMANIZATION,TRANSLATION_APPROVED,NO,Direct romanization.
I02_TERM_092,アップル,Apple,Apple,82 60 82 90 82 90 82 8C 82 85,script_name_operand_0x0022,0x1C,1,Visible entity display name copied by handler 9000:3564 to DI+0x62.,8,5,5,16,10,40,STATIC_WIDTH_PRECHECK_PASS,EDITORIAL_LOCALIZATION,TRANSLATION_APPROVED,NO,Natural English form.
I02_TERM_093,ランチ,Lunch,Lunch,82 6B 82 95 82 8E 82 83 82 88,script_name_operand_0x0022,0x1C,1,Visible entity display name copied by handler 9000:3564 to DI+0x62.,8,5,5,16,10,40,STATIC_WIDTH_PRECHECK_PASS,EDITORIAL_LOCALIZATION,TRANSLATION_APPROVED,NO,Direct English loanword.
I02_TERM_094,シャイニー,Shiny,Shiny,82 72 82 88 82 89 82 8E 82 99,script_name_operand_0x0022,0x1C,1,Visible entity display name copied by handler 9000:3564 to DI+0x62.,8,5,5,16,10,40,STATIC_WIDTH_PRECHECK_PASS,EDITORIAL_LOCALIZATION,TRANSLATION_APPROVED,NO,Natural English form.
I02_TERM_095,グリゴリ,Grigori,Grigori,82 66 82 92 82 89 82 87 82 8F 82 92 82 89,script_name_operand_0x0022,0x1C,1,Visible entity display name copied by handler 9000:3564 to DI+0x62.,8,7,7,16,14,56,STATIC_WIDTH_PRECHECK_PASS,EDITORIAL_ROMANIZATION,TRANSLATION_APPROVED,NO,Established proper-name form.
I02_TERM_096,ホライズン,Horizon,Horizon,82 67 82 8F 82 92 82 89 82 9A 82 8F 82 8E,script_name_operand_0x0022,0x1D,1,Visible entity display name copied by handler 9000:3564 to DI+0x62.,8,7,7,16,14,56,STATIC_WIDTH_PRECHECK_PASS,F18_BANK38_PLAIN_POOL,TRANSLATION_APPROVED,NO,Existing Bank 38 spelling.
I02_TERM_097,ピーポ,Peepo,Peepo,82 6F 82 85 82 85 82 90 82 8F,script_name_operand_0x0022,0x1D,1,Visible entity display name copied by handler 9000:3564 to DI+0x62.,8,5,5,16,10,40,STATIC_WIDTH_PRECHECK_PASS,EDITORIAL_ROMANIZATION,TRANSLATION_APPROVED,NO,Direct romanization.
I02_TERM_098,ファイン,Fine,Fine,82 65 82 89 82 8E 82 85,script_name_operand_0x0022,0x1D,1,Visible entity display name copied by handler 9000:3564 to DI+0x62.,8,4,4,16,8,32,STATIC_WIDTH_PRECHECK_PASS,EDITORIAL_LOCALIZATION,TRANSLATION_APPROVED,NO,Natural English form.
I02_TERM_099,ルゼル,Luzel,Luzel,82 6B 82 95 82 9A 82 85 82 8C,script_name_operand_0x0022,0x1D,1,Visible entity display name copied by handler 9000:3564 to DI+0x62.,8,5,5,16,10,40,STATIC_WIDTH_PRECHECK_PASS,EDITORIAL_ROMANIZATION,TRANSLATION_APPROVED,NO,Direct romanization.
I02_TERM_100,ケルロン,Kerlon,Kerlon,82 6A 82 85 82 92 82 8C 82 8F 82 8E,script_name_operand_0x0022,0x1D,1,Visible entity display name copied by handler 9000:3564 to DI+0x62.,8,6,6,16,12,48,STATIC_WIDTH_PRECHECK_PASS,EDITORIAL_ROMANIZATION,TRANSLATION_APPROVED,NO,Direct romanization.
I02_TERM_101,チルド,Childe,Childe,82 62 82 88 82 89 82 8C 82 84 82 85,script_name_operand_0x0022,0x1D,1,Visible entity display name copied by handler 9000:3564 to DI+0x62.,8,6,6,16,12,48,STATIC_WIDTH_PRECHECK_PASS,EDITORIAL_ROMANIZATION,TRANSLATION_APPROVED,NO,Natural fantasy-name form.
I02_TERM_102,オルディン,Ordin,Ordin,82 6E 82 92 82 84 82 89 82 8E,script_name_operand_0x0022,0x1D;0x20,5,Visible entity display name copied by handler 9000:3564 to DI+0x62.,8,5,5,16,10,40,STATIC_WIDTH_PRECHECK_PASS,EDITORIAL_ROMANIZATION,TRANSLATION_APPROVED,NO,Direct romanization.
I02_TERM_103,セルヴァ,Selva,Selva,82 72 82 85 82 8C 82 96 82 81,script_name_operand_0x0022,0x1D,1,Visible entity display name copied by handler 9000:3564 to DI+0x62.,8,5,5,16,10,40,STATIC_WIDTH_PRECHECK_PASS,EDITORIAL_ROMANIZATION,TRANSLATION_APPROVED,NO,Direct romanization.
I02_TERM_104,ドランク,Drunk,Drunk,82 63 82 92 82 95 82 8E 82 8B,script_name_operand_0x0022,0x1D,1,Visible entity display name copied by handler 9000:3564 to DI+0x62.,8,5,5,16,10,40,STATIC_WIDTH_PRECHECK_PASS,EDITORIAL_LOCALIZATION,TRANSLATION_APPROVED,NO,Direct English loanword.
I02_TERM_105,ソール・ドゥー,Sol Du,Sol Du,82 72 82 8F 82 8C 81 40 82 63 82 95,script_name_operand_0x0022,0x1D,1,Visible entity display name copied by handler 9000:3564 to DI+0x62.,8,6,6,16,12,48,STATIC_WIDTH_PRECHECK_PASS,EDITORIAL_COMPACT,TRANSLATION_APPROVED,NO,Compact romanization.
I02_TERM_106,ローン,Lone,Lone,82 6B 82 8F 82 8E 82 85,script_name_operand_0x0022,0x1D,1,Visible entity display name copied by handler 9000:3564 to DI+0x62.,8,4,4,16,8,32,STATIC_WIDTH_PRECHECK_PASS,EDITORIAL_LOCALIZATION,TRANSLATION_APPROVED,NO,Natural English form.
I02_TERM_107,ヤモック,Yamock,Yamock,82 78 82 81 82 8D 82 8F 82 83 82 8B,script_name_operand_0x0022,0x1D,1,Visible entity display name copied by handler 9000:3564 to DI+0x62.,8,6,6,16,12,48,STATIC_WIDTH_PRECHECK_PASS,EDITORIAL_ROMANIZATION,TRANSLATION_APPROVED,NO,Direct romanization.
I02_TERM_108,ジュジュ,Juju,Juju,82 69 82 95 82 8A 82 95,script_name_operand_0x0022,0x1D,1,Visible entity display name copied by handler 9000:3564 to DI+0x62.,8,4,4,16,8,32,STATIC_WIDTH_PRECHECK_PASS,EDITORIAL_ROMANIZATION,TRANSLATION_APPROVED,NO,Natural romanization.
I02_TERM_109,ノッカー,Knocker,Knocker,82 6A 82 8E 82 8F 82 83 82 8B 82 85 82 92,script_name_operand_0x0022,0x1D,1,Visible entity display name copied by handler 9000:3564 to DI+0x62.,8,7,7,16,14,56,STATIC_WIDTH_PRECHECK_PASS,EDITORIAL_LOCALIZATION,TRANSLATION_APPROVED,NO,Established English creature term.
I02_TERM_110,チョコチョコ,ChocoChoco,ChocoCho,82 62 82 88 82 8F 82 83 82 8F 82 62 82 88 82 8F,script_name_operand_0x0022,0x1D,1,Visible entity display name copied by handler 9000:3564 to DI+0x62.,8,8,8,16,16,64,STATIC_WIDTH_PRECHECK_PASS,EDITORIAL_COMPACT,TRANSLATION_APPROVED,NO,Eight-glyph compact display form.
I02_TERM_111,リオス,Rios,Rios,82 71 82 89 82 8F 82 93,script_name_operand_0x0022,0x1D,1,Visible entity display name copied by handler 9000:3564 to DI+0x62.,8,4,4,16,8,32,STATIC_WIDTH_PRECHECK_PASS,EDITORIAL_ROMANIZATION,TRANSLATION_APPROVED,NO,Natural proper-name form.
I02_TERM_112,レモン,Lemon,Lemon,82 6B 82 85 82 8D 82 8F 82 8E,script_name_operand_0x0022,0x1D,1,Visible entity display name copied by handler 9000:3564 to DI+0x62.,8,5,5,16,10,40,STATIC_WIDTH_PRECHECK_PASS,EDITORIAL_LOCALIZATION,TRANSLATION_APPROVED,NO,Natural English form.
I02_TERM_113,ト,To,To,82 73 82 8F,entity_names;script_name_operand_0x0022,0x1D;0x38,2,Active Bank 0x38 entity-name table entry. | Visible entity display name copied by handler 9000:3564 to DI+0x62.,8,2,2,16,4,16,STATIC_WIDTH_PRECHECK_PASS,I02_CONTEXT_TRACE,TRANSLATION_APPROVED,NO,Visible one-kana alias linked to internal トペークン and entity-table index 112; not expanded because the proven consumer reads only ト.
I02_TERM_114,ベルフェゴー,Belphegor,Belphego,82 61 82 85 82 8C 82 90 82 88 82 85 82 87 82 8F,script_name_operand_0x0022,0x1D,3,Visible entity display name copied by handler 9000:3564 to DI+0x62.,8,8,8,16,16,64,STATIC_WIDTH_PRECHECK_PASS,EDITORIAL_COMPACT,TRANSLATION_APPROVED,NO,Eight-glyph compact form of the established name.
I02_TERM_115,ミューズ,Muse,Muse,82 6C 82 95 82 93 82 85,script_name_operand_0x0022,0x1D,1,Visible entity display name copied by handler 9000:3564 to DI+0x62.,8,4,4,16,8,32,STATIC_WIDTH_PRECHECK_PASS,EDITORIAL_LOCALIZATION,TRANSLATION_APPROVED,NO,Natural English form.
I02_TERM_116,ゲンマ,Genma,Genma,82 66 82 85 82 8E 82 8D 82 81,script_name_operand_0x0022,0x1D,1,Visible entity display name copied by handler 9000:3564 to DI+0x62.,8,5,5,16,10,40,STATIC_WIDTH_PRECHECK_PASS,EDITORIAL_ROMANIZATION,TRANSLATION_APPROVED,NO,Direct romanization.
I02_TERM_117,ソール・アン,Sol Ann,Sol Ann,82 72 82 8F 82 8C 81 40 82 60 82 8E 82 8E,script_name_operand_0x0022,0x1D,1,Visible entity display name copied by handler 9000:3564 to DI+0x62.,8,7,7,16,14,56,STATIC_WIDTH_PRECHECK_PASS,EDITORIAL_ROMANIZATION,TRANSLATION_APPROVED,NO,Compact romanization.
I02_TERM_118,マーヤ,Maya,Maya,82 6C 82 81 82 99 82 81,script_name_operand_0x0022,0x1D,1,Visible entity display name copied by handler 9000:3564 to DI+0x62.,8,4,4,16,8,32,STATIC_WIDTH_PRECHECK_PASS,EDITORIAL_ROMANIZATION,TRANSLATION_APPROVED,NO,Natural proper-name form.
I02_TERM_119,フェンリル,Fenrir,Fenrir,82 65 82 85 82 8E 82 92 82 89 82 92,script_name_operand_0x0022,0x1D,2,Visible entity display name copied by handler 9000:3564 to DI+0x62.,8,6,6,16,12,48,STATIC_WIDTH_PRECHECK_PASS,EDITORIAL_LOCALIZATION,TRANSLATION_APPROVED,NO,Established mythological English form.
I02_TERM_120,ファビット,Fabit,Fabit,82 65 82 81 82 82 82 89 82 94,script_name_operand_0x0022,0x1D,1,Visible entity display name copied by handler 9000:3564 to DI+0x62.,8,5,5,16,10,40,STATIC_WIDTH_PRECHECK_PASS,EDITORIAL_ROMANIZATION,TRANSLATION_APPROVED,NO,Direct romanization.
I02_TERM_121,アスモデウス,Asmodeus,Asmodeus,82 60 82 93 82 8D 82 8F 82 84 82 85 82 95 82 93,script_name_operand_0x0022,0x1D;0x1E,2,Visible entity display name copied by handler 9000:3564 to DI+0x62.,8,8,8,16,16,64,STATIC_WIDTH_PRECHECK_PASS,EDITORIAL_LOCALIZATION,TRANSLATION_APPROVED,NO,Established English name; exactly eight glyphs.
I02_TERM_122,ピボット,Pivot,Pivot,82 6F 82 89 82 96 82 8F 82 94,script_name_operand_0x0022,0x1E,1,Visible entity display name copied by handler 9000:3564 to DI+0x62.,8,5,5,16,10,40,STATIC_WIDTH_PRECHECK_PASS,EDITORIAL_LOCALIZATION,TRANSLATION_APPROVED,NO,Natural English form.
I02_TERM_123,ブラウン,Brown,Brown,82 61 82 92 82 8F 82 97 82 8E,script_name_operand_0x0022,0x1E,1,Visible entity display name copied by handler 9000:3564 to DI+0x62.,8,5,5,16,10,40,STATIC_WIDTH_PRECHECK_PASS,EDITORIAL_LOCALIZATION,TRANSLATION_APPROVED,NO,Natural English form.
I02_TERM_124,ユッキー,Yukky,Yukky,82 78 82 95 82 8B 82 8B 82 99,script_name_operand_0x0022,0x1E,1,Visible entity display name copied by handler 9000:3564 to DI+0x62.,8,5,5,16,10,40,STATIC_WIDTH_PRECHECK_PASS,EDITORIAL_ROMANIZATION,TRANSLATION_APPROVED,NO,Direct romanization.
I02_TERM_125,シーザン,Shizan,Shizan,82 72 82 88 82 89 82 9A 82 81 82 8E,script_name_operand_0x0022,0x1E,1,Visible entity display name copied by handler 9000:3564 to DI+0x62.,8,6,6,16,12,48,STATIC_WIDTH_PRECHECK_PASS,EDITORIAL_ROMANIZATION,TRANSLATION_APPROVED,NO,Direct romanization.
I02_TERM_126,ガンジェ,Ganje,Ganje,82 66 82 81 82 8E 82 8A 82 85,script_name_operand_0x0022,0x1E,1,Visible entity display name copied by handler 9000:3564 to DI+0x62.,8,5,5,16,10,40,STATIC_WIDTH_PRECHECK_PASS,EDITORIAL_ROMANIZATION,TRANSLATION_APPROVED,NO,Direct romanization.
I02_TERM_127,いんぎまる,Ingimaru,Ingimaru,82 68 82 8E 82 87 82 89 82 8D 82 81 82 92 82 95,script_name_operand_0x0022,0x1E,1,Visible entity display name copied by handler 9000:3564 to DI+0x62.,8,8,8,16,16,64,STATIC_WIDTH_PRECHECK_PASS,EDITORIAL_ROMANIZATION,TRANSLATION_APPROVED,NO,Direct romanization; exactly eight glyphs.
I02_TERM_128,コモコモ,Komokomo,Komokomo,82 6A 82 8F 82 8D 82 8F 82 8B 82 8F 82 8D 82 8F,script_name_operand_0x0022,0x1E,1,Visible entity display name copied by handler 9000:3564 to DI+0x62.,8,8,8,16,16,64,STATIC_WIDTH_PRECHECK_PASS,EDITORIAL_ROMANIZATION,TRANSLATION_APPROVED,NO,Direct romanization; exactly eight glyphs.
I02_TERM_129,チコリ,Chicory,Chicory,82 62 82 88 82 89 82 83 82 8F 82 92 82 99,script_name_operand_0x0022,0x1E,1,Visible entity display name copied by handler 9000:3564 to DI+0x62.,8,7,7,16,14,56,STATIC_WIDTH_PRECHECK_PASS,EDITORIAL_LOCALIZATION,TRANSLATION_APPROVED,NO,Natural English form.
I02_TERM_130,スウィート,Sweet,Sweet,82 72 82 97 82 85 82 85 82 94,script_name_operand_0x0022,0x1E,1,Visible entity display name copied by handler 9000:3564 to DI+0x62.,8,5,5,16,10,40,STATIC_WIDTH_PRECHECK_PASS,EDITORIAL_LOCALIZATION,TRANSLATION_APPROVED,NO,Natural English form.
I02_TERM_131,キララ,Kirara,Kirara,82 6A 82 89 82 92 82 81 82 92 82 81,script_name_operand_0x0022,0x1E,1,Visible entity display name copied by handler 9000:3564 to DI+0x62.,8,6,6,16,12,48,STATIC_WIDTH_PRECHECK_PASS,EDITORIAL_ROMANIZATION,TRANSLATION_APPROVED,NO,Direct romanization.
I02_TERM_132,ユギ,Yugi,Yugi,82 78 82 95 82 87 82 89,script_name_operand_0x0022,0x1E,1,Visible entity display name copied by handler 9000:3564 to DI+0x62.,8,4,4,16,8,32,STATIC_WIDTH_PRECHECK_PASS,EDITORIAL_ROMANIZATION,TRANSLATION_APPROVED,NO,Direct romanization.
I02_TERM_133,ボーハン,Bohan,Bohan,82 61 82 8F 82 88 82 81 82 8E,script_name_operand_0x0022,0x1E,1,Visible entity display name copied by handler 9000:3564 to DI+0x62.,8,5,5,16,10,40,STATIC_WIDTH_PRECHECK_PASS,EDITORIAL_ROMANIZATION,TRANSLATION_APPROVED,NO,Direct romanization.
I02_TERM_134,マンモン,Mammon,Mammon,82 6C 82 81 82 8D 82 8D 82 8F 82 8E,script_name_operand_0x0022,0x1E,2,Visible entity display name copied by handler 9000:3564 to DI+0x62.,8,6,6,16,12,48,STATIC_WIDTH_PRECHECK_PASS,EDITORIAL_LOCALIZATION,TRANSLATION_APPROVED,NO,Established English name.
I02_TERM_135,クイン,Quinn,Quinn,82 70 82 95 82 89 82 8E 82 8E,script_name_operand_0x0022,0x1E,1,Visible entity display name copied by handler 9000:3564 to DI+0x62.,8,5,5,16,10,40,STATIC_WIDTH_PRECHECK_PASS,EDITORIAL_ROMANIZATION,TRANSLATION_APPROVED,NO,Natural proper-name form.
I02_TERM_136,ガジゴジ,Gajigoji,Gajigoji,82 66 82 81 82 8A 82 89 82 87 82 8F 82 8A 82 89,script_name_operand_0x0022,0x1E,1,Visible entity display name copied by handler 9000:3564 to DI+0x62.,8,8,8,16,16,64,STATIC_WIDTH_PRECHECK_PASS,EDITORIAL_ROMANIZATION,TRANSLATION_APPROVED,NO,Direct romanization; exactly eight glyphs.
I02_TERM_137,プリズモ,Prismo,Prismo,82 6F 82 92 82 89 82 93 82 8D 82 8F,script_name_operand_0x0022,0x1E,1,Visible entity display name copied by handler 9000:3564 to DI+0x62.,8,6,6,16,12,48,STATIC_WIDTH_PRECHECK_PASS,EDITORIAL_ROMANIZATION,TRANSLATION_APPROVED,NO,Direct romanization.
I02_TERM_138,ビブラー,Bibler,Bibler,82 61 82 89 82 82 82 8C 82 85 82 92,script_name_operand_0x0022,0x1E,1,Visible entity display name copied by handler 9000:3564 to DI+0x62.,8,6,6,16,12,48,STATIC_WIDTH_PRECHECK_PASS,EDITORIAL_ROMANIZATION,TRANSLATION_APPROVED,NO,Direct romanization.
I02_TERM_139,チャム,Cham,Cham,82 62 82 88 82 81 82 8D,script_name_operand_0x0022,0x1E,1,Visible entity display name copied by handler 9000:3564 to DI+0x62.,8,4,4,16,8,32,STATIC_WIDTH_PRECHECK_PASS,EDITORIAL_ROMANIZATION,TRANSLATION_APPROVED,NO,Direct romanization.
I02_TERM_140,せり,Seri,Seri,82 72 82 85 82 92 82 89,script_name_operand_0x0022,0x1E,1,Visible entity display name copied by handler 9000:3564 to DI+0x62.,8,4,4,16,8,32,STATIC_WIDTH_PRECHECK_PASS,EDITORIAL_ROMANIZATION,TRANSLATION_APPROVED,NO,Direct romanization.
I02_TERM_141,バルバッコ,Barbacco,Barbacco,82 61 82 81 82 92 82 82 82 81 82 83 82 83 82 8F,script_name_operand_0x0022,0x1E,1,Visible entity display name copied by handler 9000:3564 to DI+0x62.,8,8,8,16,16,64,STATIC_WIDTH_PRECHECK_PASS,EDITORIAL_ROMANIZATION,TRANSLATION_APPROVED,NO,Direct romanization; exactly eight glyphs.
I02_TERM_142,レク,Rek,Rek,82 71 82 85 82 8B,script_name_operand_0x0022,0x1F,1,Visible entity display name copied by handler 9000:3564 to DI+0x62.,8,3,3,16,6,24,STATIC_WIDTH_PRECHECK_PASS,EDITORIAL_ROMANIZATION,TRANSLATION_APPROVED,NO,Direct romanization.
I02_TERM_143,リーハン,Riha,Riha,82 71 82 89 82 88 82 81,script_name_operand_0x0022,0x1F,1,Visible entity display name copied by handler 9000:3564 to DI+0x62.,8,4,4,16,8,32,STATIC_WIDTH_PRECHECK_PASS,F3_MANIFEST,TRANSLATION_APPROVED,NO,Existing compact project spelling.
I02_TERM_144,サフラ,Safra,Safra,82 72 82 81 82 86 82 92 82 81,script_name_operand_0x0022,0x1F,1,Visible entity display name copied by handler 9000:3564 to DI+0x62.,8,5,5,16,10,40,STATIC_WIDTH_PRECHECK_PASS,EDITORIAL_ROMANIZATION,TRANSLATION_APPROVED,NO,Direct romanization.
I02_TERM_145,クシュラ,Kushra,Kushra,82 6A 82 95 82 93 82 88 82 92 82 81,script_name_operand_0x0022,0x1F,1,Visible entity display name copied by handler 9000:3564 to DI+0x62.,8,6,6,16,12,48,STATIC_WIDTH_PRECHECK_PASS,EDITORIAL_ROMANIZATION,TRANSLATION_APPROVED,NO,Direct romanization.
I02_TERM_146,リヴァイアサン,Leviathan,Leviath,82 6B 82 85 82 96 82 89 82 81 82 94 82 88,script_name_operand_0x0022,0x1F,2,Visible entity display name copied by handler 9000:3564 to DI+0x62.,8,7,7,16,14,56,STATIC_WIDTH_PRECHECK_PASS,EDITORIAL_COMPACT,TRANSLATION_APPROVED,NO,Existing compact project form within the eight-glyph limit.
I02_TERM_147,チョチョポロン,Chocho Poron,ChochoPo,82 62 82 88 82 8F 82 83 82 88 82 8F 82 6F 82 8F,script_name_operand_0x0022,0x1F,1,Visible entity display name copied by handler 9000:3564 to DI+0x62.,8,8,8,16,16,64,STATIC_WIDTH_PRECHECK_PASS,EDITORIAL_COMPACT,TRANSLATION_APPROVED,NO,Eight-glyph compact display form.
I02_TERM_148,ぎんが,Ginga,Ginga,82 66 82 89 82 8E 82 87 82 81,script_name_operand_0x0022,0x1F,1,Visible entity display name copied by handler 9000:3564 to DI+0x62.,8,5,5,16,10,40,STATIC_WIDTH_PRECHECK_PASS,EDITORIAL_ROMANIZATION,TRANSLATION_APPROVED,NO,Direct romanization.
I02_TERM_149,ジールー,Jiru,Jiru,82 69 82 89 82 92 82 95,script_name_operand_0x0022,0x1F,1,Visible entity display name copied by handler 9000:3564 to DI+0x62.,8,4,4,16,8,32,STATIC_WIDTH_PRECHECK_PASS,EDITORIAL_ROMANIZATION,TRANSLATION_APPROVED,NO,Compact romanization.
I02_TERM_150,アーピ,Arpi,Arpi,82 60 82 92 82 90 82 89,script_name_operand_0x0022,0x1F,1,Visible entity display name copied by handler 9000:3564 to DI+0x62.,8,4,4,16,8,32,STATIC_WIDTH_PRECHECK_PASS,EDITORIAL_ROMANIZATION,TRANSLATION_APPROVED,NO,Direct romanization.
I02_TERM_151,ライム・ライ,Lime Rai,Lime Rai,82 6B 82 89 82 8D 82 85 81 40 82 71 82 81 82 89,script_name_operand_0x0022,0x1F,1,Visible entity display name copied by handler 9000:3564 to DI+0x62.,8,8,8,16,16,64,STATIC_WIDTH_PRECHECK_PASS,EDITORIAL_ROMANIZATION,TRANSLATION_APPROVED,NO,Direct romanization; exactly eight glyphs.
I02_TERM_152,マロス,Maros,Maros,82 6C 82 81 82 92 82 8F 82 93,script_name_operand_0x0022,0x1F,1,Visible entity display name copied by handler 9000:3564 to DI+0x62.,8,5,5,16,10,40,STATIC_WIDTH_PRECHECK_PASS,EDITORIAL_ROMANIZATION,TRANSLATION_APPROVED,NO,Direct romanization.
I02_TERM_153,ヤパニン,Yapanin,Yapanin,82 78 82 81 82 90 82 81 82 8E 82 89 82 8E,script_name_operand_0x0022,0x1F,1,Visible entity display name copied by handler 9000:3564 to DI+0x62.,8,7,7,16,14,56,STATIC_WIDTH_PRECHECK_PASS,EDITORIAL_ROMANIZATION,TRANSLATION_APPROVED,NO,Direct romanization.
I02_TERM_154,みづき,Mizuki,Mizuki,82 6C 82 89 82 9A 82 95 82 8B 82 89,script_name_operand_0x0022,0x1F,1,Visible entity display name copied by handler 9000:3564 to DI+0x62.,8,6,6,16,12,48,STATIC_WIDTH_PRECHECK_PASS,EDITORIAL_ROMANIZATION,TRANSLATION_APPROVED,NO,Standard romanization.
I02_TERM_155,ラステング,Raste,Raste,82 71 82 81 82 93 82 94 82 85,script_name_operand_0x0022,0x1F,2,Visible entity display name copied by handler 9000:3564 to DI+0x62.,8,5,5,16,10,40,STATIC_WIDTH_PRECHECK_PASS,F18_FIXED_DISPLAY,TRANSLATION_APPROVED,NO,Existing compact project display name.
I02_TERM_156,かなみ,Kanami,Kanami,82 6A 82 81 82 8E 82 81 82 8D 82 89,script_name_operand_0x0022,0x1F,1,Visible entity display name copied by handler 9000:3564 to DI+0x62.,8,6,6,16,12,48,STATIC_WIDTH_PRECHECK_PASS,F2_MANIFEST,TRANSLATION_APPROVED,NO,Existing project spelling.
I02_TERM_157,ゆきかぜ,Yukikaze,Yukikaze,82 78 82 95 82 8B 82 89 82 8B 82 81 82 9A 82 85,script_name_operand_0x0022,0x1F,1,Visible entity display name copied by handler 9000:3564 to DI+0x62.,8,8,8,16,16,64,STATIC_WIDTH_PRECHECK_PASS,EDITORIAL_ROMANIZATION,TRANSLATION_APPROVED,NO,Standard romanization; exactly eight glyphs.
I02_TERM_158,ベルゼバブ,Belzebub,Belzebub,82 61 82 85 82 8C 82 9A 82 85 82 82 82 95 82 82,script_name_operand_0x0022,0x1F,1,Visible entity display name copied by handler 9000:3564 to DI+0x62.,8,8,8,16,16,64,STATIC_WIDTH_PRECHECK_PASS,EDITORIAL_LOCALIZATION,TRANSLATION_APPROVED,NO,Established compact English form; exactly eight glyphs.
I02_TERM_159,ビーンズ,Beans,Beans,82 61 82 85 82 81 82 8E 82 93,script_name_operand_0x0022,0x1F,1,Visible entity display name copied by handler 9000:3564 to DI+0x62.,8,5,5,16,10,40,STATIC_WIDTH_PRECHECK_PASS,F18_FIXED_DISPLAY,TRANSLATION_APPROVED,NO,Existing compact project display name.
I02_TERM_160,みこと,Mikoto,Mikoto,82 6C 82 89 82 8B 82 8F 82 94 82 8F,script_name_operand_0x0022,0x1F,1,Visible entity display name copied by handler 9000:3564 to DI+0x62.,8,6,6,16,12,48,STATIC_WIDTH_PRECHECK_PASS,EDITORIAL_ROMANIZATION,TRANSLATION_APPROVED,NO,Standard romanization.
I02_TERM_161,タイロウ,Tair,Tair,82 73 82 81 82 89 82 92,script_name_operand_0x0022,0x1F,1,Visible entity display name copied by handler 9000:3564 to DI+0x62.,8,4,4,16,8,32,STATIC_WIDTH_PRECHECK_PASS,F18_FIXED_DISPLAY,TRANSLATION_APPROVED,NO,Existing compact project display name.
I02_TERM_162,こはる,Koharu,Koharu,82 6A 82 8F 82 88 82 81 82 92 82 95,script_name_operand_0x0022,0x1F,1,Visible entity display name copied by handler 9000:3564 to DI+0x62.,8,6,6,16,12,48,STATIC_WIDTH_PRECHECK_PASS,EDITORIAL_ROMANIZATION,TRANSLATION_APPROVED,NO,Standard romanization.
I02_TERM_163,あやか,Aya,Aya,82 60 82 99 82 81,script_name_operand_0x0022,0x1F,1,Visible entity display name copied by handler 9000:3564 to DI+0x62.,8,3,3,16,6,24,STATIC_WIDTH_PRECHECK_PASS,F18_FIXED_DISPLAY,TRANSLATION_APPROVED,NO,Existing compact project display name.
I02_TERM_164,アニギエル,Anigi,Anigi,82 60 82 8E 82 89 82 87 82 89,script_name_operand_0x0022,0x1F,1,Visible entity display name copied by handler 9000:3564 to DI+0x62.,8,5,5,16,10,40,STATIC_WIDTH_PRECHECK_PASS,F18_FIXED_DISPLAY,TRANSLATION_APPROVED,NO,Existing compact project display name.
I02_TERM_165,クリム・ベー,Crim B,Crim B,82 62 82 92 82 89 82 8D 81 40 82 61,script_name_operand_0x0022,0x1F,1,Visible entity display name copied by handler 9000:3564 to DI+0x62.,8,6,6,16,12,48,STATIC_WIDTH_PRECHECK_PASS,EDITORIAL_ROMANIZATION,TRANSLATION_APPROVED,NO,Matches the established Crim A family.
I02_TERM_166,ゴスボロ,Gosboro,Gosboro,82 66 82 8F 82 93 82 82 82 8F 82 92 82 8F,script_name_operand_0x0022,0x1F,1,Visible entity display name copied by handler 9000:3564 to DI+0x62.,8,7,7,16,14,56,STATIC_WIDTH_PRECHECK_PASS,EDITORIAL_ROMANIZATION,TRANSLATION_APPROVED,NO,Direct romanization.
I02_TERM_167,チョップ,Chop,Chop,82 62 82 88 82 8F 82 90,script_name_operand_0x0022,0x1F,1,Visible entity display name copied by handler 9000:3564 to DI+0x62.,8,4,4,16,8,32,STATIC_WIDTH_PRECHECK_PASS,EDITORIAL_LOCALIZATION,TRANSLATION_APPROVED,NO,Natural English form.
I02_TERM_168,リムナ,Limna,Limna,82 6B 82 89 82 8D 82 8E 82 81,script_name_operand_0x0022,0x1F,1,Visible entity display name copied by handler 9000:3564 to DI+0x62.,8,5,5,16,10,40,STATIC_WIDTH_PRECHECK_PASS,F18_BANK38_PLAIN_POOL,TRANSLATION_APPROVED,NO,Existing Bank 38 spelling.
I02_TERM_169,スナフ,Snuff,Snuff,82 72 82 8E 82 95 82 86 82 86,script_name_operand_0x0022,0x1F,1,Visible entity display name copied by handler 9000:3564 to DI+0x62.,8,5,5,16,10,40,STATIC_WIDTH_PRECHECK_PASS,EDITORIAL_LOCALIZATION,TRANSLATION_APPROVED,NO,Natural English form.
I02_TERM_170,タムタム,TamTam,TamTam,82 73 82 81 82 8D 82 73 82 81 82 8D,script_name_operand_0x0022,0x1F,1,Visible entity display name copied by handler 9000:3564 to DI+0x62.,8,6,6,16,12,48,STATIC_WIDTH_PRECHECK_PASS,EDITORIAL_ROMANIZATION,TRANSLATION_APPROVED,NO,Compact repeated-name form.
I02_TERM_171,ガイゴール,Gaigor,Gaigor,82 66 82 81 82 89 82 87 82 8F 82 92,script_name_operand_0x0022,0x1F,1,Visible entity display name copied by handler 9000:3564 to DI+0x62.,8,6,6,16,12,48,STATIC_WIDTH_PRECHECK_PASS,F1_MANIFEST,TRANSLATION_APPROVED,NO,Existing project spelling.
I02_TERM_172,ノアノア,NoaNoa,NoaNoa,82 6D 82 8F 82 81 82 6D 82 8F 82 81,script_name_operand_0x0022,0x1F,1,Visible entity display name copied by handler 9000:3564 to DI+0x62.,8,6,6,16,12,48,STATIC_WIDTH_PRECHECK_PASS,EDITORIAL_ROMANIZATION,TRANSLATION_APPROVED,NO,Direct romanization.
I02_TERM_173,ミラーガ,Miraga,Miraga,82 6C 82 89 82 92 82 81 82 87 82 81,script_name_operand_0x0022,0x1F,1,Visible entity display name copied by handler 9000:3564 to DI+0x62.,8,6,6,16,12,48,STATIC_WIDTH_PRECHECK_PASS,EDITORIAL_ROMANIZATION,TRANSLATION_APPROVED,NO,Compact romanization.
I02_TERM_174,エスピス,Espis,Espis,82 64 82 93 82 90 82 89 82 93,script_name_operand_0x0022,0x1F,1,Visible entity display name copied by handler 9000:3564 to DI+0x62.,8,5,5,16,10,40,STATIC_WIDTH_PRECHECK_PASS,EDITORIAL_ROMANIZATION,TRANSLATION_APPROVED,NO,Direct romanization.
I02_TERM_175,ウーファ,Ufa,Ufa,82 74 82 86 82 81,script_name_operand_0x0022,0x1F,1,Visible entity display name copied by handler 9000:3564 to DI+0x62.,8,3,3,16,6,24,STATIC_WIDTH_PRECHECK_PASS,EDITORIAL_ROMANIZATION,TRANSLATION_APPROVED,NO,Compact romanization.
I02_TERM_176,チェック,Check,Check,82 62 82 88 82 85 82 83 82 8B,script_name_operand_0x0022,0x1F,1,Visible entity display name copied by handler 9000:3564 to DI+0x62.,8,5,5,16,10,40,STATIC_WIDTH_PRECHECK_PASS,EDITORIAL_LOCALIZATION,TRANSLATION_APPROVED,NO,Natural English form.
I02_TERM_177,ストラム,Stram,Stram,82 72 82 94 82 92 82 81 82 8D,script_name_operand_0x0022,0x20,1,Visible entity display name copied by handler 9000:3564 to DI+0x62.,8,5,5,16,10,40,STATIC_WIDTH_PRECHECK_PASS,EDITORIAL_ROMANIZATION,TRANSLATION_APPROVED,NO,Direct romanization.
I02_TERM_178,ボーマン,Bowman,Bowman,82 61 82 8F 82 97 82 8D 82 81 82 8E,script_name_operand_0x0022,0x20,1,Visible entity display name copied by handler 9000:3564 to DI+0x62.,8,6,6,16,12,48,STATIC_WIDTH_PRECHECK_PASS,EDITORIAL_LOCALIZATION,TRANSLATION_APPROVED,NO,Natural English name/title.
I02_TERM_179,ウリルロート,Urirlote,Urirlote,82 74 82 92 82 89 82 92 82 8C 82 8F 82 94 82 85,script_name_operand_0x0022,0x20,1,Visible entity display name copied by handler 9000:3564 to DI+0x62.,8,8,8,16,16,64,STATIC_WIDTH_PRECHECK_PASS,F18_BANK38_PLAIN_POOL,TRANSLATION_APPROVED,NO,Existing Bank 38 spelling; exactly eight glyphs.
I02_TERM_180,ヴァイカート,Vaikart,Vaikart,82 75 82 81 82 89 82 8B 82 81 82 92 82 94,script_name_operand_0x0022,0x20,1,Visible entity display name copied by handler 9000:3564 to DI+0x62.,8,7,7,16,14,56,STATIC_WIDTH_PRECHECK_PASS,EDITORIAL_ROMANIZATION,TRANSLATION_APPROVED,NO,Direct romanization.
I02_TERM_181,シルキー,Silky,Silky,82 72 82 89 82 8C 82 8B 82 99,script_name_operand_0x0022,0x20,1,Visible entity display name copied by handler 9000:3564 to DI+0x62.,8,5,5,16,10,40,STATIC_WIDTH_PRECHECK_PASS,EDITORIAL_LOCALIZATION,TRANSLATION_APPROVED,NO,Natural English form.
I02_TERM_182,ワンダー,Wonder,Wonder,82 76 82 8F 82 8E 82 84 82 85 82 92,script_name_operand_0x0022,0x20,1,Visible entity display name copied by handler 9000:3564 to DI+0x62.,8,6,6,16,12,48,STATIC_WIDTH_PRECHECK_PASS,EDITORIAL_LOCALIZATION,TRANSLATION_APPROVED,NO,Natural English form.
I02_TERM_183,ウィスピー,Wispy,Wispy,82 76 82 89 82 93 82 90 82 99,script_name_operand_0x0022,0x20,1,Visible entity display name copied by handler 9000:3564 to DI+0x62.,8,5,5,16,10,40,STATIC_WIDTH_PRECHECK_PASS,EDITORIAL_LOCALIZATION,TRANSLATION_APPROVED,NO,Natural English form.
I02_TERM_184,ムータン,Mutan,Mutan,82 6C 82 95 82 94 82 81 82 8E,script_name_operand_0x0022,0x20,1,Visible entity display name copied by handler 9000:3564 to DI+0x62.,8,5,5,16,10,40,STATIC_WIDTH_PRECHECK_PASS,EDITORIAL_ROMANIZATION,TRANSLATION_APPROVED,NO,Direct romanization.
I02_TERM_185,ナゼト,Nazeto,Nazeto,82 6D 82 81 82 9A 82 85 82 94 82 8F,script_name_operand_0x0022,0x20,1,Visible entity display name copied by handler 9000:3564 to DI+0x62.,8,6,6,16,12,48,STATIC_WIDTH_PRECHECK_PASS,EDITORIAL_ROMANIZATION,TRANSLATION_APPROVED,NO,Direct romanization.
I02_TERM_186,ホーン,Hrn,Hrn,82 67 82 92 82 8E,script_name_operand_0x0022,0x20,1,Visible entity display name copied by handler 9000:3564 to DI+0x62.,8,3,3,16,6,24,STATIC_WIDTH_PRECHECK_PASS,F18_FIXED_DISPLAY,TRANSLATION_APPROVED,NO,Existing compact project display name.
I02_TERM_187,エクレア,Eclair,Eclair,82 64 82 83 82 8C 82 81 82 89 82 92,script_name_operand_0x0022,0x20,1,Visible entity display name copied by handler 9000:3564 to DI+0x62.,8,6,6,16,12,48,STATIC_WIDTH_PRECHECK_PASS,EDITORIAL_LOCALIZATION,TRANSLATION_APPROVED,NO,Established French-derived English form.
I02_TERM_188,グリーム,Gleam,Gleam,82 66 82 8C 82 85 82 81 82 8D,script_name_operand_0x0022,0x20,1,Visible entity display name copied by handler 9000:3564 to DI+0x62.,8,5,5,16,10,40,STATIC_WIDTH_PRECHECK_PASS,EDITORIAL_LOCALIZATION,TRANSLATION_APPROVED,NO,Natural English form.
I02_TERM_189,インディキッド,Indi Kid,IndiKid,82 68 82 8E 82 84 82 89 82 6A 82 89 82 84,speaker_label,0x21,1,Speaker label in a translated Bank 0x21 script record.,7,7,7,14,14,56,STATIC_WIDTH_PRECHECK_PASS,I03_RECORD_BUDGET_AMENDMENT,TRANSLATION_APPROVED,NO,"Canonical Indi Kid; the inline NUL-delimited record permits seven fullwidth glyphs, so only the display space is removed."
I02_TERM_190,リカルド,Ricardo,Rica,82 71 82 89 82 83 82 81,speaker_label,0x21,2,Speaker label in a translated Bank 0x21 script record.,4,4,4,8,8,32,STATIC_WIDTH_PRECHECK_PASS,I03_RECORD_BUDGET_AMENDMENT,TRANSLATION_APPROVED,NO,Canonical Ricardo; documented four-glyph display variant required by the original inline field.
I02_TERM_191,ズンター,Zunter,Zunt,82 79 82 95 82 8E 82 94,speaker_label,0x21,2,Speaker label in a translated Bank 0x21 script record.,4,4,4,8,8,32,STATIC_WIDTH_PRECHECK_PASS,I03_RECORD_BUDGET_AMENDMENT,TRANSLATION_APPROVED,NO,Canonical Zunter; documented four-glyph display variant required by the original inline field.
I02_TERM_192,ろうじん,Elder,Eldr,82 64 82 8C 82 84 82 92,speaker_label,0x21,1,Speaker label in a translated Bank 0x21 script record.,4,4,4,8,8,32,STATIC_WIDTH_PRECHECK_PASS,I03_RECORD_BUDGET_AMENDMENT,TRANSLATION_APPROVED,NO,Canonical Elder; documented four-glyph display variant required by the original inline field.
I02_TERM_193,通信エラー「<FE×6>」\r\nが発生しました,Link error [code],LINK ERROR\r\n「<FE×6>」,82 6B 82 68 82 6D 82 6A 81 40 82 64 82 71 82 71 82 6E 82 71 0D 0A 81 75 FE FE FE FE FE FE 81 76,link_error_message,0x21,1,Link Cable error message with six dynamic parameter bytes.,16,18,10,36,32,80,STATIC_WIDTH_PRECHECK_PASS,EDITORIAL_FIXED_BUDGET,TRANSLATION_APPROVED,NO,Six FE parameter bytes and CRLF are preserved; 32 of 36 bytes used.
I02_TERM_194,武器,Weapon,WPN,82 76 82 6F 82 6D,equipment_menu_label,0x21,1,Fixed four-glyph equipment menu label.,4,3,3,8,6,24,STATIC_WIDTH_PRECHECK_PASS,EDITORIAL_FIXED_BUDGET,TRANSLATION_APPROVED,NO,Four-glyph field; documented abbreviation.
I02_TERM_195,防具,Armor,ARM,82 60 82 71 82 6C,equipment_menu_label,0x21,1,Fixed four-glyph equipment menu label.,4,3,3,8,6,24,STATIC_WIDTH_PRECHECK_PASS,EDITORIAL_FIXED_BUDGET,TRANSLATION_APPROVED,NO,Four-glyph field; documented abbreviation.
I02_TERM_196,買う,Buy,BUY,82 61 82 74 82 78,shop_menu_label,0x21,1,Fixed four-glyph shop command.,4,3,3,8,6,24,STATIC_WIDTH_PRECHECK_PASS,EDITORIAL_UI,TRANSLATION_APPROVED,NO,Functional shop command.
I02_TERM_197,売る,Sell,SEL,82 72 82 64 82 6B 00 00,shop_menu_label,0x21,1,NUL-terminated eight-byte shop command; runtime-limited to three glyphs.,3,3,3,6,8,24,STATIC_WIDTH_PRECHECK_PASS,I03_RUNTIME_WIDTH_AMENDMENT,TRANSLATION_APPROVED,NO,Three-glyph display form required; four glyphs rendered incompletely in the real consumer.
I02_TERM_198,現在対戦者を待っています,Waiting for opponent.,WAITING P2,82 76 82 60 82 68 82 73 82 68 82 6D 82 66 81 40 82 6F 82 51,link_wait_message,0x37,1,Standalone Link Cable opponent-wait message.,12,10,10,24,20,80,STATIC_WIDTH_PRECHECK_PASS,EDITORIAL_FIXED_BUDGET,TRANSLATION_APPROVED,NO,Ten-glyph link-mode wording fits the original 12-glyph payload.
I02_TERM_199,所持　　　　　　,Owned,OWNED,82 6E 82 76 82 6D 82 64 82 63,shop_status_label,0x37,1,Fixed eight-glyph shop status field with a far-pointer code reference.,8,5,5,16,10,40,STATIC_WIDTH_PRECHECK_PASS,EDITORIAL_UI,TRANSLATION_APPROVED,NO,Pad to the exact 16-byte field during integration.
I02_TERM_200,買値　　　　　　,Buy Price,BUYPRICE,82 61 82 74 82 78 82 6F 82 71 82 68 82 62 82 64,shop_status_label,0x37,1,Fixed eight-glyph shop status field with a far-pointer code reference.,8,8,8,16,16,64,STATIC_WIDTH_PRECHECK_PASS,EDITORIAL_FIXED_BUDGET,TRANSLATION_APPROVED,NO,Eight-glyph compact form fills the fixed field.
I02_TERM_201,修理　　　　　　,Repair,REPAIR,82 71 82 64 82 6F 82 60 82 68 82 71,shop_status_label,0x37,1,Fixed eight-glyph shop status field with a far-pointer code reference.,8,6,6,16,12,48,STATIC_WIDTH_PRECHECK_PASS,EDITORIAL_UI,TRANSLATION_APPROVED,NO,Pad to the exact 16-byte field during integration.
I02_TERM_202,弾,Ammo,Ammo,82 60 82 8D 82 8D 82 8F,item_names_descriptions,0x38,1,Active Bank 0x38 item/material table entry.,8,4,4,16,8,32,STATIC_WIDTH_PRECHECK_PASS,I02_TABLE_CONTEXT,TRANSLATION_APPROVED,NO,Category entry between arrow/projectile names; Ammo is more accurate than Bullet.
I02_TERM_203,豆,Bean,Bean,82 61 82 85 82 81 82 8E,item_names_descriptions,0x38,1,Active Bank 0x38 item/material table entry.,8,4,4,16,8,32,STATIC_WIDTH_PRECHECK_PASS,I02_TABLE_CONTEXT,TRANSLATION_APPROVED,NO,Standalone item/material entry.
I02_TERM_204,鉄,Iron,Iron,82 68 82 92 82 8F 82 8E,item_names_descriptions,0x38,1,Active Bank 0x38 item/material table entry.,8,4,4,16,8,32,STATIC_WIDTH_PRECHECK_PASS,I02_TABLE_CONTEXT,TRANSLATION_APPROVED,NO,Standalone material entry next to Orichalcum.
I02_TERM_205,ファイヤー,Fire,Fire,82 65 82 89 82 92 82 85,magic_names,0x38,1,Active Bank 0x38 magic-name table entry.,8,4,4,16,8,32,STATIC_WIDTH_PRECHECK_PASS,I02_TABLE_CONTEXT,TRANSLATION_APPROVED,NO,Magic-name table entry.
I02_TERM_206,火の玉を飛ばす,Shoots a fireball.,Shoots fireball.,82 72 82 88 82 8F 82 8F 82 94 82 93 81 40 82 86 82 89 82 92 82 85 82 82 82 81 82 8C 82 8C 81 44,magic_descriptions,0x38,1,Active Bank 0x38 magic-description table entry.,16,16,16,32,32,128,STATIC_WIDTH_PRECHECK_PASS,EDITORIAL_WIDTH_COMPACT,TRANSLATION_APPROVED,NO,Sixteen-glyph description-line form.
