frame	opcode	stream_offset
8202	2DD6	0FA2
8203	2D40	0FBC
8204	2D5A	0FBE
8228	2E1A	0FC0
8528	2D78	0FC4
8529	2D92	0FC6
8553	2DD6	0FC8
8554	2DD6	0FE4
8555	2D40	0FFC
8556	2D5A	0FFE
8580	2E1A	1000
8880	2D78	1004
8881	2D92	1006
8905	2DD6	1008
8906	2D40	1028
8907	2D5A	102A
8931	2E1A	102C
9231	2D78	1030
9232	2D92	1032
9256	2DD6	1034
9257	2D40	104C
9258	2D5A	104E
9282	2E1A	1050
9582	2D78	1054
9583	2D92	1056
9607	2DD6	1058
9609	2D40	107E
9610	2D5A	1080
9634	2E1A	1082
9934	2D78	1086
9935	2D92	1088
9959	2DD6	108A
9960	2D40	10AA
9961	2D5A	10AC
9985	2E1A	10AE
10285	2D78	10B2
10286	2D92	10B4
10310	2DD6	10B6
10311	2DD6	10D2
10312	2D40	10E6
10313	2D5A	10E8
10337	2E1A	10EA
10637	2D78	10EE
10638	2D92	10F0
10662	2DD6	10F2
10663	2D40	1112
10664	2D5A	1114
10688	2E1A	1116
10988	2D78	111A
10989	2D92	111C
11013	2DD6	111E
11015	2D40	1142
11016	2D5A	1144
11040	2E1A	1146
11340	2D78	114A
11341	2D92	114C
11365	2DD6	114E
11366	2DD6	116A
11367	2D40	117C
11368	2D5A	117E
11392	2E1A	1180
11692	2D78	1184
11693	2D92	1186
11717	2DD6	1188
11718	2D40	11A0
11719	2D5A	11A2
11743	2E1A	11A4
12043	2D78	11A8
12044	2D92	11AA
12068	2DD6	11AC
12069	2DD6	11C4
12070	2D40	11E0
12071	2D5A	11E2
12095	2E1A	11E4
12395	2D78	11E8
12396	2D92	11EA
12420	2DD6	11EC
12421	2D40	1204
12422	2D5A	1206
12446	2E1A	1208
12746	2D78	120C
12747	2D92	120E
12771	2DD6	1210
12772	2DD6	1224
12773	2D40	1238
12774	2D5A	123A
12798	2E1A	123C
13098	2D78	1240
13099	2D92	1242
13123	2DD6	1244
13124	2DD6	125C
13125	2D40	1274
13126	2D5A	1276
13150	2E1A	1278
13450	2D78	127C
13451	2D92	127E
13475	2DD6	1280
13476	2D40	1292
13477	2D5A	1294
13501	2E1A	1296
13801	2D78	129A
13802	2D92	129C
13826	2DD6	129E
13827	2D40	12B8
13828	2D5A	12BA
13852	2E1A	12BC
14152	2D78	12C0
14153	2D92	12C2
14177	2DD6	12C4
14178	2D40	12DC
14179	2D5A	12DE
14203	2E1A	12E0
14503	2D78	12E4
14504	2D92	12E6
14528	2DD6	12E8
14529	2D40	12FC
14530	2D5A	12FE
14554	2E1A	1300
14854	2D78	1304
14855	2D92	1306
14879	2DD6	1308
14880	2DD6	131E
14881	2D40	1334
14882	2D5A	1336
14906	2E1A	1338
15206	2D78	133C
15207	2D92	133E
15231	2DD6	1340
15232	2DD6	1358
15233	2D40	1376
15234	2D5A	1378
15258	2E1A	137A
15558	2D78	137E
15559	2D92	1380
15583	2DD6	1382
15585	2D40	13A6
15586	2D5A	13A8
15610	2E1A	13AA
15910	2D78	13AE
15911	2D92	13B0
15935	2DD6	13B2
15936	2D40	13CE
15937	2D5A	13D0
15961	2E1A	13D2
16261	2D78	13D6
16262	2D92	13D8
16286	2DD6	13DA
16288	2D40	1400
16289	2D5A	1402
16313	2E1A	1404
16613	2D78	1408
16614	2D92	140A
16638	2DD6	140C
16639	2DD6	1422
16640	2D40	143C
16641	2D5A	143E
16665	2E1A	1440
16965	2D78	1444
16966	2D92	1446
16990	2DD6	1448
16991	2DD6	1460
16992	2D40	1482
16993	2D5A	1484
17017	2E1A	1486
17317	2D78	148A
17318	2D92	148C
17342	2DD6	148E
17343	2DD6	14A4
17344	2D40	14C6
17345	2D5A	14C8
17369	2E1A	14CA
17669	2D78	14CE
17670	2D92	14D0
17694	2DD6	14D2
17695	2DD6	14E6
17696	2D40	14FA
17697	2D5A	14FC
17721	2E1A	14FE
18021	2D78	1502
18022	2D92	1504
18046	2DD6	1506
18047	2DD6	1520
18049	2D40	1546
18050	2D5A	1548
18074	2E1A	154A
18374	2D78	154E
18375	2D92	1550
18399	2DD6	1552
18400	2DD6	156C
18401	2D40	1584
18402	2D5A	1586
18426	2E1A	1588
18726	2D78	158C
18727	2D92	158E
18751	2DD6	1590
18752	2DD6	15AC
18753	2D40	15C4
18754	2D5A	15C6
18778	2E1A	15C8
19078	2D78	15CC
19079	2D92	15CE
19103	2DD6	15D0
19104	2DD6	15EC
19105	2D40	15FE
19106	2D5A	1600
19130	2E1A	1602
19430	2D78	1606
19431	2D92	1608
19455	2DD6	160A
19456	2DD6	1622
19458	2D40	164A
19459	2D5A	164C
19483	2E1A	164E
19783	2D78	1652
19784	2D92	1654
19808	2DD6	1656
19809	2D40	1672
19810	2D5A	1674
19834	2E1A	1676
20134	2D78	167A
20135	2D92	167C
20159	2DD6	167E
20160	2D40	169A
20161	2D5A	169C
20185	2E1A	169E
20485	2D78	16A2
20486	2D92	16A4
20510	2DD6	16A6
20511	2D40	16C4
20512	2D5A	16C6
20536	2E1A	16C8
20836	2D78	16CC
20837	2D92	16CE
20861	2DD6	16D0
20862	2D40	16EC
20863	2D5A	16EE
20887	2E1A	16F0
21187	2D78	16F4
21188	2D92	16F6
21212	2DD6	16F8
21213	2DD6	1718
21214	2D40	1732
21215	2D5A	1734
21239	2E1A	1736
21539	2D78	173A
21540	2D92	173C
21564	2DD6	173E
21565	2D40	1756
21566	2D5A	1758
21590	2E1A	175A
21890	2D78	175E
21891	2D92	1760
21915	2DD6	1762
21916	2D40	1780
21917	2D5A	1782
21941	2E1A	1784
22241	2D78	1788
22242	2D92	178A
22266	2DD6	178C
22267	2D40	17A4
22268	2D5A	17A6
22292	2E1A	17A8
22592	2D78	17AC
22593	2D92	17AE
22617	2DD6	17B0
22618	2D40	17C8
22619	2D5A	17CA
22643	2E1A	17CC
22943	2D78	17D0
22944	2D92	17D2
22968	2DD6	17D4
22969	2D40	17F0
22970	2D5A	17F2
22994	2E1A	17F4
23294	2D78	17F8
23295	2D92	17FA
23319	2DD6	17FC
23321	2DD6	1824
23322	2DD6	1846
23324	2D40	186C
23325	2D5A	186E
23349	2E1A	1870
23649	2D78	1874
23650	2D92	1876
23674	2E1A	1878
24124	2DD6	187C
24125	2DD6	189C
24126	2D40	18B0
24127	2D5A	18B2
24151	2E1A	18B4
24451	2D78	18B8
24452	2D92	18BA
24476	2E32	18BC
24477	0000	18BE
