offset,japanese,same_as_jp,same_as_f34,classification,consumer
0x195816,ティラワカ,False,True,UNRESOLVED_CONSUMER_NOT_PROVEN_INVISIBLE,No display consumer proven by this static audit
0x196024,ザイオン,False,True,UNRESOLVED_CONSUMER_NOT_PROVEN_INVISIBLE,No display consumer proven by this static audit
0x196314,アクセルン,False,True,UNRESOLVED_CONSUMER_NOT_PROVEN_INVISIBLE,No display consumer proven by this static audit
0x196632,ラズリーン,False,True,UNRESOLVED_CONSUMER_NOT_PROVEN_INVISIBLE,No display consumer proven by this static audit
0x1966B2,アステリオ,False,True,UNRESOLVED_CONSUMER_NOT_PROVEN_INVISIBLE,No display consumer proven by this static audit
0x196984,ティラワカ,False,True,UNRESOLVED_CONSUMER_NOT_PROVEN_INVISIBLE,No display consumer proven by this static audit
0x196BC6,ティラワカ,False,True,UNRESOLVED_CONSUMER_NOT_PROVEN_INVISIBLE,No display consumer proven by this static audit
0x196D36,ティラワカ,False,True,UNRESOLVED_CONSUMER_NOT_PROVEN_INVISIBLE,No display consumer proven by this static audit
0x1984DC,アクセルン,False,True,UNRESOLVED_CONSUMER_NOT_PROVEN_INVISIBLE,No display consumer proven by this static audit
0x198890,ラズリーン,False,True,UNRESOLVED_CONSUMER_NOT_PROVEN_INVISIBLE,No display consumer proven by this static audit
0x198BE2,アステリオ,False,True,UNRESOLVED_CONSUMER_NOT_PROVEN_INVISIBLE,No display consumer proven by this static audit
0x19BA14,ルヴァーナ,False,True,UNRESOLVED_CONSUMER_NOT_PROVEN_INVISIBLE,No display consumer proven by this static audit
0x19BC74,ブーマンナ,False,True,UNRESOLVED_CONSUMER_NOT_PROVEN_INVISIBLE,No display consumer proven by this static audit
0x19C2CE,マイルス,False,True,UNRESOLVED_CONSUMER_NOT_PROVEN_INVISIBLE,No display consumer proven by this static audit
0x19CEE8,ザガンス,False,True,UNRESOLVED_CONSUMER_NOT_PROVEN_INVISIBLE,No display consumer proven by this static audit
0x19CF4E,プリモリア,False,True,UNRESOLVED_CONSUMER_NOT_PROVEN_INVISIBLE,No display consumer proven by this static audit
0x19D174,モコンス,False,True,UNRESOLVED_CONSUMER_NOT_PROVEN_INVISIBLE,No display consumer proven by this static audit
0x19EF0C,スプルス,False,True,UNRESOLVED_CONSUMER_NOT_PROVEN_INVISIBLE,No display consumer proven by this static audit
0x19EF76,エアリエル,False,True,UNRESOLVED_CONSUMER_NOT_PROVEN_INVISIBLE,No display consumer proven by this static audit
0x1A062E,ボーグル,False,True,UNRESOLVED_CONSUMER_NOT_PROVEN_INVISIBLE,No display consumer proven by this static audit
0x1A0722,ティック,False,True,UNRESOLVED_CONSUMER_NOT_PROVEN_INVISIBLE,No display consumer proven by this static audit
0x1A0D16,ペッティ－,False,True,UNRESOLVED_CONSUMER_NOT_PROVEN_INVISIBLE,No display consumer proven by this static audit
0x1A0EBE,ブルベガー,False,True,UNRESOLVED_CONSUMER_NOT_PROVEN_INVISIBLE,No display consumer proven by this static audit
0x1A109E,スレイド,False,True,UNRESOLVED_CONSUMER_NOT_PROVEN_INVISIBLE,No display consumer proven by this static audit
0x1A11C0,エルフィー,False,True,UNRESOLVED_CONSUMER_NOT_PROVEN_INVISIBLE,No display consumer proven by this static audit
0x1A14B0,ネルフィー,False,True,UNRESOLVED_CONSUMER_NOT_PROVEN_INVISIBLE,No display consumer proven by this static audit
0x1A16C0,シルフィス,False,True,UNRESOLVED_CONSUMER_NOT_PROVEN_INVISIBLE,No display consumer proven by this static audit
0x1A1B9A,ギガガス,False,True,UNRESOLVED_CONSUMER_NOT_PROVEN_INVISIBLE,No display consumer proven by this static audit
0x1A54EE,レアルス,False,True,UNRESOLVED_CONSUMER_NOT_PROVEN_INVISIBLE,No display consumer proven by this static audit
0x1A557C,ゼファー,False,True,UNRESOLVED_CONSUMER_NOT_PROVEN_INVISIBLE,No display consumer proven by this static audit
0x1A5604,パンチョ,False,True,UNRESOLVED_CONSUMER_NOT_PROVEN_INVISIBLE,No display consumer proven by this static audit
0x1A65DE,オラージュ,False,True,UNRESOLVED_CONSUMER_NOT_PROVEN_INVISIBLE,No display consumer proven by this static audit
0x1A67C0,パスクル,False,True,UNRESOLVED_CONSUMER_NOT_PROVEN_INVISIBLE,No display consumer proven by this static audit
0x1A70FA,スプリガン,False,True,UNRESOLVED_CONSUMER_NOT_PROVEN_INVISIBLE,No display consumer proven by this static audit
0x1A752A,メケメケ,False,True,UNRESOLVED_CONSUMER_NOT_PROVEN_INVISIBLE,No display consumer proven by this static audit
0x1A768A,ルルドガン,False,True,UNRESOLVED_CONSUMER_NOT_PROVEN_INVISIBLE,No display consumer proven by this static audit
0x1A9932,ピッキオン,False,True,UNRESOLVED_CONSUMER_NOT_PROVEN_INVISIBLE,No display consumer proven by this static audit
0x1AB06E,ラーズール,False,True,UNRESOLVED_CONSUMER_NOT_PROVEN_INVISIBLE,No display consumer proven by this static audit
0x1AB41E,ケミスガン,False,True,UNRESOLVED_CONSUMER_NOT_PROVEN_INVISIBLE,No display consumer proven by this static audit
0x1B07EE,バルビーン,False,True,UNRESOLVED_CONSUMER_NOT_PROVEN_INVISIBLE,No display consumer proven by this static audit
0x1B182E,ボイジャー,False,True,UNRESOLVED_CONSUMER_NOT_PROVEN_INVISIBLE,No display consumer proven by this static audit
0x1B1C0E,エンゴルン,False,True,UNRESOLVED_CONSUMER_NOT_PROVEN_INVISIBLE,No display consumer proven by this static audit
0x1B45D4,ジムス,False,True,UNRESOLVED_CONSUMER_NOT_PROVEN_INVISIBLE,No display consumer proven by this static audit
0x1B4B56,ラドルース,False,True,UNRESOLVED_CONSUMER_NOT_PROVEN_INVISIBLE,No display consumer proven by this static audit
0x1B4DE4,ライム・ケロ,False,True,UNRESOLVED_CONSUMER_NOT_PROVEN_INVISIBLE,No display consumer proven by this static audit
0x1B52FA,デデークン,False,True,UNRESOLVED_CONSUMER_NOT_PROVEN_INVISIBLE,No display consumer proven by this static audit
0x1B535E,ランバーン,False,True,UNRESOLVED_CONSUMER_NOT_PROVEN_INVISIBLE,No display consumer proven by this static audit
0x1B562E,スパークン,False,True,UNRESOLVED_CONSUMER_NOT_PROVEN_INVISIBLE,No display consumer proven by this static audit
0x1B56A0,ペペークン,False,True,UNRESOLVED_CONSUMER_NOT_PROVEN_INVISIBLE,No display consumer proven by this static audit
0x1B7D0A,ティラワカミ,False,True,UNRESOLVED_CONSUMER_NOT_PROVEN_INVISIBLE,No display consumer proven by this static audit
0x1B7EAC,ホーン,False,True,UNRESOLVED_CONSUMER_NOT_PROVEN_INVISIBLE,No display consumer proven by this static audit
0x1B958A,ヴーガーン,False,True,UNRESOLVED_CONSUMER_NOT_PROVEN_INVISIBLE,No display consumer proven by this static audit
0x1B9698,ホーミィン,False,True,UNRESOLVED_CONSUMER_NOT_PROVEN_INVISIBLE,No display consumer proven by this static audit
0x1BBEC2,メタリコン,False,True,UNRESOLVED_CONSUMER_NOT_PROVEN_INVISIBLE,No display consumer proven by this static audit
0x1BC12E,キューティー,False,True,UNRESOLVED_CONSUMER_NOT_PROVEN_INVISIBLE,No display consumer proven by this static audit
0x1BC2F0,メアキーン,False,True,UNRESOLVED_CONSUMER_NOT_PROVEN_INVISIBLE,No display consumer proven by this static audit
0x1BC7FE,シールーン,False,True,UNRESOLVED_CONSUMER_NOT_PROVEN_INVISIBLE,No display consumer proven by this static audit
0x1BCA68,ウィーヴン,False,True,UNRESOLVED_CONSUMER_NOT_PROVEN_INVISIBLE,No display consumer proven by this static audit
0x1BE55A,ウィッチャー,False,True,UNRESOLVED_CONSUMER_NOT_PROVEN_INVISIBLE,No display consumer proven by this static audit
0x1BE686,ダムダムン,False,True,UNRESOLVED_CONSUMER_NOT_PROVEN_INVISIBLE,No display consumer proven by this static audit
0x1BE7E2,レイヴンン,False,True,UNRESOLVED_CONSUMER_NOT_PROVEN_INVISIBLE,No display consumer proven by this static audit
0x1BF1E0,ブッカブー,False,True,UNRESOLVED_CONSUMER_NOT_PROVEN_INVISIBLE,No display consumer proven by this static audit
0x1BF25C,モズィーン,False,True,UNRESOLVED_CONSUMER_NOT_PROVEN_INVISIBLE,No display consumer proven by this static audit
0x1BF504,えいへい,False,True,UNRESOLVED_CONSUMER_NOT_PROVEN_INVISIBLE,No display consumer proven by this static audit
0x1BFE18,クリム・アー,False,True,UNRESOLVED_CONSUMER_NOT_PROVEN_INVISIBLE,No display consumer proven by this static audit
0x1BFE88,リンネルド,False,True,UNRESOLVED_CONSUMER_NOT_PROVEN_INVISIBLE,No display consumer proven by this static audit
0x1BFF5A,モーラルド,False,True,UNRESOLVED_CONSUMER_NOT_PROVEN_INVISIBLE,No display consumer proven by this static audit
0x1C1AEC,ライノット,False,True,UNRESOLVED_CONSUMER_NOT_PROVEN_INVISIBLE,No display consumer proven by this static audit
0x1C20DE,イリアーン,False,True,UNRESOLVED_CONSUMER_NOT_PROVEN_INVISIBLE,No display consumer proven by this static audit
0x1C21AA,キッチキコッチキ,False,True,UNRESOLVED_CONSUMER_NOT_PROVEN_INVISIBLE,No display consumer proven by this static audit
0x1C4734,ハーベルン,False,True,UNRESOLVED_CONSUMER_NOT_PROVEN_INVISIBLE,No display consumer proven by this static audit
0x1C48B6,アージェス,False,True,UNRESOLVED_CONSUMER_NOT_PROVEN_INVISIBLE,No display consumer proven by this static audit
0x1C4F28,ピコットン,False,True,UNRESOLVED_CONSUMER_NOT_PROVEN_INVISIBLE,No display consumer proven by this static audit
0x1C52CE,メローーン,False,True,UNRESOLVED_CONSUMER_NOT_PROVEN_INVISIBLE,No display consumer proven by this static audit
0x1C57A8,ヴァウルド,False,True,UNRESOLVED_CONSUMER_NOT_PROVEN_INVISIBLE,No display consumer proven by this static audit
0x1C5A1A,エミュール,False,True,UNRESOLVED_CONSUMER_NOT_PROVEN_INVISIBLE,No display consumer proven by this static audit
0x1C5A84,ポーチュン,False,True,UNRESOLVED_CONSUMER_NOT_PROVEN_INVISIBLE,No display consumer proven by this static audit
0x1C5B36,アルルルン,False,True,UNRESOLVED_CONSUMER_NOT_PROVEN_INVISIBLE,No display consumer proven by this static audit
0x1C6968,プッカーン,False,True,UNRESOLVED_CONSUMER_NOT_PROVEN_INVISIBLE,No display consumer proven by this static audit
0x1C6EBE,リリアンン,False,True,UNRESOLVED_CONSUMER_NOT_PROVEN_INVISIBLE,No display consumer proven by this static audit
0x1C7326,オデオンン,False,True,UNRESOLVED_CONSUMER_NOT_PROVEN_INVISIBLE,No display consumer proven by this static audit
0x1C7BB0,キルミスター,False,True,UNRESOLVED_CONSUMER_NOT_PROVEN_INVISIBLE,No display consumer proven by this static audit
0x1C7C1C,ピピンンン,False,True,UNRESOLVED_CONSUMER_NOT_PROVEN_INVISIBLE,No display consumer proven by this static audit
0x1CB0B4,シーハンター,False,True,UNRESOLVED_CONSUMER_NOT_PROVEN_INVISIBLE,No display consumer proven by this static audit
0x1CBA4C,サンディター,False,True,UNRESOLVED_CONSUMER_NOT_PROVEN_INVISIBLE,No display consumer proven by this static audit
0x1CBE34,ヴァルナック,False,True,UNRESOLVED_CONSUMER_NOT_PROVEN_INVISIBLE,No display consumer proven by this static audit
0x1CBF9E,アンジー,False,True,UNRESOLVED_CONSUMER_NOT_PROVEN_INVISIBLE,No display consumer proven by this static audit
0x1CC354,アイシアック,False,True,UNRESOLVED_CONSUMER_NOT_PROVEN_INVISIBLE,No display consumer proven by this static audit
0x1CE108,グリップター,False,True,UNRESOLVED_CONSUMER_NOT_PROVEN_INVISIBLE,No display consumer proven by this static audit
0x1CE1D4,フィルボルグス,False,True,UNRESOLVED_CONSUMER_NOT_PROVEN_INVISIBLE,No display consumer proven by this static audit
0x1CE682,ザックスター,False,True,UNRESOLVED_CONSUMER_NOT_PROVEN_INVISIBLE,No display consumer proven by this static audit
0x1CE860,エルノリアー,False,True,UNRESOLVED_CONSUMER_NOT_PROVEN_INVISIBLE,No display consumer proven by this static audit
0x1CF5E0,アップルター,False,True,UNRESOLVED_CONSUMER_NOT_PROVEN_INVISIBLE,No display consumer proven by this static audit
0x1CFD14,ランチスター,False,True,UNRESOLVED_CONSUMER_NOT_PROVEN_INVISIBLE,No display consumer proven by this static audit
0x1CFEDC,シャイニーー,False,True,UNRESOLVED_CONSUMER_NOT_PROVEN_INVISIBLE,No display consumer proven by this static audit
0x1CFF4E,グリゴリター,False,True,UNRESOLVED_CONSUMER_NOT_PROVEN_INVISIBLE,No display consumer proven by this static audit
0x1D1FB4,ホライズン,False,True,UNRESOLVED_CONSUMER_NOT_PROVEN_INVISIBLE,No display consumer proven by this static audit
0x1D20A2,ピーポーン,False,True,UNRESOLVED_CONSUMER_NOT_PROVEN_INVISIBLE,No display consumer proven by this static audit
0x1D2190,ファインン,False,True,UNRESOLVED_CONSUMER_NOT_PROVEN_INVISIBLE,No display consumer proven by this static audit
0x1D21FC,ルゼルーン,False,True,UNRESOLVED_CONSUMER_NOT_PROVEN_INVISIBLE,No display consumer proven by this static audit
0x1D23EA,ケルロンン,False,True,UNRESOLVED_CONSUMER_NOT_PROVEN_INVISIBLE,No display consumer proven by this static audit
0x1D245A,チルドーン,False,True,UNRESOLVED_CONSUMER_NOT_PROVEN_INVISIBLE,No display consumer proven by this static audit
0x1D3A6E,セルヴァン,False,True,UNRESOLVED_CONSUMER_NOT_PROVEN_INVISIBLE,No display consumer proven by this static audit
0x1D42AE,ドランクン,False,True,UNRESOLVED_CONSUMER_NOT_PROVEN_INVISIBLE,No display consumer proven by this static audit
0x1D4316,ソール・ドゥー,False,True,UNRESOLVED_CONSUMER_NOT_PROVEN_INVISIBLE,No display consumer proven by this static audit
0x1D6688,ローンーン,False,True,UNRESOLVED_CONSUMER_NOT_PROVEN_INVISIBLE,No display consumer proven by this static audit
0x1D67C6,ヤモックン,False,True,UNRESOLVED_CONSUMER_NOT_PROVEN_INVISIBLE,No display consumer proven by this static audit
0x1D6AAE,ジュジュン,False,True,UNRESOLVED_CONSUMER_NOT_PROVEN_INVISIBLE,No display consumer proven by this static audit
0x1D7F42,ノッカーン,False,True,UNRESOLVED_CONSUMER_NOT_PROVEN_INVISIBLE,No display consumer proven by this static audit
0x1D83B0,チョコチョコ,False,True,UNRESOLVED_CONSUMER_NOT_PROVEN_INVISIBLE,No display consumer proven by this static audit
0x1D857C,リオスーン,False,True,UNRESOLVED_CONSUMER_NOT_PROVEN_INVISIBLE,No display consumer proven by this static audit
0x1D85E6,レモンーン,False,True,UNRESOLVED_CONSUMER_NOT_PROVEN_INVISIBLE,No display consumer proven by this static audit
0x1D9232,トペークン,False,True,UNRESOLVED_CONSUMER_NOT_PROVEN_INVISIBLE,No display consumer proven by this static audit
0x1D93C8,ベルフェゴー,False,True,UNRESOLVED_CONSUMER_NOT_PROVEN_INVISIBLE,No display consumer proven by this static audit
0x1D98B2,ミューズン,False,True,UNRESOLVED_CONSUMER_NOT_PROVEN_INVISIBLE,No display consumer proven by this static audit
0x1D9A10,ゲンマクン,False,True,UNRESOLVED_CONSUMER_NOT_PROVEN_INVISIBLE,No display consumer proven by this static audit
0x1DB6F6,ソール・アン,False,True,UNRESOLVED_CONSUMER_NOT_PROVEN_INVISIBLE,No display consumer proven by this static audit
0x1DB79C,マーヤクン,False,True,UNRESOLVED_CONSUMER_NOT_PROVEN_INVISIBLE,No display consumer proven by this static audit
0x1DC620,ファビット,False,True,UNRESOLVED_CONSUMER_NOT_PROVEN_INVISIBLE,No display consumer proven by this static audit
0x1E7318,ポコ,False,True,UNRESOLVED_CONSUMER_NOT_PROVEN_INVISIBLE,No display consumer proven by this static audit
0x1E8036,ピボットン,False,True,UNRESOLVED_CONSUMER_NOT_PROVEN_INVISIBLE,No display consumer proven by this static audit
0x1E8324,ブラウンン,False,True,UNRESOLVED_CONSUMER_NOT_PROVEN_INVISIBLE,No display consumer proven by this static audit
0x1E8D2C,ユッキーン,False,True,UNRESOLVED_CONSUMER_NOT_PROVEN_INVISIBLE,No display consumer proven by this static audit
0x1E9878,シーザンン,False,True,UNRESOLVED_CONSUMER_NOT_PROVEN_INVISIBLE,No display consumer proven by this static audit
0x1E99AE,ガンジェン,False,True,UNRESOLVED_CONSUMER_NOT_PROVEN_INVISIBLE,No display consumer proven by this static audit
0x1E9AA6,いんぎまる,False,True,UNRESOLVED_CONSUMER_NOT_PROVEN_INVISIBLE,No display consumer proven by this static audit
0x1EA1BA,コモコモン,False,True,UNRESOLVED_CONSUMER_NOT_PROVEN_INVISIBLE,No display consumer proven by this static audit
0x1EA226,チコリーン,False,True,UNRESOLVED_CONSUMER_NOT_PROVEN_INVISIBLE,No display consumer proven by this static audit
0x1EA65A,スウィート,False,True,UNRESOLVED_CONSUMER_NOT_PROVEN_INVISIBLE,No display consumer proven by this static audit
0x1EA6C6,キララーン,False,True,UNRESOLVED_CONSUMER_NOT_PROVEN_INVISIBLE,No display consumer proven by this static audit
0x1EA72C,ユギカーン,False,True,UNRESOLVED_CONSUMER_NOT_PROVEN_INVISIBLE,No display consumer proven by this static audit
0x1EBA50,ボーハンン,False,True,UNRESOLVED_CONSUMER_NOT_PROVEN_INVISIBLE,No display consumer proven by this static audit
0x1ECD5A,クインーン,False,True,UNRESOLVED_CONSUMER_NOT_PROVEN_INVISIBLE,No display consumer proven by this static audit
0x1EF15C,ガジゴジン,False,True,UNRESOLVED_CONSUMER_NOT_PROVEN_INVISIBLE,No display consumer proven by this static audit
0x1EF1C4,プリズモン,False,True,UNRESOLVED_CONSUMER_NOT_PROVEN_INVISIBLE,No display consumer proven by this static audit
0x1EF356,ビブラーン,False,True,UNRESOLVED_CONSUMER_NOT_PROVEN_INVISIBLE,No display consumer proven by this static audit
0x1EFBA6,チャムーン,False,True,UNRESOLVED_CONSUMER_NOT_PROVEN_INVISIBLE,No display consumer proven by this static audit
0x1EFCF2,せりカーン,False,True,UNRESOLVED_CONSUMER_NOT_PROVEN_INVISIBLE,No display consumer proven by this static audit
0x1EFD62,パルパッコ,False,True,UNRESOLVED_CONSUMER_NOT_PROVEN_INVISIBLE,No display consumer proven by this static audit
0x1F0524,レクリーン,False,True,UNRESOLVED_CONSUMER_NOT_PROVEN_INVISIBLE,No display consumer proven by this static audit
0x1F083C,リーハン,False,True,UNRESOLVED_CONSUMER_NOT_PROVEN_INVISIBLE,No display consumer proven by this static audit
0x1F1290,サフラーン,False,True,UNRESOLVED_CONSUMER_NOT_PROVEN_INVISIBLE,No display consumer proven by this static audit
0x1F14A8,クシュラン,False,True,UNRESOLVED_CONSUMER_NOT_PROVEN_INVISIBLE,No display consumer proven by this static audit
0x1F2A4E,チョチョポロン,False,True,UNRESOLVED_CONSUMER_NOT_PROVEN_INVISIBLE,No display consumer proven by this static audit
0x1F2CD2,ぎんがーン,False,True,UNRESOLVED_CONSUMER_NOT_PROVEN_INVISIBLE,No display consumer proven by this static audit
0x1F2F94,ジールーン,False,True,UNRESOLVED_CONSUMER_NOT_PROVEN_INVISIBLE,No display consumer proven by this static audit
0x1F38B0,アーピーン,False,True,UNRESOLVED_CONSUMER_NOT_PROVEN_INVISIBLE,No display consumer proven by this static audit
0x1F3CAC,ライム・ライ,False,True,UNRESOLVED_CONSUMER_NOT_PROVEN_INVISIBLE,No display consumer proven by this static audit
0x1F3F16,マロスーン,False,True,UNRESOLVED_CONSUMER_NOT_PROVEN_INVISIBLE,No display consumer proven by this static audit
0x1F64C6,ヤパニンン,False,True,UNRESOLVED_CONSUMER_NOT_PROVEN_INVISIBLE,No display consumer proven by this static audit
0x1F65C2,みづきクン,False,True,UNRESOLVED_CONSUMER_NOT_PROVEN_INVISIBLE,No display consumer proven by this static audit
0x1F726C,かなみクン,False,True,UNRESOLVED_CONSUMER_NOT_PROVEN_INVISIBLE,No display consumer proven by this static audit
0x1F7410,ゆきかぜン,False,True,UNRESOLVED_CONSUMER_NOT_PROVEN_INVISIBLE,No display consumer proven by this static audit
0x1F965A,ビーンズ,False,True,UNRESOLVED_CONSUMER_NOT_PROVEN_INVISIBLE,No display consumer proven by this static audit
0x1F99E2,みことクン,False,True,UNRESOLVED_CONSUMER_NOT_PROVEN_INVISIBLE,No display consumer proven by this static audit
0x1F9B28,こはるクン,False,True,UNRESOLVED_CONSUMER_NOT_PROVEN_INVISIBLE,No display consumer proven by this static audit
0x1FAD6A,クリム・ベー,False,True,UNRESOLVED_CONSUMER_NOT_PROVEN_INVISIBLE,No display consumer proven by this static audit
0x1FADE8,ゴスボロン,False,True,UNRESOLVED_CONSUMER_NOT_PROVEN_INVISIBLE,No display consumer proven by this static audit
0x1FAE5C,チョップン,False,True,UNRESOLVED_CONSUMER_NOT_PROVEN_INVISIBLE,No display consumer proven by this static audit
0x1FB05E,リムナーン,False,True,UNRESOLVED_CONSUMER_NOT_PROVEN_INVISIBLE,No display consumer proven by this static audit
0x1FB0C4,スナフーン,False,True,UNRESOLVED_CONSUMER_NOT_PROVEN_INVISIBLE,No display consumer proven by this static audit
0x1FB12A,タムタムン,False,True,UNRESOLVED_CONSUMER_NOT_PROVEN_INVISIBLE,No display consumer proven by this static audit
0x1FB552,ガイゴール,False,True,UNRESOLVED_CONSUMER_NOT_PROVEN_INVISIBLE,No display consumer proven by this static audit
0x1FB992,ノアノアン,False,True,UNRESOLVED_CONSUMER_NOT_PROVEN_INVISIBLE,No display consumer proven by this static audit
0x1FBBF6,ミラーガン,False,True,UNRESOLVED_CONSUMER_NOT_PROVEN_INVISIBLE,No display consumer proven by this static audit
0x1FBC5E,エスピスック,False,True,UNRESOLVED_CONSUMER_NOT_PROVEN_INVISIBLE,No display consumer proven by this static audit
0x1FBEC6,ウーファン,False,True,UNRESOLVED_CONSUMER_NOT_PROVEN_INVISIBLE,No display consumer proven by this static audit
0x1FC026,チェックン,False,True,UNRESOLVED_CONSUMER_NOT_PROVEN_INVISIBLE,No display consumer proven by this static audit
0x20021C,ストラムン,False,True,UNRESOLVED_CONSUMER_NOT_PROVEN_INVISIBLE,No display consumer proven by this static audit
0x20028A,ボーマンン,False,True,UNRESOLVED_CONSUMER_NOT_PROVEN_INVISIBLE,No display consumer proven by this static audit
0x2002F2,ウリルロート,False,True,UNRESOLVED_CONSUMER_NOT_PROVEN_INVISIBLE,No display consumer proven by this static audit
0x200368,ヴァイカート,False,True,UNRESOLVED_CONSUMER_NOT_PROVEN_INVISIBLE,No display consumer proven by this static audit
0x200B16,シルキーン,False,True,UNRESOLVED_CONSUMER_NOT_PROVEN_INVISIBLE,No display consumer proven by this static audit
0x200B7E,ワンダーン,False,True,UNRESOLVED_CONSUMER_NOT_PROVEN_INVISIBLE,No display consumer proven by this static audit
0x200C6E,ペペカーン,False,True,UNRESOLVED_CONSUMER_NOT_PROVEN_INVISIBLE,No display consumer proven by this static audit
0x200E80,ウィスピー,False,True,UNRESOLVED_CONSUMER_NOT_PROVEN_INVISIBLE,No display consumer proven by this static audit
0x2012B4,ムータンン,False,True,UNRESOLVED_CONSUMER_NOT_PROVEN_INVISIBLE,No display consumer proven by this static audit
0x20135A,ナゼトーン,False,True,UNRESOLVED_CONSUMER_NOT_PROVEN_INVISIBLE,No display consumer proven by this static audit
0x2052BC,ホーン,False,True,UNRESOLVED_CONSUMER_NOT_PROVEN_INVISIBLE,No display consumer proven by this static audit
0x206028,エクレアン,False,True,UNRESOLVED_CONSUMER_NOT_PROVEN_INVISIBLE,No display consumer proven by this static audit
0x206090,グリームン,False,True,UNRESOLVED_CONSUMER_NOT_PROVEN_INVISIBLE,No display consumer proven by this static audit
