offset,japanese,english,actor_id,actor_key1,actor_key2,opcode_offset,copy_consumer,buffer,render_consumer,sourceENreference,canonical_japanese,expected_before_hex16,after_hex16,tail_metadata_hex4,glyphs,max_width_pixels,classification,linguistic_mapping,runtime_copy,runtime_render,natural_reachability,visual_approval,next_op22,next_op22_distance_after_struct,note
0x195816,ティラワカ,Tirawaka,0x0014,0xFE10,0x0006,0x19580E,0x3973C8,actor+0x62 (16 bytes),0x39E929 -> 0x3AB7DE,I02_TERM_001,ティラワカ,836583428389838f834a000000000000,827382898292828182978281828b8281,00000200,8,64,PROVEN_CONSUMER_INITIAL_NAME,PASS,NOT_YET_RUN,REPRESENTATIVE_ONLY,NOT_VALIDATED,NOT_VALIDATED,0x195892,104,Exact JP match to approved glossary; not inferred from nearest OP22.
0x196024,ザイオン,Zion,0x0054,0x0410,0x00FE,0x19601C,0x3973C8,actor+0x62 (16 bytes),0x39E929 -> 0x3AB7DE,I02_TERM_002,ザイオン,83558343834983930000000000000000,82798289828f828e0000000000000000,02000400,4,32,PROVEN_CONSUMER_INITIAL_NAME,PASS,NOT_YET_RUN,REPRESENTATIVE_ONLY,NOT_VALIDATED,NOT_VALIDATED,0x196056,30,Exact JP match to approved glossary; not inferred from nearest OP22.
0x196314,アクセルン,Accel,0x01E0,0x0110,0x0008,0x19630C,0x3973C8,actor+0x62 (16 bytes),0x39E929 -> 0x3AB7DE,entity ID 0x01e0; table slot 0x386B60; real target 0x38FF4E,アクセル,8341834e835a838b8393000000000000,8260828382838285828c000000000000,00000000,5,40,PROVEN_CONSUMER_INITIAL_NAME,PASS,NOT_YET_RUN,REPRESENTATIVE_ONLY,NOT_VALIDATED,NOT_VALIDATED,0x196334,12,Actor ID indexing independently confirmed by 394228/39424A; field JP starts with canonical JP. Not inferred from nearest OP22.
0x196632,ラズリーン,Razly,0x01E6,0x0310,0x0005,0x19662A,0x3973C8,actor+0x62 (16 bytes),0x39E929 -> 0x3AB7DE,entity ID 0x01e6; table slot 0x386B6C; real target 0x38FDF6,ラズリー,83898359838a815b8393000000000000,82718281829a828c8299000000000000,00000000,5,40,PROVEN_CONSUMER_INITIAL_NAME,PASS,NOT_YET_RUN,REPRESENTATIVE_ONLY,NOT_VALIDATED,NOT_VALIDATED,0x196652,12,Actor ID indexing independently confirmed by 394228/39424A; field JP starts with canonical JP. Not inferred from nearest OP22.
0x1966B2,アステリオ,Asterio,0x01E1,0x0510,0x0008,0x1966AA,0x3973C8,actor+0x62 (16 bytes),0x39E929 -> 0x3AB7DE,entity ID 0x01e1; table slot 0x386B62; real target 0x38FDA8,アステリオ,834183588365838a8349000000000000,826082938294828582928289828f0000,00000000,7,56,PROVEN_CONSUMER_INITIAL_NAME,PASS,NOT_YET_RUN,REPRESENTATIVE_ONLY,NOT_VALIDATED,NOT_VALIDATED,0x1966D2,12,Actor ID indexing independently confirmed by 394228/39424A; field JP starts with canonical JP. Not inferred from nearest OP22.
0x196984,ティラワカ,Tirawaka,0x0014,0xFE10,0x0006,0x19697C,0x3973C8,actor+0x62 (16 bytes),0x39E929 -> 0x3AB7DE,I02_TERM_001,ティラワカ,836583428389838f834a000000000000,827382898292828182978281828b8281,00000200,8,64,PROVEN_CONSUMER_INITIAL_NAME,PASS,NOT_YET_RUN,REPRESENTATIVE_ONLY,NOT_VALIDATED,NOT_VALIDATED,0x1969B2,26,Exact JP match to approved glossary; not inferred from nearest OP22.
0x196BC6,ティラワカ,Tirawaka,0x0014,0xFE10,0x0006,0x196BBE,0x3973C8,actor+0x62 (16 bytes),0x39E929 -> 0x3AB7DE,I02_TERM_001,ティラワカ,836583428389838f834a000000000000,827382898292828182978281828b8281,00000200,8,64,PROVEN_CONSUMER_INITIAL_NAME,PASS,NOT_YET_RUN,REPRESENTATIVE_ONLY,NOT_VALIDATED,NOT_VALIDATED,0x196BF4,26,Exact JP match to approved glossary; not inferred from nearest OP22.
0x196D36,ティラワカ,Tirawaka,0x0014,0xFE10,0x0006,0x196D2E,0x3973C8,actor+0x62 (16 bytes),0x39E929 -> 0x3AB7DE,I02_TERM_001,ティラワカ,836583428389838f834a000000000000,827382898292828182978281828b8281,00000200,8,64,PROVEN_CONSUMER_INITIAL_NAME,PASS,NOT_YET_RUN,REPRESENTATIVE_ONLY,NOT_VALIDATED,NOT_VALIDATED,,,Exact JP match to approved glossary; not inferred from nearest OP22.
0x1984DC,アクセルン,Accel,0x01E0,0x0110,0x0008,0x1984D4,0x3973C8,actor+0x62 (16 bytes),0x39E929 -> 0x3AB7DE,entity ID 0x01e0; table slot 0x386B60; real target 0x38FF4E,アクセル,8341834e835a838b8393000000000000,8260828382838285828c000000000000,00000000,5,40,PROVEN_CONSUMER_INITIAL_NAME,PASS,NOT_YET_RUN,REPRESENTATIVE_ONLY,NOT_VALIDATED,NOT_VALIDATED,0x1984FC,12,Actor ID indexing independently confirmed by 394228/39424A; field JP starts with canonical JP. Not inferred from nearest OP22.
0x198890,ラズリーン,Razly,0x01E6,0x0310,0x0005,0x198888,0x3973C8,actor+0x62 (16 bytes),0x39E929 -> 0x3AB7DE,entity ID 0x01e6; table slot 0x386B6C; real target 0x38FDF6,ラズリー,83898359838a815b8393000000000000,82718281829a828c8299000000000000,00000000,5,40,PROVEN_CONSUMER_INITIAL_NAME,PASS,NOT_YET_RUN,REPRESENTATIVE_ONLY,NOT_VALIDATED,NOT_VALIDATED,0x1988B0,12,Actor ID indexing independently confirmed by 394228/39424A; field JP starts with canonical JP. Not inferred from nearest OP22.
0x198BE2,アステリオ,Asterio,0x01E1,0x0510,0x0008,0x198BDA,0x3973C8,actor+0x62 (16 bytes),0x39E929 -> 0x3AB7DE,entity ID 0x01e1; table slot 0x386B62; real target 0x38FDA8,アステリオ,834183588365838a8349000000000000,826082938294828582928289828f0000,00000000,7,56,PROVEN_CONSUMER_INITIAL_NAME,PASS,NOT_YET_RUN,REPRESENTATIVE_ONLY,NOT_VALIDATED,NOT_VALIDATED,0x198C02,12,Actor ID indexing independently confirmed by 394228/39424A; field JP starts with canonical JP. Not inferred from nearest OP22.
0x19BA14,ルヴァーナ,Luvana,0x01F2,0x0210,0x0009,0x19BA0C,0x3973C8,actor+0x62 (16 bytes),0x39E929 -> 0x3AB7DE,entity ID 0x01f2; table slot 0x386B84; real target 0x38FEA4,ルヴァーナ,838b83948340815b8369000000000000,826b829582968281828e828100000000,00000000,6,48,PROVEN_CONSUMER_INITIAL_NAME,PASS,NOT_YET_RUN,REPRESENTATIVE_ONLY,NOT_VALIDATED,NOT_VALIDATED,0x19BA34,12,Actor ID indexing independently confirmed by 394228/39424A; field JP starts with canonical JP. Not inferred from nearest OP22.
0x19BC74,ブーマンナ,Booman,0x0205,0x0210,0x000A,0x19BC6C,0x3973C8,actor+0x62 (16 bytes),0x39E929 -> 0x3AB7DE,entity ID 0x0205; table slot 0x386BAA; real target 0x136B06,ブーマン,8375815b837d83938369000000000000,8261828f828f828d8281828e00000000,00000000,6,48,PROVEN_CONSUMER_INITIAL_NAME,PASS,NOT_YET_RUN,REPRESENTATIVE_ONLY,NOT_VALIDATED,NOT_VALIDATED,0x19BC94,12,Actor ID indexing independently confirmed by 394228/39424A; field JP starts with canonical JP. Not inferred from nearest OP22.
0x19C2CE,マイルス,Miles,0x01EF,0x0510,0x0003,0x19C2C6,0x3973C8,actor+0x62 (16 bytes),0x39E929 -> 0x3AB7DE,entity ID 0x01ef; table slot 0x386B7E; real target 0x38FE7C,マイルス,837d8343838b83580000000000000000,826c8289828c82858293000000000000,00000000,5,40,PROVEN_CONSUMER_INITIAL_NAME,PASS,NOT_YET_RUN,REPRESENTATIVE_ONLY,NOT_VALIDATED,NOT_VALIDATED,0x19C2EE,12,Actor ID indexing independently confirmed by 394228/39424A; field JP starts with canonical JP. Not inferred from nearest OP22.
0x19CEE8,ザガンス,Zagan,0x020A,0x0110,0x000B,0x19CEE0,0x3973C8,actor+0x62 (16 bytes),0x39E929 -> 0x3AB7DE,entity ID 0x020a; table slot 0x386BB4; real target 0x136B42,ザガン,8355834b839383580000000000000000,8279828182878281828e000000000000,00000000,5,40,PROVEN_CONSUMER_INITIAL_NAME,PASS,NOT_YET_RUN,REPRESENTATIVE_ONLY,NOT_VALIDATED,NOT_VALIDATED,0x19CF08,12,Actor ID indexing independently confirmed by 394228/39424A; field JP starts with canonical JP. Not inferred from nearest OP22.
0x19CF4E,プリモリア,Primoria,0x0225,0x0110,0x000B,0x19CF46,0x3973C8,actor+0x62 (16 bytes),0x39E929 -> 0x3AB7DE,entity ID 0x0225; table slot 0x386BEA; real target 0x136C6E,プリモリア,8376838a8382838a8341000000000000,826f82928289828d828f829282898281,00000000,8,64,PROVEN_CONSUMER_INITIAL_NAME,PASS,NOT_YET_RUN,REPRESENTATIVE_ONLY,NOT_VALIDATED,NOT_VALIDATED,0x19CF6E,12,Actor ID indexing independently confirmed by 394228/39424A; field JP starts with canonical JP. Not inferred from nearest OP22.
0x19D174,モコンス,Mokon,0x023D,0x0410,0x0006,0x19D16C,0x3973C8,actor+0x62 (16 bytes),0x39E929 -> 0x3AB7DE,entity ID 0x023d; table slot 0x386C1A; real target 0x136D66,モコン,83828352839383580000000000000000,826c828f828b828f828e000000000000,00000000,5,40,PROVEN_CONSUMER_INITIAL_NAME,PASS,NOT_YET_RUN,REPRESENTATIVE_ONLY,NOT_VALIDATED,NOT_VALIDATED,0x19D194,12,Actor ID indexing independently confirmed by 394228/39424A; field JP starts with canonical JP. Not inferred from nearest OP22.
0x19EF0C,スプルス,Spul,0x0206,0x0310,0x0007,0x19EF04,0x3973C8,actor+0x62 (16 bytes),0x39E929 -> 0x3AB7DE,entity ID 0x0206; table slot 0x386BAC; real target 0x136B10,スプル,83588376838b83580000000000000000,827282908295828c0000000000000000,00000000,4,32,PROVEN_CONSUMER_INITIAL_NAME,PASS,NOT_YET_RUN,REPRESENTATIVE_ONLY,NOT_VALIDATED,NOT_VALIDATED,0x19EF2C,12,Actor ID indexing independently confirmed by 394228/39424A; field JP starts with canonical JP. Not inferred from nearest OP22.
0x19EF76,エアリエル,Ariel,0x0230,0x0110,0x0008,0x19EF6E,0x3973C8,actor+0x62 (16 bytes),0x39E929 -> 0x3AB7DE,entity ID 0x0230; table slot 0x386C00; real target 0x136CE0,エアリエル,83478341838a8347838b000000000000,8260829282898285828c000000000000,00000000,5,40,PROVEN_CONSUMER_INITIAL_NAME,PASS,NOT_YET_RUN,REPRESENTATIVE_ONLY,NOT_VALIDATED,NOT_VALIDATED,0x19EF96,12,Actor ID indexing independently confirmed by 394228/39424A; field JP starts with canonical JP. Not inferred from nearest OP22.
0x1A062E,ボーグル,Bogle,0x0211,0x0310,0x0004,0x1A0626,0x3973C8,actor+0x62 (16 bytes),0x39E929 -> 0x3AB7DE,entity ID 0x0211; table slot 0x386BC2; real target 0x136B94,ボーグル,837b815b834f838b0000000000000000,8261828f8287828c8285000000000000,00000000,5,40,PROVEN_CONSUMER_INITIAL_NAME,PASS,NOT_YET_RUN,REPRESENTATIVE_ONLY,NOT_VALIDATED,NOT_VALIDATED,0x1A064E,12,Actor ID indexing independently confirmed by 394228/39424A; field JP starts with canonical JP. Not inferred from nearest OP22.
0x1A0722,ティック,Tick,0x024F,0x0410,0x0005,0x1A071A,0x3973C8,actor+0x62 (16 bytes),0x39E929 -> 0x3AB7DE,entity ID 0x024f; table slot 0x386C3E; real target 0x136E1E,ティック,836583428362834e0000000000000000,827382898283828b0000000000000000,00000000,4,32,PROVEN_CONSUMER_INITIAL_NAME,PASS,NOT_YET_RUN,REPRESENTATIVE_ONLY,NOT_VALIDATED,NOT_VALIDATED,0x1A0742,12,Actor ID indexing independently confirmed by 394228/39424A; field JP starts with canonical JP. Not inferred from nearest OP22.
0x1A0D16,ペッティ－,Petty,0x0223,0x0310,0x0002,0x1A0D0E,0x3973C8,actor+0x62 (16 bytes),0x39E929 -> 0x3AB7DE,entity ID 0x0223; table slot 0x386BE6; real target 0x136C5A,ペッティ－,8379836283658342817c000000000000,826f8285829482948299000000000000,00000000,5,40,PROVEN_CONSUMER_INITIAL_NAME,PASS,NOT_YET_RUN,REPRESENTATIVE_ONLY,NOT_VALIDATED,NOT_VALIDATED,0x1A0D36,12,Actor ID indexing independently confirmed by 394228/39424A; field JP starts with canonical JP. Not inferred from nearest OP22.
0x1A0EBE,ブルベガー,Bulbegar,0x020D,0x0610,0x0007,0x1A0EB6,0x3973C8,actor+0x62 (16 bytes),0x39E929 -> 0x3AB7DE,entity ID 0x020d; table slot 0x386BBA; real target 0x136B66,ブルベガー,8375838b8378834b815b000000000000,82618295828c82828285828782818292,00000000,8,64,PROVEN_CONSUMER_INITIAL_NAME,PASS,NOT_YET_RUN,REPRESENTATIVE_ONLY,NOT_VALIDATED,NOT_VALIDATED,0x1A0EDE,12,Actor ID indexing independently confirmed by 394228/39424A; field JP starts with canonical JP. Not inferred from nearest OP22.
0x1A109E,スレイド,Slade,0x0259,0x0410,0x0006,0x1A1096,0x3973C8,actor+0x62 (16 bytes),0x39E929 -> 0x3AB7DE,entity ID 0x0259; table slot 0x386C52; real target 0x136E8A,スレイド,8358838c834383680000000000000000,8272828c828182848285000000000000,00000000,5,40,PROVEN_CONSUMER_INITIAL_NAME,PASS,NOT_YET_RUN,REPRESENTATIVE_ONLY,NOT_VALIDATED,NOT_VALIDATED,0x1A10BE,12,Actor ID indexing independently confirmed by 394228/39424A; field JP starts with canonical JP. Not inferred from nearest OP22.
0x1A11C0,エルフィー,Elfie,0x027D,0x0310,0x0006,0x1A11B8,0x3973C8,actor+0x62 (16 bytes),0x39E929 -> 0x3AB7DE,entity ID 0x027d; table slot 0x386C9A; real target 0x137012,エルフィー,8347838b83748342815b000000000000,8264828c828682898285000000000000,00000000,5,40,PROVEN_CONSUMER_INITIAL_NAME,PASS,NOT_YET_RUN,REPRESENTATIVE_ONLY,NOT_VALIDATED,NOT_VALIDATED,0x1A11E0,12,Actor ID indexing independently confirmed by 394228/39424A; field JP starts with canonical JP. Not inferred from nearest OP22.
0x1A14B0,ネルフィー,Nel,0x027A,0x0210,0x000B,0x1A14A8,0x3973C8,actor+0x62 (16 bytes),0x39E929 -> 0x3AB7DE,entity ID 0x027a; table slot 0x386C94; real target 0x136FF2,ネル,836c838b83748342815b000000000000,826d8285828c00000000000000000000,00000000,3,24,PROVEN_CONSUMER_INITIAL_NAME,PASS,NOT_YET_RUN,REPRESENTATIVE_ONLY,NOT_VALIDATED,NOT_VALIDATED,0x1A14D0,12,Actor ID indexing independently confirmed by 394228/39424A; field JP starts with canonical JP. Not inferred from nearest OP22.
0x1A16C0,シルフィス,Sylphis,0x0271,0x0110,0x0009,0x1A16B8,0x3973C8,actor+0x62 (16 bytes),0x39E929 -> 0x3AB7DE,entity ID 0x0271; table slot 0x386C82; real target 0x136F8E,シルフィス,8356838b837483428358000000000000,82728299828c82908288828982930000,00000000,7,56,PROVEN_CONSUMER_INITIAL_NAME,PASS,NOT_YET_RUN,REPRESENTATIVE_ONLY,NOT_VALIDATED,NOT_VALIDATED,0x1A16E0,12,Actor ID indexing independently confirmed by 394228/39424A; field JP starts with canonical JP. Not inferred from nearest OP22.
0x1A1B9A,ギガガス,Gigaga,0x0266,0x0310,0x000A,0x1A1B92,0x3973C8,actor+0x62 (16 bytes),0x39E929 -> 0x3AB7DE,entity ID 0x0266; table slot 0x386C6C; real target 0x136F24,ギガガ,834d834b834b83580000000000000000,82668289828782818287828100000000,00000000,6,48,PROVEN_CONSUMER_INITIAL_NAME,PASS,NOT_YET_RUN,REPRESENTATIVE_ONLY,NOT_VALIDATED,NOT_VALIDATED,0x1A1BBA,12,Actor ID indexing independently confirmed by 394228/39424A; field JP starts with canonical JP. Not inferred from nearest OP22.
0x1A54EE,レアルス,Rea,0x0232,0x0210,0x0008,0x1A54E6,0x3973C8,actor+0x62 (16 bytes),0x39E929 -> 0x3AB7DE,entity ID 0x0232; table slot 0x386C04; real target 0x136CF2,レア,838c8341838b83580000000000000000,82718285828100000000000000000000,00000000,3,24,PROVEN_CONSUMER_INITIAL_NAME,PASS,NOT_YET_RUN,REPRESENTATIVE_ONLY,NOT_VALIDATED,NOT_VALIDATED,0x1A550E,12,Actor ID indexing independently confirmed by 394228/39424A; field JP starts with canonical JP. Not inferred from nearest OP22.
0x1A557C,ゼファー,Zephyr,0x023B,0x0310,0x0006,0x1A5574,0x3973C8,actor+0x62 (16 bytes),0x39E929 -> 0x3AB7DE,entity ID 0x023b; table slot 0x386C16; real target 0x136D4A,ゼファー,835b83748340815b0000000000000000,82798285829082888299829200000000,00000000,6,48,PROVEN_CONSUMER_INITIAL_NAME,PASS,NOT_YET_RUN,REPRESENTATIVE_ONLY,NOT_VALIDATED,NOT_VALIDATED,0x1A559C,12,Actor ID indexing independently confirmed by 394228/39424A; field JP starts with canonical JP. Not inferred from nearest OP22.
0x1A5604,パンチョ,Pancho,0x0243,0x0210,0x0009,0x1A55FC,0x3973C8,actor+0x62 (16 bytes),0x39E929 -> 0x3AB7DE,entity ID 0x0243; table slot 0x386C26; real target 0x136DA2,パンチョ,83708393836083870000000000000000,826f8281828e82838288828f00000000,00000000,6,48,PROVEN_CONSUMER_INITIAL_NAME,PASS,NOT_YET_RUN,REPRESENTATIVE_ONLY,NOT_VALIDATED,NOT_VALIDATED,0x1A5624,12,Actor ID indexing independently confirmed by 394228/39424A; field JP starts with canonical JP. Not inferred from nearest OP22.
0x1A65DE,オラージュ,Orage,0x022D,0x0210,0x000C,0x1A65D6,0x3973C8,actor+0x62 (16 bytes),0x39E929 -> 0x3AB7DE,entity ID 0x022d; table slot 0x386BFA; real target 0x136CC6,オラージュ,83498389815b83578385000000000000,826e8292828182878285000000000000,00000000,5,40,PROVEN_CONSUMER_INITIAL_NAME,PASS,NOT_YET_RUN,REPRESENTATIVE_ONLY,NOT_VALIDATED,NOT_VALIDATED,0x1A65FE,12,Actor ID indexing independently confirmed by 394228/39424A; field JP starts with canonical JP. Not inferred from nearest OP22.
0x1A67C0,パスクル,Pask,0x0045,0x0510,0x0003,0x1A67B8,0x3973C8,actor+0x62 (16 bytes),0x39E929 -> 0x3AB7DE,I02_TERM_030,パスクル,83708358834e838b0000000000000000,826f82818293828b0000000000000000,00000400,4,32,PROVEN_CONSUMER_INITIAL_NAME,PASS,NOT_YET_RUN,REPRESENTATIVE_ONLY,NOT_VALIDATED,NOT_VALIDATED,0x1A67E6,18,Exact JP match to approved glossary; not inferred from nearest OP22.
0x1A70FA,スプリガン,Spriggan,0x01F8,0x0210,0x000B,0x1A70F2,0x3973C8,actor+0x62 (16 bytes),0x39E929 -> 0x3AB7DE,entity ID 0x01f8; table slot 0x386B90; real target 0x136A76,スプリガン,83588376838a834b8393000000000000,8272829082928289828782878281828e,00000000,8,64,PROVEN_CONSUMER_INITIAL_NAME,PASS,NOT_YET_RUN,REPRESENTATIVE_ONLY,NOT_VALIDATED,NOT_VALIDATED,0x1A711A,12,Actor ID indexing independently confirmed by 394228/39424A; field JP starts with canonical JP. Not inferred from nearest OP22.
0x1A752A,メケメケ,Mekemeke,0x0216,0x0310,0x0009,0x1A7522,0x3973C8,actor+0x62 (16 bytes),0x39E929 -> 0x3AB7DE,entity ID 0x0216; table slot 0x386BCC; real target 0x136BC8,メケメケ,83818350838183500000000000000000,826c8285828b8285828d8285828b8285,00000000,8,64,PROVEN_CONSUMER_INITIAL_NAME,PASS,NOT_YET_RUN,REPRESENTATIVE_ONLY,NOT_VALIDATED,NOT_VALIDATED,0x1A754A,12,Actor ID indexing independently confirmed by 394228/39424A; field JP starts with canonical JP. Not inferred from nearest OP22.
0x1A768A,ルルドガン,Lourdes,0x0204,0x0410,0x0007,0x1A7682,0x3973C8,actor+0x62 (16 bytes),0x39E929 -> 0x3AB7DE,entity ID 0x0204; table slot 0x386BA8; real target 0x136AFA,ルルド,838b838b8368834b8393000000000000,826b828f829582928284828582930000,00000000,7,56,PROVEN_CONSUMER_INITIAL_NAME,PASS,NOT_YET_RUN,REPRESENTATIVE_ONLY,NOT_VALIDATED,NOT_VALIDATED,0x1A76AA,12,Actor ID indexing independently confirmed by 394228/39424A; field JP starts with canonical JP. Not inferred from nearest OP22.
0x1A9932,ピッキオン,Picchio,0x0227,0x0410,0x000B,0x1A992A,0x3973C8,actor+0x62 (16 bytes),0x39E929 -> 0x3AB7DE,entity ID 0x0227; table slot 0x386BEE; real target 0x136C84,ピッキオ,83738362834c83498393000000000000,826f82898283828382888289828f0000,00000000,7,56,PROVEN_CONSUMER_INITIAL_NAME,PASS,NOT_YET_RUN,REPRESENTATIVE_ONLY,NOT_VALIDATED,NOT_VALIDATED,0x1A9952,12,Actor ID indexing independently confirmed by 394228/39424A; field JP starts with canonical JP. Not inferred from nearest OP22.
0x1AB06E,ラーズール,Lazur,0x0224,0x0210,0x0006,0x1AB066,0x3973C8,actor+0x62 (16 bytes),0x39E929 -> 0x3AB7DE,entity ID 0x0224; table slot 0x386BE8; real target 0x136C64,ラーズール,8389815b8359815b838b000000000000,826b8281829a82958292000000000000,00000000,5,40,PROVEN_CONSUMER_INITIAL_NAME,PASS,NOT_YET_RUN,REPRESENTATIVE_ONLY,NOT_VALIDATED,NOT_VALIDATED,0x1AB08E,12,Actor ID indexing independently confirmed by 394228/39424A; field JP starts with canonical JP. Not inferred from nearest OP22.
0x1AB41E,ケミスガン,Chemis,0x01EA,0x0210,0x000A,0x1AB416,0x3973C8,actor+0x62 (16 bytes),0x39E929 -> 0x3AB7DE,entity ID 0x01ea; table slot 0x386B74; real target 0x38FE2A,ケミス,8350837e8358834b8393000000000000,826282888285828d8289829300000000,00000000,6,48,PROVEN_CONSUMER_INITIAL_NAME,PASS,NOT_YET_RUN,REPRESENTATIVE_ONLY,NOT_VALIDATED,NOT_VALIDATED,0x1AB43E,12,Actor ID indexing independently confirmed by 394228/39424A; field JP starts with canonical JP. Not inferred from nearest OP22.
0x1B07EE,バルビーン,Barby,0x0244,0x0210,0x0001,0x1B07E6,0x3973C8,actor+0x62 (16 bytes),0x39E929 -> 0x3AB7DE,entity ID 0x0244; table slot 0x386C28; real target 0x136DAC,バルビー,836f838b8372815b8393000000000000,82618281829282828299000000000000,00000000,5,40,PROVEN_CONSUMER_INITIAL_NAME,PASS,NOT_YET_RUN,REPRESENTATIVE_ONLY,NOT_VALIDATED,NOT_VALIDATED,0x1B080E,12,Actor ID indexing independently confirmed by 394228/39424A; field JP starts with canonical JP. Not inferred from nearest OP22.
0x1B182E,ボイジャー,Voyager,0x0222,0x0410,0x0009,0x1B1826,0x3973C8,actor+0x62 (16 bytes),0x39E929 -> 0x3AB7DE,entity ID 0x0222; table slot 0x386BE4; real target 0x136C4E,ボイジャー,837b834383578383815b000000000000,8275828f829982818287828582920000,00000000,7,56,PROVEN_CONSUMER_INITIAL_NAME,PASS,NOT_YET_RUN,REPRESENTATIVE_ONLY,NOT_VALIDATED,NOT_VALIDATED,0x1B184E,12,Actor ID indexing independently confirmed by 394228/39424A; field JP starts with canonical JP. Not inferred from nearest OP22.
0x1B1C0E,エンゴルン,Engol,0x0201,0x0410,0x000A,0x1B1C06,0x3973C8,actor+0x62 (16 bytes),0x39E929 -> 0x3AB7DE,entity ID 0x0201; table slot 0x386BA2; real target 0x136ADA,エンゴル,834783938353838b8393000000000000,8264828e8287828f828c000000000000,00000000,5,40,PROVEN_CONSUMER_INITIAL_NAME,PASS,NOT_YET_RUN,REPRESENTATIVE_ONLY,NOT_VALIDATED,NOT_VALIDATED,0x1B1C2E,12,Actor ID indexing independently confirmed by 394228/39424A; field JP starts with canonical JP. Not inferred from nearest OP22.
0x1B45D4,ジムス,Jimusu,0x0055,0x0610,0x000F,0x1B45CC,0x3973C8,actor+0x62 (16 bytes),0x39E929 -> 0x3AB7DE,NEW_EDITORIAL_ROMANIZATION,ジムス,83578380835800000000000000000000,82698289828d82958293829500000000,00000400,6,48,PROVEN_CONSUMER_INITIAL_NAME,ROOT_EDITORIAL_APPROVED,NOT_YET_RUN,REPRESENTATIVE_ONLY,NOT_VALIDATED,NOT_VALIDATED,0x1B462C,68,Do not adopt nearby Pergypt Soldier; distinct source JP proper name.
0x1B4B56,ラドルース,Ladru,0x0008,0xFF10,0x0007,0x1B4B4E,0x3973C8,actor+0x62 (16 bytes),0x39E929 -> 0x3AB7DE,I02_TERM_043,ラドルース,83898368838b815b8358000000000000,826b8281828482928295000000000000,00000200,5,40,PROVEN_CONSUMER_INITIAL_NAME,PASS,NOT_YET_RUN,REPRESENTATIVE_ONLY,NOT_VALIDATED,NOT_VALIDATED,0x1B4B7C,18,Exact JP match to approved glossary; not inferred from nearest OP22.
0x1B4DE4,ライム・ケロ,LimeKero,0x01E5,0x0310,0x0001,0x1B4DDC,0x3973C8,actor+0x62 (16 bytes),0x39E929 -> 0x3AB7DE,entity ID 0x01e5; table slot 0x386B6A; real target 0x38FDE2; I02_TERM_044 approved 8-glyph display,ライム・ケロ,83898343838081458350838d00000000,826b8289828d8285826a82858292828f,00000000,8,64,PROVEN_CONSUMER_INITIAL_NAME,PASS,NOT_YET_RUN,REPRESENTATIVE_ONLY,NOT_VALIDATED,NOT_VALIDATED,0x1B4E04,12,Actor ID indexing independently confirmed by 394228/39424A; field JP starts with canonical JP. Not inferred from nearest OP22.
0x1B52FA,デデークン,Dede,0x0228,0x0510,0x0009,0x1B52F2,0x3973C8,actor+0x62 (16 bytes),0x39E929 -> 0x3AB7DE,entity ID 0x0228; table slot 0x386BF0; real target 0x136C90,デデ,83668366815b834e8393000000000000,82638285828482850000000000000000,00000000,4,32,PROVEN_CONSUMER_INITIAL_NAME,PASS,NOT_YET_RUN,REPRESENTATIVE_ONLY,NOT_VALIDATED,NOT_VALIDATED,0x1B531A,12,Actor ID indexing independently confirmed by 394228/39424A; field JP starts with canonical JP. Not inferred from nearest OP22.
0x1B535E,ランバーン,Lumber,0x0203,0x0310,0x0004,0x1B5356,0x3973C8,actor+0x62 (16 bytes),0x39E929 -> 0x3AB7DE,entity ID 0x0203; table slot 0x386BA6; real target 0x136AEE,ランバー,83898393836f815b8393000000000000,826b8295828d82828285829200000000,00000000,6,48,PROVEN_CONSUMER_INITIAL_NAME,PASS,NOT_YET_RUN,REPRESENTATIVE_ONLY,NOT_VALIDATED,NOT_VALIDATED,0x1B537E,12,Actor ID indexing independently confirmed by 394228/39424A; field JP starts with canonical JP. Not inferred from nearest OP22.
0x1B562E,スパークン,Spark,0x01F3,0x0210,0x0005,0x1B5626,0x3973C8,actor+0x62 (16 bytes),0x39E929 -> 0x3AB7DE,entity ID 0x01f3; table slot 0x386B86; real target 0x38FEB2,スパーク,83588370815b834e8393000000000000,8272829082818292828b000000000000,00000000,5,40,PROVEN_CONSUMER_INITIAL_NAME,PASS,NOT_YET_RUN,REPRESENTATIVE_ONLY,NOT_VALIDATED,NOT_VALIDATED,0x1B564E,12,Actor ID indexing independently confirmed by 394228/39424A; field JP starts with canonical JP. Not inferred from nearest OP22.
0x1B56A0,ペペークン,Pepe,0x023F,0x0310,0x0005,0x1B5698,0x3973C8,actor+0x62 (16 bytes),0x39E929 -> 0x3AB7DE,entity ID 0x023f; table slot 0x386C1E; real target 0x136D7C,ペペ,83798379815b834e8393000000000000,826f8285829082850000000000000000,00000000,4,32,PROVEN_CONSUMER_INITIAL_NAME,PASS,NOT_YET_RUN,REPRESENTATIVE_ONLY,NOT_VALIDATED,NOT_VALIDATED,0x1B56C0,12,Actor ID indexing independently confirmed by 394228/39424A; field JP starts with canonical JP. Not inferred from nearest OP22.
0x1B7D0A,ティラワカミ,Tirawaka,0x0014,0xFE10,0x0007,0x1B7D02,0x3973C8,actor+0x62 (16 bytes),0x39E929 -> 0x3AB7DE,I02_TERM_001; actor ID0014; inline JP at1B7D32,ティラワカミ,836583428389838f834a837e00000000,827382898292828182978281828b8281,00000100,8,64,PROVEN_CONSUMER_INITIAL_NAME,PASS,NOT_YET_RUN,REPRESENTATIVE_ONLY,NOT_VALIDATED,NOT_VALIDATED,0x1B7D30,18,Same actor0014 and same Tirawaka prefix; suffixミ differs from later display alias.
0x1B7EAC,ホーン,Hrn,0x003E,0x0210,0x0007,0x1B7EA4,0x3973C8,actor+0x62 (16 bytes),0x39E929 -> 0x3AB7DE,I02_TERM_186,ホーン,837a815b839300000000000000000000,82678292828e00000000000000000000,00000000,3,24,PROVEN_CONSUMER_INITIAL_NAME,PASS,NOT_YET_RUN,REPRESENTATIVE_ONLY,NOT_VALIDATED,NOT_VALIDATED,,,Exact JP match to approved glossary; not inferred from nearest OP22.
0x1B958A,ヴーガーン,Vuga,0x01E4,0x0410,0x0006,0x1B9582,0x3973C8,actor+0x62 (16 bytes),0x39E929 -> 0x3AB7DE,entity ID 0x01e4; table slot 0x386B68; real target 0x38FDD8,ヴーガ,8394815b834b815b8393000000000000,82758295828782810000000000000000,00000000,4,32,PROVEN_CONSUMER_INITIAL_NAME,PASS,NOT_YET_RUN,REPRESENTATIVE_ONLY,NOT_VALIDATED,NOT_VALIDATED,0x1B95AA,12,Actor ID indexing independently confirmed by 394228/39424A; field JP starts with canonical JP. Not inferred from nearest OP22.
0x1B9698,ホーミィン,Homie,0x0214,0x0210,0x0002,0x1B9690,0x3973C8,actor+0x62 (16 bytes),0x39E929 -> 0x3AB7DE,entity ID 0x0214; table slot 0x386BC8; real target 0x136BB4,ホーミィ,837a815b837e83428393000000000000,8267828f828d82898285000000000000,00000000,5,40,PROVEN_CONSUMER_INITIAL_NAME,PASS,NOT_YET_RUN,REPRESENTATIVE_ONLY,NOT_VALIDATED,NOT_VALIDATED,0x1B96B8,12,Actor ID indexing independently confirmed by 394228/39424A; field JP starts with canonical JP. Not inferred from nearest OP22.
0x1BBEC2,メタリコン,Metalico,0x020F,0x0210,0x0006,0x1BBEBA,0x3973C8,actor+0x62 (16 bytes),0x39E929 -> 0x3AB7DE,entity ID 0x020f; table slot 0x386BBE; real target 0x38FF5A,メタリコ,8381835e838a83528393000000000000,826c828582948281828c82898283828f,00000000,8,64,PROVEN_CONSUMER_INITIAL_NAME,PASS,NOT_YET_RUN,REPRESENTATIVE_ONLY,NOT_VALIDATED,NOT_VALIDATED,0x1BBEE2,12,Actor ID indexing independently confirmed by 394228/39424A; field JP starts with canonical JP. Not inferred from nearest OP22.
0x1BC12E,キューティー,Cutie,0x022F,0x0310,0x000B,0x1BC126,0x3973C8,actor+0x62 (16 bytes),0x39E929 -> 0x3AB7DE,entity ID 0x022f; table slot 0x386BFE; real target 0x136CD6,キューティー,834c8385815b83658342815b00000000,82628295829482898285000000000000,00000000,5,40,PROVEN_CONSUMER_INITIAL_NAME,PASS,NOT_YET_RUN,REPRESENTATIVE_ONLY,NOT_VALIDATED,NOT_VALIDATED,0x1BC14E,12,Actor ID indexing independently confirmed by 394228/39424A; field JP starts with canonical JP. Not inferred from nearest OP22.
0x1BC2F0,メアキーン,Mare,0x021A,0x0610,0x0004,0x1BC2E8,0x3973C8,actor+0x62 (16 bytes),0x39E929 -> 0x3AB7DE,entity ID 0x021a; table slot 0x386BD4; real target 0x136BFA,メア,83818341834c815b8393000000000000,826c8281829282850000000000000000,00000000,4,32,PROVEN_CONSUMER_INITIAL_NAME,PASS,NOT_YET_RUN,REPRESENTATIVE_ONLY,NOT_VALIDATED,NOT_VALIDATED,0x1BC310,12,Actor ID indexing independently confirmed by 394228/39424A; field JP starts with canonical JP. Not inferred from nearest OP22.
0x1BC7FE,シールーン,Seal,0x0210,0x0510,0x0006,0x1BC7F6,0x3973C8,actor+0x62 (16 bytes),0x39E929 -> 0x3AB7DE,entity ID 0x0210; table slot 0x386BC0; real target 0x136B8C,シール,8356815b838b815b8393000000000000,827282858281828c0000000000000000,00000000,4,32,PROVEN_CONSUMER_INITIAL_NAME,PASS,NOT_YET_RUN,REPRESENTATIVE_ONLY,NOT_VALIDATED,NOT_VALIDATED,0x1BC81E,12,Actor ID indexing independently confirmed by 394228/39424A; field JP starts with canonical JP. Not inferred from nearest OP22.
0x1BCA68,ウィーヴン,Weave,0x024C,0x0410,0x0006,0x1BCA60,0x3973C8,actor+0x62 (16 bytes),0x39E929 -> 0x3AB7DE,entity ID 0x024c; table slot 0x386C38; real target 0x136E06,ウィーヴ,83458342815b83948393000000000000,82768285828182968285000000000000,00000000,5,40,PROVEN_CONSUMER_INITIAL_NAME,PASS,NOT_YET_RUN,REPRESENTATIVE_ONLY,NOT_VALIDATED,NOT_VALIDATED,0x1BCA88,12,Actor ID indexing independently confirmed by 394228/39424A; field JP starts with canonical JP. Not inferred from nearest OP22.
0x1BE55A,ウィッチャー,Witcher,0x0272,0x0110,0x0001,0x1BE552,0x3973C8,actor+0x62 (16 bytes),0x39E929 -> 0x3AB7DE,entity ID 0x0272; table slot 0x386C84; real target 0x136F9C,ウィッチャー,83458342836283608383815b00000000,82768289829482838288828582920000,00000000,7,56,PROVEN_CONSUMER_INITIAL_NAME,PASS,NOT_YET_RUN,REPRESENTATIVE_ONLY,NOT_VALIDATED,NOT_VALIDATED,0x1BE57A,12,Actor ID indexing independently confirmed by 394228/39424A; field JP starts with canonical JP. Not inferred from nearest OP22.
0x1BE686,ダムダムン,Dumdum,0x025B,0x0510,0x0008,0x1BE67E,0x3973C8,actor+0x62 (16 bytes),0x39E929 -> 0x3AB7DE,entity ID 0x025b; table slot 0x386C56; real target 0x136E9E,ダムダム,835f8380835f83808393000000000000,82638295828d82848295828d00000000,00000000,6,48,PROVEN_CONSUMER_INITIAL_NAME,PASS,NOT_YET_RUN,REPRESENTATIVE_ONLY,NOT_VALIDATED,NOT_VALIDATED,0x1BE6A6,12,Actor ID indexing independently confirmed by 394228/39424A; field JP starts with canonical JP. Not inferred from nearest OP22.
0x1BE7E2,レイヴンン,Raven,0x01F5,0x0310,0x0008,0x1BE7DA,0x3973C8,actor+0x62 (16 bytes),0x39E929 -> 0x3AB7DE,entity ID 0x01f5; table slot 0x386B8A; real target 0x38FEC8,レイヴン,838c8343839483938393000000000000,8271828182968285828e000000000000,00000000,5,40,PROVEN_CONSUMER_INITIAL_NAME,PASS,NOT_YET_RUN,REPRESENTATIVE_ONLY,NOT_VALIDATED,NOT_VALIDATED,0x1BE802,12,Actor ID indexing independently confirmed by 394228/39424A; field JP starts with canonical JP. Not inferred from nearest OP22.
0x1BF1E0,ブッカブー,Bukkaboo,0x0209,0x0410,0x0009,0x1BF1D8,0x3973C8,actor+0x62 (16 bytes),0x39E929 -> 0x3AB7DE,entity ID 0x0209; table slot 0x386BB2; real target 0x136B30,ブッカブー,83758362834a8375815b000000000000,82618295828b828b82818282828f828f,00000000,8,64,PROVEN_CONSUMER_INITIAL_NAME,PASS,NOT_YET_RUN,REPRESENTATIVE_ONLY,NOT_VALIDATED,NOT_VALIDATED,0x1BF200,12,Actor ID indexing independently confirmed by 394228/39424A; field JP starts with canonical JP. Not inferred from nearest OP22.
0x1BF25C,モズィーン,Mozi,0x024A,0x0410,0x0004,0x1BF254,0x3973C8,actor+0x62 (16 bytes),0x39E929 -> 0x3AB7DE,entity ID 0x024a; table slot 0x386C34; real target 0x136DF2,モズィ,838283598342815b8393000000000000,826c828f829a82890000000000000000,00000000,4,32,PROVEN_CONSUMER_INITIAL_NAME,PASS,NOT_YET_RUN,REPRESENTATIVE_ONLY,NOT_VALIDATED,NOT_VALIDATED,0x1BF27C,12,Actor ID indexing independently confirmed by 394228/39424A; field JP starts with canonical JP. Not inferred from nearest OP22.
0x1BF504,えいへい,Guard,0x00BB,0x0910,0x0006,0x1BF4FC,0x3973C8,actor+0x62 (16 bytes),0x39E929 -> 0x3AB7DE,ROOT_APPROVED_Guard_0x365C9A,えいへい,82a682a282d682a20000000000000000,82668295828182928284000000000000,01000400,5,40,PROVEN_CONSUMER_INITIAL_NAME,ROOT_EDITORIAL_APPROVED,NOT_YET_RUN,REPRESENTATIVE_ONLY,NOT_VALIDATED,NOT_VALIDATED,0x1BF53E,38,"Guard initial label; later ???? is deliberate anonymity, not canonical translation of this field."
0x1BFE18,クリム・アー,Crim A,0x0263,0x0410,0x0005,0x1BFE10,0x3973C8,actor+0x62 (16 bytes),0x39E929 -> 0x3AB7DE,entity ID 0x0263; table slot 0x386C66; real target 0x136F06,クリム・アー,834e838a838081458341815b00000000,826282928289828d8140826000000000,00000000,6,48,PROVEN_CONSUMER_INITIAL_NAME,PASS,NOT_YET_RUN,REPRESENTATIVE_ONLY,NOT_VALIDATED,NOT_VALIDATED,0x1BFE38,12,Actor ID indexing independently confirmed by 394228/39424A; field JP starts with canonical JP. Not inferred from nearest OP22.
0x1BFE88,リンネルド,Rinne,0x01E9,0x0610,0x000B,0x1BFE80,0x3973C8,actor+0x62 (16 bytes),0x39E929 -> 0x3AB7DE,entity ID 0x01e9; table slot 0x386B72; real target 0x38FE1E,リンネ,838a8393836c838b8368000000000000,82718289828e828e8285000000000000,00000000,5,40,PROVEN_CONSUMER_INITIAL_NAME,PASS,NOT_YET_RUN,REPRESENTATIVE_ONLY,NOT_VALIDATED,NOT_VALIDATED,0x1BFEA8,12,Actor ID indexing independently confirmed by 394228/39424A; field JP starts with canonical JP. Not inferred from nearest OP22.
0x1BFF5A,モーラルド,Morald,0x024B,0x0410,0x0006,0x1BFF52,0x3973C8,actor+0x62 (16 bytes),0x39E929 -> 0x3AB7DE,entity ID 0x024b; table slot 0x386C36; real target 0x136DFC,モーラルド,8382815b8389838b8368000000000000,826c828f82928281828c828400000000,00000000,6,48,PROVEN_CONSUMER_INITIAL_NAME,PASS,NOT_YET_RUN,REPRESENTATIVE_ONLY,NOT_VALIDATED,NOT_VALIDATED,0x1BFF7A,12,Actor ID indexing independently confirmed by 394228/39424A; field JP starts with canonical JP. Not inferred from nearest OP22.
0x1C1AEC,ライノット,Reinot,0x020E,0x0410,0x0004,0x1C1AE4,0x3973C8,actor+0x62 (16 bytes),0x39E929 -> 0x3AB7DE,entity ID 0x020e; table slot 0x386BBC; real target 0x136B74,ライノット,83898343836d83628367000000000000,827182858289828e828f829400000000,00000000,6,48,PROVEN_CONSUMER_INITIAL_NAME,PASS,NOT_YET_RUN,REPRESENTATIVE_ONLY,NOT_VALIDATED,NOT_VALIDATED,0x1C1B0C,12,Actor ID indexing independently confirmed by 394228/39424A; field JP starts with canonical JP. Not inferred from nearest OP22.
0x1C20DE,イリアーン,Iria,0x0226,0x0510,0x0001,0x1C20D6,0x3973C8,actor+0x62 (16 bytes),0x39E929 -> 0x3AB7DE,entity ID 0x0226; table slot 0x386BEC; real target 0x136C7C,イリア,8343838a8341815b8393000000000000,82688292828982810000000000000000,00000000,4,32,PROVEN_CONSUMER_INITIAL_NAME,PASS,NOT_YET_RUN,REPRESENTATIVE_ONLY,NOT_VALIDATED,NOT_VALIDATED,0x1C20FE,12,Actor ID indexing independently confirmed by 394228/39424A; field JP starts with canonical JP. Not inferred from nearest OP22.
0x1C21AA,キッチキコッチキ,Kitchiki,0x01ED,0x0410,0x0002,0x1C21A2,0x3973C8,actor+0x62 (16 bytes),0x39E929 -> 0x3AB7DE,entity ID 0x01ed; table slot 0x386B7A; real target 0x38FE50; I02_TERM_067 approved 8-glyph display,キッチキコッチキ,834c83628360834c835283628360834c,826a82898294828382888289828b8289,00000000,8,64,PROVEN_CONSUMER_INITIAL_NAME,PASS,NOT_YET_RUN,REPRESENTATIVE_ONLY,NOT_VALIDATED,NOT_VALIDATED,0x1C21CA,12,Actor ID indexing independently confirmed by 394228/39424A; field JP starts with canonical JP. Not inferred from nearest OP22.
0x1C4734,ハーベルン,Habel,0x027B,0x0410,0x0007,0x1C472C,0x3973C8,actor+0x62 (16 bytes),0x39E929 -> 0x3AB7DE,entity ID 0x027b; table slot 0x386C96; real target 0x136FF8,ハーベル,836e815b8378838b8393000000000000,8267828182828285828c000000000000,00000000,5,40,PROVEN_CONSUMER_INITIAL_NAME,PASS,NOT_YET_RUN,REPRESENTATIVE_ONLY,NOT_VALIDATED,NOT_VALIDATED,0x1C4754,12,Actor ID indexing independently confirmed by 394228/39424A; field JP starts with canonical JP. Not inferred from nearest OP22.
0x1C48B6,アージェス,Arges,0x01EB,0x0210,0x0008,0x1C48AE,0x3973C8,actor+0x62 (16 bytes),0x39E929 -> 0x3AB7DE,entity ID 0x01eb; table slot 0x386B76; real target 0x38FE38,アージェス,8341815b835783468358000000000000,82608292828782858293000000000000,00000000,5,40,PROVEN_CONSUMER_INITIAL_NAME,PASS,NOT_YET_RUN,REPRESENTATIVE_ONLY,NOT_VALIDATED,NOT_VALIDATED,0x1C48D6,12,Actor ID indexing independently confirmed by 394228/39424A; field JP starts with canonical JP. Not inferred from nearest OP22.
0x1C4F28,ピコットン,Picot,0x0241,0x0510,0x0006,0x1C4F20,0x3973C8,actor+0x62 (16 bytes),0x39E929 -> 0x3AB7DE,entity ID 0x0241; table slot 0x386C22; real target 0x136D90,ピコット,83738352836283678393000000000000,826f82898283828f8294000000000000,00000000,5,40,PROVEN_CONSUMER_INITIAL_NAME,PASS,NOT_YET_RUN,REPRESENTATIVE_ONLY,NOT_VALIDATED,NOT_VALIDATED,0x1C4F48,12,Actor ID indexing independently confirmed by 394228/39424A; field JP starts with canonical JP. Not inferred from nearest OP22.
0x1C52CE,メローーン,Mellow,0x022C,0x0310,0x0005,0x1C52C6,0x3973C8,actor+0x62 (16 bytes),0x39E929 -> 0x3AB7DE,entity ID 0x022c; table slot 0x386BF8; real target 0x136CBC,メロー,8381838d815b815b8393000000000000,826c8285828c828c828f829700000000,00000000,6,48,PROVEN_CONSUMER_INITIAL_NAME,PASS,NOT_YET_RUN,REPRESENTATIVE_ONLY,NOT_VALIDATED,NOT_VALIDATED,0x1C52EE,12,Actor ID indexing independently confirmed by 394228/39424A; field JP starts with canonical JP. Not inferred from nearest OP22.
0x1C57A8,ヴァウルド,Vauld,0x01F9,0x0410,0x0002,0x1C57A0,0x3973C8,actor+0x62 (16 bytes),0x39E929 -> 0x3AB7DE,entity ID 0x01f9; table slot 0x386B92; real target 0x136A84,ヴァウルド,839483408345838b8368000000000000,827582818295828c8284000000000000,00000000,5,40,PROVEN_CONSUMER_INITIAL_NAME,PASS,NOT_YET_RUN,REPRESENTATIVE_ONLY,NOT_VALIDATED,NOT_VALIDATED,0x1C57C8,12,Actor ID indexing independently confirmed by 394228/39424A; field JP starts with canonical JP. Not inferred from nearest OP22.
0x1C5A1A,エミュール,Emule,0x01EC,0x0210,0x0003,0x1C5A12,0x3973C8,actor+0x62 (16 bytes),0x39E929 -> 0x3AB7DE,entity ID 0x01ec; table slot 0x386B78; real target 0x38FE44,エミュール,8347837e8385815b838b000000000000,8264828d8295828c8285000000000000,00000000,5,40,PROVEN_CONSUMER_INITIAL_NAME,PASS,NOT_YET_RUN,REPRESENTATIVE_ONLY,NOT_VALIDATED,NOT_VALIDATED,0x1C5A3A,12,Actor ID indexing independently confirmed by 394228/39424A; field JP starts with canonical JP. Not inferred from nearest OP22.
0x1C5A84,ポーチュン,Pochun,0x0212,0x0410,0x0009,0x1C5A7C,0x3973C8,actor+0x62 (16 bytes),0x39E929 -> 0x3AB7DE,entity ID 0x0212; table slot 0x386BC4; real target 0x136B9E,ポーチュン,837c815b836083858393000000000000,826f828f828382888295828e00000000,00000000,6,48,PROVEN_CONSUMER_INITIAL_NAME,PASS,NOT_YET_RUN,REPRESENTATIVE_ONLY,NOT_VALIDATED,NOT_VALIDATED,0x1C5AA4,12,Actor ID indexing independently confirmed by 394228/39424A; field JP starts with canonical JP. Not inferred from nearest OP22.
0x1C5B36,アルルルン,Arururu,0x01F7,0x0410,0x0004,0x1C5B2E,0x3973C8,actor+0x62 (16 bytes),0x39E929 -> 0x3AB7DE,entity ID 0x01f7; table slot 0x386B8E; real target 0x38FEE4,アルルル,8341838b838b838b8393000000000000,82608292829582928295829282950000,00000000,7,56,PROVEN_CONSUMER_INITIAL_NAME,PASS,NOT_YET_RUN,REPRESENTATIVE_ONLY,NOT_VALIDATED,NOT_VALIDATED,0x1C5B56,12,Actor ID indexing independently confirmed by 394228/39424A; field JP starts with canonical JP. Not inferred from nearest OP22.
0x1C6968,プッカーン,Pukka,0x0208,0x0410,0x0002,0x1C6960,0x3973C8,actor+0x62 (16 bytes),0x39E929 -> 0x3AB7DE,entity ID 0x0208; table slot 0x386BB0; real target 0x136B24,プッカ,83768362834a815b8393000000000000,826f8295828b828b8281000000000000,00000000,5,40,PROVEN_CONSUMER_INITIAL_NAME,PASS,NOT_YET_RUN,REPRESENTATIVE_ONLY,NOT_VALIDATED,NOT_VALIDATED,0x1C6988,12,Actor ID indexing independently confirmed by 394228/39424A; field JP starts with canonical JP. Not inferred from nearest OP22.
0x1C6EBE,リリアンン,Lillian,0x01E8,0x0410,0x0004,0x1C6EB6,0x3973C8,actor+0x62 (16 bytes),0x39E929 -> 0x3AB7DE,entity ID 0x01e8; table slot 0x386B70; real target 0x38FE0E,リリアン,838a838a834183938393000000000000,826b8289828c828c82898281828e0000,00000000,7,56,PROVEN_CONSUMER_INITIAL_NAME,PASS,NOT_YET_RUN,REPRESENTATIVE_ONLY,NOT_VALIDATED,NOT_VALIDATED,0x1C6EDE,12,Actor ID indexing independently confirmed by 394228/39424A; field JP starts with canonical JP. Not inferred from nearest OP22.
0x1C7326,オデオンン,Odeon,0x01F0,0x0510,0x0005,0x1C731E,0x3973C8,actor+0x62 (16 bytes),0x39E929 -> 0x3AB7DE,entity ID 0x01f0; table slot 0x386B80; real target 0x38FE88,オデオン,83498366834983938393000000000000,826e82848285828f828e000000000000,00000000,5,40,PROVEN_CONSUMER_INITIAL_NAME,PASS,NOT_YET_RUN,REPRESENTATIVE_ONLY,NOT_VALIDATED,NOT_VALIDATED,0x1C7346,12,Actor ID indexing independently confirmed by 394228/39424A; field JP starts with canonical JP. Not inferred from nearest OP22.
0x1C7BB0,キルミスター,KillMstr,0x0254,0x0310,0x0007,0x1C7BA8,0x3973C8,actor+0x62 (16 bytes),0x39E929 -> 0x3AB7DE,entity ID 0x0254; table slot 0x386C48; real target 0x136E4E; I02_TERM_079 approved 8-glyph display,キルミスター,834c838b837e8358835e815b00000000,826a8289828c828c826c829382948292,00000000,8,64,PROVEN_CONSUMER_INITIAL_NAME,PASS,NOT_YET_RUN,REPRESENTATIVE_ONLY,NOT_VALIDATED,NOT_VALIDATED,0x1C7BD0,12,Actor ID indexing independently confirmed by 394228/39424A; field JP starts with canonical JP. Not inferred from nearest OP22.
0x1C7C1C,ピピンンン,Pipin,0x026C,0x0110,0x0004,0x1C7C14,0x3973C8,actor+0x62 (16 bytes),0x39E929 -> 0x3AB7DE,entity ID 0x026c; table slot 0x386C78; real target 0x136F5E,ピピン,83738373839383938393000000000000,826f828982908289828e000000000000,00000000,5,40,PROVEN_CONSUMER_INITIAL_NAME,PASS,NOT_YET_RUN,REPRESENTATIVE_ONLY,NOT_VALIDATED,NOT_VALIDATED,0x1C7C3C,12,Actor ID indexing independently confirmed by 394228/39424A; field JP starts with canonical JP. Not inferred from nearest OP22.
0x1CB0B4,シーハンター,Sheehan,0x01F6,0x0410,0x0004,0x1CB0AC,0x3973C8,actor+0x62 (16 bytes),0x39E929 -> 0x3AB7DE,entity ID 0x01f6; table slot 0x386B8C; real target 0x38FED4,シーハン,8356815b836e8393835e815b00000000,827282888285828582888281828e0000,00000000,7,56,PROVEN_CONSUMER_INITIAL_NAME,PASS,NOT_YET_RUN,REPRESENTATIVE_ONLY,NOT_VALIDATED,NOT_VALIDATED,0x1CB0D4,12,Actor ID indexing independently confirmed by 394228/39424A; field JP starts with canonical JP. Not inferred from nearest OP22.
0x1CBA4C,サンディター,Sandy,0x022E,0x0210,0x000B,0x1CBA44,0x3973C8,actor+0x62 (16 bytes),0x39E929 -> 0x3AB7DE,entity ID 0x022e; table slot 0x386BFC; real target 0x136CCE,サンディ,8354839383668342835e815b00000000,82728281828e82848299000000000000,00000000,5,40,PROVEN_CONSUMER_INITIAL_NAME,PASS,NOT_YET_RUN,REPRESENTATIVE_ONLY,NOT_VALIDATED,NOT_VALIDATED,0x1CBA6C,12,Actor ID indexing independently confirmed by 394228/39424A; field JP starts with canonical JP. Not inferred from nearest OP22.
0x1CBE34,ヴァルナック,Valnac,0x01FE,0x0210,0x0004,0x1CBE2C,0x3973C8,actor+0x62 (16 bytes),0x39E929 -> 0x3AB7DE,entity ID 0x01fe; table slot 0x386B9C; real target 0x136ABA,ヴァルナック,83948340838b83698362834e00000000,82758281828c828e8281828300000000,00000000,6,48,PROVEN_CONSUMER_INITIAL_NAME,PASS,NOT_YET_RUN,REPRESENTATIVE_ONLY,NOT_VALIDATED,NOT_VALIDATED,0x1CBE54,12,Actor ID indexing independently confirmed by 394228/39424A; field JP starts with canonical JP. Not inferred from nearest OP22.
0x1CBF9E,アンジー,Angi,0x0043,0x0910,0x0005,0x1CBF96,0x3973C8,actor+0x62 (16 bytes),0x39E929 -> 0x3AB7DE,I02_TERM_085,アンジー,834183938357815b0000000000000000,8260828e828782890000000000000000,00000200,4,32,PROVEN_CONSUMER_INITIAL_NAME,PASS,NOT_YET_RUN,REPRESENTATIVE_ONLY,NOT_VALIDATED,NOT_VALIDATED,,,Exact JP match to approved glossary; not inferred from nearest OP22.
0x1CC354,アイシアック,Aisia,0x026E,0x0610,0x0005,0x1CC34C,0x3973C8,actor+0x62 (16 bytes),0x39E929 -> 0x3AB7DE,entity ID 0x026e; table slot 0x386C7C; real target 0x136F70,アイシア,83418343835683418362834e00000000,82608289829382898281000000000000,00000000,5,40,PROVEN_CONSUMER_INITIAL_NAME,PASS,NOT_YET_RUN,REPRESENTATIVE_ONLY,NOT_VALIDATED,NOT_VALIDATED,0x1CC374,12,Actor ID indexing independently confirmed by 394228/39424A; field JP starts with canonical JP. Not inferred from nearest OP22.
0x1CE108,グリップター,Grip,0x01EE,0x0210,0x000C,0x1CE100,0x3973C8,actor+0x62 (16 bytes),0x39E929 -> 0x3AB7DE,entity ID 0x01ee; table slot 0x386B7C; real target 0x38FE72,グリップ,834f838a83628376835e815b00000000,82668292828982900000000000000000,00000000,4,32,PROVEN_CONSUMER_INITIAL_NAME,PASS,NOT_YET_RUN,REPRESENTATIVE_ONLY,NOT_VALIDATED,NOT_VALIDATED,0x1CE128,12,Actor ID indexing independently confirmed by 394228/39424A; field JP starts with canonical JP. Not inferred from nearest OP22.
0x1CE1D4,フィルボルグス,Firbolgs,0x020C,0x0310,0x0007,0x1CE1CC,0x3973C8,actor+0x62 (16 bytes),0x39E929 -> 0x3AB7DE,entity ID 0x020c; table slot 0x386BB8; real target 0x136B56,フィルボルグス,83748342838b837b838b834f83580000,8265828982928282828f828c82878293,00000000,8,64,PROVEN_CONSUMER_INITIAL_NAME,PASS,NOT_YET_RUN,REPRESENTATIVE_ONLY,NOT_VALIDATED,NOT_VALIDATED,0x1CE1F4,12,Actor ID indexing independently confirmed by 394228/39424A; field JP starts with canonical JP. Not inferred from nearest OP22.
0x1CE682,ザックスター,Zack,0x01F4,0x0510,0x0007,0x1CE67A,0x3973C8,actor+0x62 (16 bytes),0x39E929 -> 0x3AB7DE,entity ID 0x01f4; table slot 0x386B88; real target 0x38FEBE,ザック,83558362834e8358835e815b00000000,827982818283828b0000000000000000,00000000,4,32,PROVEN_CONSUMER_INITIAL_NAME,PASS,NOT_YET_RUN,REPRESENTATIVE_ONLY,NOT_VALIDATED,NOT_VALIDATED,0x1CE6A2,12,Actor ID indexing independently confirmed by 394228/39424A; field JP starts with canonical JP. Not inferred from nearest OP22.
0x1CE860,エルノリアー,Elnoria,0x0276,0x0510,0x0003,0x1CE858,0x3973C8,actor+0x62 (16 bytes),0x39E929 -> 0x3AB7DE,entity ID 0x0276; table slot 0x386C8C; real target 0x136FC6,エルノリア,8347838b836d838a8341815b00000000,8264828c828e828f8292828982810000,00000000,7,56,PROVEN_CONSUMER_INITIAL_NAME,PASS,NOT_YET_RUN,REPRESENTATIVE_ONLY,NOT_VALIDATED,NOT_VALIDATED,0x1CE880,12,Actor ID indexing independently confirmed by 394228/39424A; field JP starts with canonical JP. Not inferred from nearest OP22.
0x1CF5E0,アップルター,Apple,0x026F,0x0310,0x0008,0x1CF5D8,0x3973C8,actor+0x62 (16 bytes),0x39E929 -> 0x3AB7DE,entity ID 0x026f; table slot 0x386C7E; real target 0x136F7A,アップル,834183628376838b835e815b00000000,826082908290828c8285000000000000,00000000,5,40,PROVEN_CONSUMER_INITIAL_NAME,PASS,NOT_YET_RUN,REPRESENTATIVE_ONLY,NOT_VALIDATED,NOT_VALIDATED,0x1CF600,12,Actor ID indexing independently confirmed by 394228/39424A; field JP starts with canonical JP. Not inferred from nearest OP22.
0x1CFD14,ランチスター,Ranch,0x0269,0x0310,0x0002,0x1CFD0C,0x3973C8,actor+0x62 (16 bytes),0x39E929 -> 0x3AB7DE,entity ID 0x0269; table slot 0x386C72; real target 0x136F44,ランチ,8389839383608358835e815b00000000,82718281828e82838288000000000000,00000000,5,40,PROVEN_CONSUMER_INITIAL_NAME,PASS,NOT_YET_RUN,REPRESENTATIVE_ONLY,NOT_VALIDATED,NOT_VALIDATED,0x1CFD34,12,Actor ID indexing independently confirmed by 394228/39424A; field JP starts with canonical JP. Not inferred from nearest OP22.
0x1CFEDC,シャイニーー,Shiny,0x0238,0x0510,0x0003,0x1CFED4,0x3973C8,actor+0x62 (16 bytes),0x39E929 -> 0x3AB7DE,entity ID 0x0238; table slot 0x386C10; real target 0x136D2A,シャイニー,835683838343836a815b815b00000000,827282888289828e8299000000000000,00000000,5,40,PROVEN_CONSUMER_INITIAL_NAME,PASS,NOT_YET_RUN,REPRESENTATIVE_ONLY,NOT_VALIDATED,NOT_VALIDATED,0x1CFEFC,12,Actor ID indexing independently confirmed by 394228/39424A; field JP starts with canonical JP. Not inferred from nearest OP22.
0x1CFF4E,グリゴリター,Grigori,0x01FA,0x0410,0x0009,0x1CFF46,0x3973C8,actor+0x62 (16 bytes),0x39E929 -> 0x3AB7DE,entity ID 0x01fa; table slot 0x386B94; real target 0x136A8E,グリゴリ,834f838a8353838a835e815b00000000,8266829282898287828f829282890000,00000000,7,56,PROVEN_CONSUMER_INITIAL_NAME,PASS,NOT_YET_RUN,REPRESENTATIVE_ONLY,NOT_VALIDATED,NOT_VALIDATED,0x1CFF6E,12,Actor ID indexing independently confirmed by 394228/39424A; field JP starts with canonical JP. Not inferred from nearest OP22.
0x1D1FB4,ホライズン,Horizon,0x01F1,0x0410,0x0005,0x1D1FAC,0x3973C8,actor+0x62 (16 bytes),0x39E929 -> 0x3AB7DE,entity ID 0x01f1; table slot 0x386B82; real target 0x38FE94,ホライズン,837a8389834383598393000000000000,8267828f82928289829a828f828e0000,00000000,7,56,PROVEN_CONSUMER_INITIAL_NAME,PASS,NOT_YET_RUN,REPRESENTATIVE_ONLY,NOT_VALIDATED,NOT_VALIDATED,0x1D1FD4,12,Actor ID indexing independently confirmed by 394228/39424A; field JP starts with canonical JP. Not inferred from nearest OP22.
0x1D20A2,ピーポーン,Peepo,0x0242,0x0310,0x0005,0x1D209A,0x3973C8,actor+0x62 (16 bytes),0x39E929 -> 0x3AB7DE,entity ID 0x0242; table slot 0x386C24; real target 0x136D9A,ピーポ,8373815b837c815b8393000000000000,826f828582858290828f000000000000,00000000,5,40,PROVEN_CONSUMER_INITIAL_NAME,PASS,NOT_YET_RUN,REPRESENTATIVE_ONLY,NOT_VALIDATED,NOT_VALIDATED,0x1D20C2,12,Actor ID indexing independently confirmed by 394228/39424A; field JP starts with canonical JP. Not inferred from nearest OP22.
0x1D2190,ファインン,Fine,0x0220,0x0110,0x0001,0x1D2188,0x3973C8,actor+0x62 (16 bytes),0x39E929 -> 0x3AB7DE,entity ID 0x0220; table slot 0x386BE0; real target 0x136C3E,ファイン,83748340834383938393000000000000,82658289828e82850000000000000000,00000000,4,32,PROVEN_CONSUMER_INITIAL_NAME,PASS,NOT_YET_RUN,REPRESENTATIVE_ONLY,NOT_VALIDATED,NOT_VALIDATED,0x1D21B0,12,Actor ID indexing independently confirmed by 394228/39424A; field JP starts with canonical JP. Not inferred from nearest OP22.
0x1D21FC,ルゼルーン,Ruzel,0x0219,0x0310,0x0004,0x1D21F4,0x3973C8,actor+0x62 (16 bytes),0x39E929 -> 0x3AB7DE,entity ID 0x0219; table slot 0x386BD2; real target 0x136BF0,ルゼル,838b835b838b815b8393000000000000,82718295829a8285828c000000000000,00000000,5,40,PROVEN_CONSUMER_INITIAL_NAME,PASS,NOT_YET_RUN,REPRESENTATIVE_ONLY,NOT_VALIDATED,NOT_VALIDATED,0x1D221C,12,Actor ID indexing independently confirmed by 394228/39424A; field JP starts with canonical JP. Not inferred from nearest OP22.
0x1D23EA,ケルロンン,Kerlon,0x0202,0x0210,0x0008,0x1D23E2,0x3973C8,actor+0x62 (16 bytes),0x39E929 -> 0x3AB7DE,entity ID 0x0202; table slot 0x386BA4; real target 0x136AE4,ケルロン,8350838b838d83938393000000000000,826a82858292828c828f828e00000000,00000000,6,48,PROVEN_CONSUMER_INITIAL_NAME,PASS,NOT_YET_RUN,REPRESENTATIVE_ONLY,NOT_VALIDATED,NOT_VALIDATED,0x1D240A,12,Actor ID indexing independently confirmed by 394228/39424A; field JP starts with canonical JP. Not inferred from nearest OP22.
0x1D245A,チルドーン,Chirudo,0x0261,0x0610,0x000B,0x1D2452,0x3973C8,actor+0x62 (16 bytes),0x39E929 -> 0x3AB7DE,entity ID 0x0261; table slot 0x386C62; real target 0x136EEC,チルド,8360838b8368815b8393000000000000,826282888289829282958284828f0000,00000000,7,56,PROVEN_CONSUMER_INITIAL_NAME,PASS,NOT_YET_RUN,REPRESENTATIVE_ONLY,NOT_VALIDATED,NOT_VALIDATED,0x1D247A,12,Actor ID indexing independently confirmed by 394228/39424A; field JP starts with canonical JP. Not inferred from nearest OP22.
0x1D3A6E,セルヴァン,Selva,0x0258,0x0310,0x000C,0x1D3A66,0x3973C8,actor+0x62 (16 bytes),0x39E929 -> 0x3AB7DE,entity ID 0x0258; table slot 0x386C50; real target 0x136E80,セルヴァ,835a838b839483408393000000000000,82728285828c82968281000000000000,00000000,5,40,PROVEN_CONSUMER_INITIAL_NAME,PASS,NOT_YET_RUN,REPRESENTATIVE_ONLY,NOT_VALIDATED,NOT_VALIDATED,0x1D3A8E,12,Actor ID indexing independently confirmed by 394228/39424A; field JP starts with canonical JP. Not inferred from nearest OP22.
0x1D42AE,ドランクン,Drunk,0x025C,0x0210,0x0009,0x1D42A6,0x3973C8,actor+0x62 (16 bytes),0x39E929 -> 0x3AB7DE,entity ID 0x025c; table slot 0x386C58; real target 0x136EAC,ドランク,836883898393834e8393000000000000,826382928295828e828b000000000000,00000000,5,40,PROVEN_CONSUMER_INITIAL_NAME,PASS,NOT_YET_RUN,REPRESENTATIVE_ONLY,NOT_VALIDATED,NOT_VALIDATED,0x1D42CE,12,Actor ID indexing independently confirmed by 394228/39424A; field JP starts with canonical JP. Not inferred from nearest OP22.
0x1D4316,ソール・ドゥー,Sol Deux,0x022B,0x0210,0x0009,0x1D430E,0x3973C8,actor+0x62 (16 bytes),0x39E929 -> 0x3AB7DE,entity ID 0x022b; table slot 0x386BF6; real target 0x136CAA,ソール・ドゥー,835c815b838b814583688344815b0000,8272828f828c81408263828582958298,00000000,8,64,PROVEN_CONSUMER_INITIAL_NAME,PASS,NOT_YET_RUN,REPRESENTATIVE_ONLY,NOT_VALIDATED,NOT_VALIDATED,0x1D4336,12,Actor ID indexing independently confirmed by 394228/39424A; field JP starts with canonical JP. Not inferred from nearest OP22.
0x1D6688,ローンーン,Roan,0x022A,0x0210,0x000A,0x1D6680,0x3973C8,actor+0x62 (16 bytes),0x39E929 -> 0x3AB7DE,entity ID 0x022a; table slot 0x386BF4; real target 0x136CA2,ローン,838d815b8393815b8393000000000000,8271828f8281828e0000000000000000,00000000,4,32,PROVEN_CONSUMER_INITIAL_NAME,PASS,NOT_YET_RUN,REPRESENTATIVE_ONLY,NOT_VALIDATED,NOT_VALIDATED,0x1D66A8,12,Actor ID indexing independently confirmed by 394228/39424A; field JP starts with canonical JP. Not inferred from nearest OP22.
0x1D67C6,ヤモックン,Yamock,0x0217,0x0210,0x000C,0x1D67BE,0x3973C8,actor+0x62 (16 bytes),0x39E929 -> 0x3AB7DE,entity ID 0x0217; table slot 0x386BCE; real target 0x136BD8,ヤモック,838483828362834e8393000000000000,82788281828d828f8283828b00000000,00000000,6,48,PROVEN_CONSUMER_INITIAL_NAME,PASS,NOT_YET_RUN,REPRESENTATIVE_ONLY,NOT_VALIDATED,NOT_VALIDATED,0x1D67E6,12,Actor ID indexing independently confirmed by 394228/39424A; field JP starts with canonical JP. Not inferred from nearest OP22.
0x1D6AAE,ジュジュン,Juju,0x0257,0x0110,0x000C,0x1D6AA6,0x3973C8,actor+0x62 (16 bytes),0x39E929 -> 0x3AB7DE,entity ID 0x0257; table slot 0x386C4E; real target 0x136E76,ジュジュ,83578385835783858393000000000000,82698295828a82950000000000000000,00000000,4,32,PROVEN_CONSUMER_INITIAL_NAME,PASS,NOT_YET_RUN,REPRESENTATIVE_ONLY,NOT_VALIDATED,NOT_VALIDATED,0x1D6ACE,12,Actor ID indexing independently confirmed by 394228/39424A; field JP starts with canonical JP. Not inferred from nearest OP22.
0x1D7F42,ノッカーン,Knocker,0x0200,0x0510,0x000A,0x1D7F3A,0x3973C8,actor+0x62 (16 bytes),0x39E929 -> 0x3AB7DE,entity ID 0x0200; table slot 0x386BA0; real target 0x136ACE,ノッカー,836d8362834a815b8393000000000000,826a828e828f8283828b828582920000,00000000,7,56,PROVEN_CONSUMER_INITIAL_NAME,PASS,NOT_YET_RUN,REPRESENTATIVE_ONLY,NOT_VALIDATED,NOT_VALIDATED,0x1D7F62,12,Actor ID indexing independently confirmed by 394228/39424A; field JP starts with canonical JP. Not inferred from nearest OP22.
0x1D83B0,チョコチョコ,ChocoCho,0x025D,0x0210,0x0005,0x1D83A8,0x3973C8,actor+0x62 (16 bytes),0x39E929 -> 0x3AB7DE,entity ID 0x025d; table slot 0x386C5A; real target 0x136EB6; I02_TERM_110 approved 8-glyph display,チョコチョコ,83608387835283608387835200000000,82628288828f8283828f82628288828f,00000000,8,64,PROVEN_CONSUMER_INITIAL_NAME,PASS,NOT_YET_RUN,REPRESENTATIVE_ONLY,NOT_VALIDATED,NOT_VALIDATED,0x1D83D0,12,Actor ID indexing independently confirmed by 394228/39424A; field JP starts with canonical JP. Not inferred from nearest OP22.
0x1D857C,リオスーン,Rios,0x021B,0x0510,0x0001,0x1D8574,0x3973C8,actor+0x62 (16 bytes),0x39E929 -> 0x3AB7DE,entity ID 0x021b; table slot 0x386BD6; real target 0x136C00,リオス,838a83498358815b8393000000000000,82718289828f82930000000000000000,00000000,4,32,PROVEN_CONSUMER_INITIAL_NAME,PASS,NOT_YET_RUN,REPRESENTATIVE_ONLY,NOT_VALIDATED,NOT_VALIDATED,0x1D859C,12,Actor ID indexing independently confirmed by 394228/39424A; field JP starts with canonical JP. Not inferred from nearest OP22.
0x1D85E6,レモンーン,Lemon,0x0221,0x0210,0x000A,0x1D85DE,0x3973C8,actor+0x62 (16 bytes),0x39E929 -> 0x3AB7DE,entity ID 0x0221; table slot 0x386BE2; real target 0x136C46,レモン,838c83828393815b8393000000000000,826b8285828d828f828e000000000000,00000000,5,40,PROVEN_CONSUMER_INITIAL_NAME,PASS,NOT_YET_RUN,REPRESENTATIVE_ONLY,NOT_VALIDATED,NOT_VALIDATED,0x1D8606,12,Actor ID indexing independently confirmed by 394228/39424A; field JP starts with canonical JP. Not inferred from nearest OP22.
0x1D9232,トペークン,To,0x0250,0x0210,0x0007,0x1D922A,0x3973C8,actor+0x62 (16 bytes),0x39E929 -> 0x3AB7DE,entity ID 0x0250; table slot 0x386C40; real target 0x38FF6C,ト,83678379815b834e8393000000000000,8273828f000000000000000000000000,00000000,2,16,PROVEN_CONSUMER_INITIAL_NAME,PASS,NOT_YET_RUN,REPRESENTATIVE_ONLY,NOT_VALIDATED,NOT_VALIDATED,0x1D9252,12,Actor ID indexing independently confirmed by 394228/39424A; field JP starts with canonical JP. Not inferred from nearest OP22.
0x1D93C8,ベルフェゴー,Belphego,0x00AF,0x0510,0x0006,0x1D93C0,0x391FA6,actor+0x62 (16 bytes),0x39E929 -> 0x3AB7DE,I02_TERM_114,ベルフェゴー,8378838b837483468353815b00000000,82618285828c8290828882858287828f,00000000,8,64,PROVEN_CONSUMER_INITIAL_NAME,PASS,NOT_YET_RUN,REPRESENTATIVE_ONLY,NOT_VALIDATED,NOT_VALIDATED,0x1D93E2,6,Exact JP match to approved glossary; not inferred from nearest OP22.
0x1D98B2,ミューズン,Muse,0x021F,0x0210,0x000A,0x1D98AA,0x3973C8,actor+0x62 (16 bytes),0x39E929 -> 0x3AB7DE,entity ID 0x021f; table slot 0x386BDE; real target 0x136C36,ミューズ,837e8385815b83598393000000000000,826c8295829382850000000000000000,00000000,4,32,PROVEN_CONSUMER_INITIAL_NAME,PASS,NOT_YET_RUN,REPRESENTATIVE_ONLY,NOT_VALIDATED,NOT_VALIDATED,0x1D98D2,12,Actor ID indexing independently confirmed by 394228/39424A; field JP starts with canonical JP. Not inferred from nearest OP22.
0x1D9A10,ゲンマクン,Genma,0x0234,0x0410,0x0007,0x1D9A08,0x3973C8,actor+0x62 (16 bytes),0x39E929 -> 0x3AB7DE,entity ID 0x0234; table slot 0x386C08; real target 0x136D02,ゲンマ,83518393837d834e8393000000000000,82668285828e828d8281000000000000,00000000,5,40,PROVEN_CONSUMER_INITIAL_NAME,PASS,NOT_YET_RUN,REPRESENTATIVE_ONLY,NOT_VALIDATED,NOT_VALIDATED,0x1D9A30,12,Actor ID indexing independently confirmed by 394228/39424A; field JP starts with canonical JP. Not inferred from nearest OP22.
0x1DB6F6,ソール・アン,Sol Ann,0x027C,0x0410,0x0007,0x1DB6EE,0x3973C8,actor+0x62 (16 bytes),0x39E929 -> 0x3AB7DE,entity ID 0x027c; table slot 0x386C98; real target 0x137002,ソール・アン,835c815b838b81458341839300000000,8272828f828c81408260828e828e0000,00000000,7,56,PROVEN_CONSUMER_INITIAL_NAME,PASS,NOT_YET_RUN,REPRESENTATIVE_ONLY,NOT_VALIDATED,NOT_VALIDATED,0x1DB716,12,Actor ID indexing independently confirmed by 394228/39424A; field JP starts with canonical JP. Not inferred from nearest OP22.
0x1DB79C,マーヤクン,Maya,0x026D,0x0510,0x0003,0x1DB794,0x3973C8,actor+0x62 (16 bytes),0x39E929 -> 0x3AB7DE,entity ID 0x026d; table slot 0x386C7A; real target 0x136F68,マーヤ,837d815b8384834e8393000000000000,826c8281829982810000000000000000,00000000,4,32,PROVEN_CONSUMER_INITIAL_NAME,PASS,NOT_YET_RUN,REPRESENTATIVE_ONLY,NOT_VALIDATED,NOT_VALIDATED,0x1DB7BC,12,Actor ID indexing independently confirmed by 394228/39424A; field JP starts with canonical JP. Not inferred from nearest OP22.
0x1DC620,ファビット,Fabit,0x0267,0x0610,0x000C,0x1DC618,0x3973C8,actor+0x62 (16 bytes),0x39E929 -> 0x3AB7DE,entity ID 0x0267; table slot 0x386C6E; real target 0x136F30,ファビット,83748340837283628367000000000000,82658281828282898294000000000000,00000000,5,40,PROVEN_CONSUMER_INITIAL_NAME,PASS,NOT_YET_RUN,REPRESENTATIVE_ONLY,NOT_VALIDATED,NOT_VALIDATED,0x1DC640,12,Actor ID indexing independently confirmed by 394228/39424A; field JP starts with canonical JP. Not inferred from nearest OP22.
0x1E7318,ポコ,Poco,0x0021,0x0410,0x0009,0x1E7310,0x3973C8,actor+0x62 (16 bytes),0x39E929 -> 0x3AB7DE,ROOT_VERIFIED_DIALOGUE_0x1E714E_0x1E74BC_MISSION_0x36518C,ポコ,837c8352000000000000000000000000,826f828f8283828f0000000000000000,00000200,4,32,PROVEN_CONSUMER_INITIAL_NAME,ROOT_EDITORIAL_APPROVED,NOT_YET_RUN,REPRESENTATIVE_ONLY,NOT_VALIDATED,NOT_VALIDATED,,,Direct romanization; following opcode0021 0001 hides speaker name in inspected local path.
0x1E8036,ピボットン,Pivot,0x01FB,0x0310,0x000A,0x1E802E,0x3973C8,actor+0x62 (16 bytes),0x39E929 -> 0x3AB7DE,entity ID 0x01fb; table slot 0x386B96; real target 0x136A9A,ピボット,8373837b836283678393000000000000,826f82898296828f8294000000000000,00000000,5,40,PROVEN_CONSUMER_INITIAL_NAME,PASS,NOT_YET_RUN,REPRESENTATIVE_ONLY,NOT_VALIDATED,NOT_VALIDATED,0x1E8056,12,Actor ID indexing independently confirmed by 394228/39424A; field JP starts with canonical JP. Not inferred from nearest OP22.
0x1E8324,ブラウンン,Brown,0x020B,0x0410,0x0007,0x1E831C,0x3973C8,actor+0x62 (16 bytes),0x39E929 -> 0x3AB7DE,entity ID 0x020b; table slot 0x386BB6; real target 0x136B4C,ブラウン,83758389834583938393000000000000,82618292828f8297828e000000000000,00000000,5,40,PROVEN_CONSUMER_INITIAL_NAME,PASS,NOT_YET_RUN,REPRESENTATIVE_ONLY,NOT_VALIDATED,NOT_VALIDATED,0x1E8344,12,Actor ID indexing independently confirmed by 394228/39424A; field JP starts with canonical JP. Not inferred from nearest OP22.
0x1E8D2C,ユッキーン,Yukki,0x0218,0x0210,0x000B,0x1E8D24,0x3973C8,actor+0x62 (16 bytes),0x39E929 -> 0x3AB7DE,entity ID 0x0218; table slot 0x386BD0; real target 0x136BE4,ユッキー,83868362834c815b8393000000000000,82788295828b828b8289000000000000,00000000,5,40,PROVEN_CONSUMER_INITIAL_NAME,PASS,NOT_YET_RUN,REPRESENTATIVE_ONLY,NOT_VALIDATED,NOT_VALIDATED,0x1E8D4C,12,Actor ID indexing independently confirmed by 394228/39424A; field JP starts with canonical JP. Not inferred from nearest OP22.
0x1E9878,シーザンン,Seazan,0x0236,0x0110,0x0009,0x1E9870,0x3973C8,actor+0x62 (16 bytes),0x39E929 -> 0x3AB7DE,entity ID 0x0236; table slot 0x386C0C; real target 0x136D16,シーザン,8356815b835583938393000000000000,827282858281829a8281828e00000000,00000000,6,48,PROVEN_CONSUMER_INITIAL_NAME,PASS,NOT_YET_RUN,REPRESENTATIVE_ONLY,NOT_VALIDATED,NOT_VALIDATED,0x1E9898,12,Actor ID indexing independently confirmed by 394228/39424A; field JP starts with canonical JP. Not inferred from nearest OP22.
0x1E99AE,ガンジェン,Ganje,0x0252,0x0510,0x0006,0x1E99A6,0x3973C8,actor+0x62 (16 bytes),0x39E929 -> 0x3AB7DE,entity ID 0x0252; table slot 0x386C44; real target 0x136E36,ガンジェ,834b8393835783468393000000000000,82668281828e828a8285000000000000,00000000,5,40,PROVEN_CONSUMER_INITIAL_NAME,PASS,NOT_YET_RUN,REPRESENTATIVE_ONLY,NOT_VALIDATED,NOT_VALIDATED,0x1E99CE,12,Actor ID indexing independently confirmed by 394228/39424A; field JP starts with canonical JP. Not inferred from nearest OP22.
0x1E9AA6,いんぎまる,Ingimaru,0x0247,0x0410,0x0004,0x1E9A9E,0x3973C8,actor+0x62 (16 bytes),0x39E929 -> 0x3AB7DE,entity ID 0x0247; table slot 0x386C2E; real target 0x136DD0,いんぎまる,82a282f182ac82dc82e9000000000000,8268828e82878289828d828182928295,00000000,8,64,PROVEN_CONSUMER_INITIAL_NAME,PASS,NOT_YET_RUN,REPRESENTATIVE_ONLY,NOT_VALIDATED,NOT_VALIDATED,0x1E9AC6,12,Actor ID indexing independently confirmed by 394228/39424A; field JP starts with canonical JP. Not inferred from nearest OP22.
0x1EA1BA,コモコモン,Komokomo,0x0255,0x0410,0x0002,0x1EA1B2,0x3973C8,actor+0x62 (16 bytes),0x39E929 -> 0x3AB7DE,entity ID 0x0255; table slot 0x386C4A; real target 0x136E5C,コモコモ,83528382835283828393000000000000,826a828f828d828f828b828f828d828f,00000000,8,64,PROVEN_CONSUMER_INITIAL_NAME,PASS,NOT_YET_RUN,REPRESENTATIVE_ONLY,NOT_VALIDATED,NOT_VALIDATED,0x1EA1DA,12,Actor ID indexing independently confirmed by 394228/39424A; field JP starts with canonical JP. Not inferred from nearest OP22.
0x1EA226,チコリーン,Chicory,0x0278,0x0410,0x0007,0x1EA21E,0x3973C8,actor+0x62 (16 bytes),0x39E929 -> 0x3AB7DE,entity ID 0x0278; table slot 0x386C90; real target 0x136FDC,チコリ,83608352838a815b8393000000000000,8262828882898283828f829282990000,00000000,7,56,PROVEN_CONSUMER_INITIAL_NAME,PASS,NOT_YET_RUN,REPRESENTATIVE_ONLY,NOT_VALIDATED,NOT_VALIDATED,0x1EA246,12,Actor ID indexing independently confirmed by 394228/39424A; field JP starts with canonical JP. Not inferred from nearest OP22.
0x1EA65A,スウィート,Sweet,0x0277,0x0210,0x0002,0x1EA652,0x3973C8,actor+0x62 (16 bytes),0x39E929 -> 0x3AB7DE,entity ID 0x0277; table slot 0x386C8E; real target 0x136FD2,スウィート,835883458342815b8367000000000000,82728297828582858294000000000000,00000000,5,40,PROVEN_CONSUMER_INITIAL_NAME,PASS,NOT_YET_RUN,REPRESENTATIVE_ONLY,NOT_VALIDATED,NOT_VALIDATED,0x1EA67A,12,Actor ID indexing independently confirmed by 394228/39424A; field JP starts with canonical JP. Not inferred from nearest OP22.
0x1EA6C6,キララーン,Kirara,0x027F,0x0410,0x000A,0x1EA6BE,0x3973C8,actor+0x62 (16 bytes),0x39E929 -> 0x3AB7DE,entity ID 0x027f; table slot 0x386C9E; real target 0x13702C,キララ,834c83898389815b8393000000000000,826a8289829282818292828100000000,00000000,6,48,PROVEN_CONSUMER_INITIAL_NAME,PASS,NOT_YET_RUN,REPRESENTATIVE_ONLY,NOT_VALIDATED,NOT_VALIDATED,0x1EA6E6,12,Actor ID indexing independently confirmed by 394228/39424A; field JP starts with canonical JP. Not inferred from nearest OP22.
0x1EA72C,ユギカーン,Yugi,0x0268,0x0210,0x0002,0x1EA724,0x3973C8,actor+0x62 (16 bytes),0x39E929 -> 0x3AB7DE,entity ID 0x0268; table slot 0x386C70; real target 0x136F3A,ユギ,8386834d834a815b8393000000000000,82788295828782890000000000000000,00000000,4,32,PROVEN_CONSUMER_INITIAL_NAME,PASS,NOT_YET_RUN,REPRESENTATIVE_ONLY,NOT_VALIDATED,NOT_VALIDATED,0x1EA74C,12,Actor ID indexing independently confirmed by 394228/39424A; field JP starts with canonical JP. Not inferred from nearest OP22.
0x1EBA50,ボーハンン,Bohan,0x0213,0x0310,0x000C,0x1EBA48,0x3973C8,actor+0x62 (16 bytes),0x39E929 -> 0x3AB7DE,entity ID 0x0213; table slot 0x386BC6; real target 0x136BAA,ボーハン,837b815b836e83938393000000000000,8261828f82888281828e000000000000,00000000,5,40,PROVEN_CONSUMER_INITIAL_NAME,PASS,NOT_YET_RUN,REPRESENTATIVE_ONLY,NOT_VALIDATED,NOT_VALIDATED,0x1EBA70,12,Actor ID indexing independently confirmed by 394228/39424A; field JP starts with canonical JP. Not inferred from nearest OP22.
0x1ECD5A,クインーン,Quinn,0x0231,0x0310,0x0002,0x1ECD52,0x3973C8,actor+0x62 (16 bytes),0x39E929 -> 0x3AB7DE,entity ID 0x0231; table slot 0x386C02; real target 0x136CE8,クイン,834e83438393815b8393000000000000,827082958289828e828e000000000000,00000000,5,40,PROVEN_CONSUMER_INITIAL_NAME,PASS,NOT_YET_RUN,REPRESENTATIVE_ONLY,NOT_VALIDATED,NOT_VALIDATED,0x1ECD7A,12,Actor ID indexing independently confirmed by 394228/39424A; field JP starts with canonical JP. Not inferred from nearest OP22.
0x1EF15C,ガジゴジン,Gajigoji,0x0251,0x0210,0x000B,0x1EF154,0x3973C8,actor+0x62 (16 bytes),0x39E929 -> 0x3AB7DE,entity ID 0x0251; table slot 0x386C42; real target 0x136E26,ガジゴジ,834b8357835383578393000000000000,82668281828a82898287828f828a8289,00000000,8,64,PROVEN_CONSUMER_INITIAL_NAME,PASS,NOT_YET_RUN,REPRESENTATIVE_ONLY,NOT_VALIDATED,NOT_VALIDATED,0x1EF17C,12,Actor ID indexing independently confirmed by 394228/39424A; field JP starts with canonical JP. Not inferred from nearest OP22.
0x1EF1C4,プリズモン,Prismo,0x0240,0x0110,0x000A,0x1EF1BC,0x3973C8,actor+0x62 (16 bytes),0x39E929 -> 0x3AB7DE,entity ID 0x0240; table slot 0x386C20; real target 0x136D84,プリズモ,8376838a835983828393000000000000,826f829282898293828d828f00000000,00000000,6,48,PROVEN_CONSUMER_INITIAL_NAME,PASS,NOT_YET_RUN,REPRESENTATIVE_ONLY,NOT_VALIDATED,NOT_VALIDATED,0x1EF1E4,12,Actor ID indexing independently confirmed by 394228/39424A; field JP starts with canonical JP. Not inferred from nearest OP22.
0x1EF356,ビブラーン,Bibler,0x023E,0x0610,0x0002,0x1EF34E,0x3973C8,actor+0x62 (16 bytes),0x39E929 -> 0x3AB7DE,entity ID 0x023e; table slot 0x386C1C; real target 0x136D70,ビブラー,837283758389815b8393000000000000,826182898282828c8285829200000000,00000000,6,48,PROVEN_CONSUMER_INITIAL_NAME,PASS,NOT_YET_RUN,REPRESENTATIVE_ONLY,NOT_VALIDATED,NOT_VALIDATED,0x1EF376,12,Actor ID indexing independently confirmed by 394228/39424A; field JP starts with canonical JP. Not inferred from nearest OP22.
0x1EFBA6,チャムーン,Cham,0x025E,0x0310,0x000C,0x1EFB9E,0x3973C8,actor+0x62 (16 bytes),0x39E929 -> 0x3AB7DE,entity ID 0x025e; table slot 0x386C5C; real target 0x136EC8,チャム,836083838380815b8393000000000000,826282888281828d0000000000000000,00000000,4,32,PROVEN_CONSUMER_INITIAL_NAME,PASS,NOT_YET_RUN,REPRESENTATIVE_ONLY,NOT_VALIDATED,NOT_VALIDATED,0x1EFBC6,12,Actor ID indexing independently confirmed by 394228/39424A; field JP starts with canonical JP. Not inferred from nearest OP22.
0x1EFCF2,せりカーン,Seri,0x0237,0x0110,0x0005,0x1EFCEA,0x3973C8,actor+0x62 (16 bytes),0x39E929 -> 0x3AB7DE,entity ID 0x0237; table slot 0x386C0E; real target 0x136D22,せり,82b982e8834a815b8393000000000000,82728285829282890000000000000000,00000000,4,32,PROVEN_CONSUMER_INITIAL_NAME,PASS,NOT_YET_RUN,REPRESENTATIVE_ONLY,NOT_VALIDATED,NOT_VALIDATED,0x1EFD12,12,Actor ID indexing independently confirmed by 394228/39424A; field JP starts with canonical JP. Not inferred from nearest OP22.
0x1EFD62,パルパッコ,Palpacco,0x0245,0x0610,0x0004,0x1EFD5A,0x3973C8,actor+0x62 (16 bytes),0x39E929 -> 0x3AB7DE,entity ID 0x0245; table slot 0x386C2A; real target 0x136DB6,パルパッコ,8370838b837083628352000000000000,826f8281828c8290828182838283828f,00000000,8,64,PROVEN_CONSUMER_INITIAL_NAME,PASS,NOT_YET_RUN,REPRESENTATIVE_ONLY,NOT_VALIDATED,NOT_VALIDATED,0x1EFD82,12,Actor ID indexing independently confirmed by 394228/39424A; field JP starts with canonical JP. Not inferred from nearest OP22.
0x1F0524,レクリーン,Rek,0x026A,0x0510,0x0006,0x1F051C,0x3973C8,actor+0x62 (16 bytes),0x39E929 -> 0x3AB7DE,entity ID 0x026a; table slot 0x386C74; real target 0x136F4C,レク,838c834e838a815b8393000000000000,82718285828b00000000000000000000,00000000,3,24,PROVEN_CONSUMER_INITIAL_NAME,PASS,NOT_YET_RUN,REPRESENTATIVE_ONLY,NOT_VALIDATED,NOT_VALIDATED,0x1F0544,12,Actor ID indexing independently confirmed by 394228/39424A; field JP starts with canonical JP. Not inferred from nearest OP22.
0x1F083C,リーハン,Riha,0x007B,0x0910,0x000C,0x1F0834,0x3973C8,actor+0x62 (16 bytes),0x39E929 -> 0x3AB7DE,I02_TERM_143,リーハン,838a815b836e83930000000000000000,82718289828882810000000000000000,00000300,4,32,PROVEN_CONSUMER_INITIAL_NAME,PASS,NOT_YET_RUN,REPRESENTATIVE_ONLY,NOT_VALIDATED,NOT_VALIDATED,0x1F0874,36,Exact JP match to approved glossary; not inferred from nearest OP22.
0x1F1290,サフラーン,Safra,0x026B,0x0310,0x000A,0x1F1288,0x3973C8,actor+0x62 (16 bytes),0x39E929 -> 0x3AB7DE,entity ID 0x026b; table slot 0x386C76; real target 0x136F54,サフラ,835483748389815b8393000000000000,82728281828682928281000000000000,00000000,5,40,PROVEN_CONSUMER_INITIAL_NAME,PASS,NOT_YET_RUN,REPRESENTATIVE_ONLY,NOT_VALIDATED,NOT_VALIDATED,0x1F12B0,12,Actor ID indexing independently confirmed by 394228/39424A; field JP starts with canonical JP. Not inferred from nearest OP22.
0x1F14A8,クシュラン,Kushra,0x0265,0x0210,0x0009,0x1F14A0,0x3973C8,actor+0x62 (16 bytes),0x39E929 -> 0x3AB7DE,entity ID 0x0265; table slot 0x386C6A; real target 0x136F1A,クシュラ,834e8356838583898393000000000000,826a8295829382888292828100000000,00000000,6,48,PROVEN_CONSUMER_INITIAL_NAME,PASS,NOT_YET_RUN,REPRESENTATIVE_ONLY,NOT_VALIDATED,NOT_VALIDATED,0x1F14C8,12,Actor ID indexing independently confirmed by 394228/39424A; field JP starts with canonical JP. Not inferred from nearest OP22.
0x1F2A4E,チョチョポロン,ChochoPo,0x025F,0x0210,0x0009,0x1F2A46,0x3973C8,actor+0x62 (16 bytes),0x39E929 -> 0x3AB7DE,entity ID 0x025f; table slot 0x386C5E; real target 0x136ED0; I02_TERM_147 approved 8-glyph display,チョチョポロン,8360838783608387837c838d83930000,82628288828f82838288828f826f828f,00000000,8,64,PROVEN_CONSUMER_INITIAL_NAME,PASS,NOT_YET_RUN,REPRESENTATIVE_ONLY,NOT_VALIDATED,NOT_VALIDATED,0x1F2A6E,12,Actor ID indexing independently confirmed by 394228/39424A; field JP starts with canonical JP. Not inferred from nearest OP22.
0x1F2CD2,ぎんがーン,Ginga,0x0233,0x0110,0x000A,0x1F2CCA,0x3973C8,actor+0x62 (16 bytes),0x39E929 -> 0x3AB7DE,entity ID 0x0233; table slot 0x386C06; real target 0x136CFA,ぎんが,82ac82f182aa815b8393000000000000,82668289828e82878281000000000000,00000000,5,40,PROVEN_CONSUMER_INITIAL_NAME,PASS,NOT_YET_RUN,REPRESENTATIVE_ONLY,NOT_VALIDATED,NOT_VALIDATED,0x1F2CF2,12,Actor ID indexing independently confirmed by 394228/39424A; field JP starts with canonical JP. Not inferred from nearest OP22.
0x1F2F94,ジールーン,Jiru,0x0249,0x0510,0x0002,0x1F2F8C,0x3973C8,actor+0x62 (16 bytes),0x39E929 -> 0x3AB7DE,entity ID 0x0249; table slot 0x386C32; real target 0x136DEA,ジールー,8357815b838b815b8393000000000000,82698289829282950000000000000000,00000000,4,32,PROVEN_CONSUMER_INITIAL_NAME,PASS,NOT_YET_RUN,REPRESENTATIVE_ONLY,NOT_VALIDATED,NOT_VALIDATED,0x1F2FB4,12,Actor ID indexing independently confirmed by 394228/39424A; field JP starts with canonical JP. Not inferred from nearest OP22.
0x1F38B0,アーピーン,Arpi,0x0270,0x0410,0x0001,0x1F38A8,0x3973C8,actor+0x62 (16 bytes),0x39E929 -> 0x3AB7DE,entity ID 0x0270; table slot 0x386C80; real target 0x136F84,アーピ,8341815b8373815b8393000000000000,82608292829082890000000000000000,00000000,4,32,PROVEN_CONSUMER_INITIAL_NAME,PASS,NOT_YET_RUN,REPRESENTATIVE_ONLY,NOT_VALIDATED,NOT_VALIDATED,0x1F38D0,12,Actor ID indexing independently confirmed by 394228/39424A; field JP starts with canonical JP. Not inferred from nearest OP22.
0x1F3CAC,ライム・ライ,Lime Rai,0x027E,0x0410,0x0007,0x1F3CA4,0x3973C8,actor+0x62 (16 bytes),0x39E929 -> 0x3AB7DE,entity ID 0x027e; table slot 0x386C9C; real target 0x13701E,ライム・ライ,83898343838081458389834300000000,826b8289828d82858140827182818289,00000000,8,64,PROVEN_CONSUMER_INITIAL_NAME,PASS,NOT_YET_RUN,REPRESENTATIVE_ONLY,NOT_VALIDATED,NOT_VALIDATED,0x1F3CCC,12,Actor ID indexing independently confirmed by 394228/39424A; field JP starts with canonical JP. Not inferred from nearest OP22.
0x1F3F16,マロスーン,Maros,0x0274,0x0310,0x0007,0x1F3F0E,0x3973C8,actor+0x62 (16 bytes),0x39E929 -> 0x3AB7DE,entity ID 0x0274; table slot 0x386C88; real target 0x136FB2,マロス,837d838d8358815b8393000000000000,826c82818292828f8293000000000000,00000000,5,40,PROVEN_CONSUMER_INITIAL_NAME,PASS,NOT_YET_RUN,REPRESENTATIVE_ONLY,NOT_VALIDATED,NOT_VALIDATED,0x1F3F36,12,Actor ID indexing independently confirmed by 394228/39424A; field JP starts with canonical JP. Not inferred from nearest OP22.
0x1F64C6,ヤパニンン,Yapanin,0x0279,0x0410,0x000B,0x1F64BE,0x3973C8,actor+0x62 (16 bytes),0x39E929 -> 0x3AB7DE,entity ID 0x0279; table slot 0x386C92; real target 0x136FE8,ヤパニン,83848370836a83938393000000000000,8278828182908281828e8289828e0000,00000000,7,56,PROVEN_CONSUMER_INITIAL_NAME,PASS,NOT_YET_RUN,REPRESENTATIVE_ONLY,NOT_VALIDATED,NOT_VALIDATED,0x1F64E6,12,Actor ID indexing independently confirmed by 394228/39424A; field JP starts with canonical JP. Not inferred from nearest OP22.
0x1F65C2,みづきクン,Mizuki,0x023C,0x0210,0x000A,0x1F65BA,0x3973C8,actor+0x62 (16 bytes),0x39E929 -> 0x3AB7DE,entity ID 0x023c; table slot 0x386C18; real target 0x136D58,みづき,82dd82c382ab834e8393000000000000,826c8289829a8295828b828900000000,00000000,6,48,PROVEN_CONSUMER_INITIAL_NAME,PASS,NOT_YET_RUN,REPRESENTATIVE_ONLY,NOT_VALIDATED,NOT_VALIDATED,0x1F65E2,12,Actor ID indexing independently confirmed by 394228/39424A; field JP starts with canonical JP. Not inferred from nearest OP22.
0x1F726C,かなみクン,Kanami,0x0207,0x0210,0x0003,0x1F7264,0x3973C8,actor+0x62 (16 bytes),0x39E929 -> 0x3AB7DE,entity ID 0x0207; table slot 0x386BAE; real target 0x136B1A,かなみ,82a982c882dd834e8393000000000000,826a8281828e8281828d828900000000,00000000,6,48,PROVEN_CONSUMER_INITIAL_NAME,PASS,NOT_YET_RUN,REPRESENTATIVE_ONLY,NOT_VALIDATED,NOT_VALIDATED,0x1F728C,12,Actor ID indexing independently confirmed by 394228/39424A; field JP starts with canonical JP. Not inferred from nearest OP22.
0x1F7410,ゆきかぜン,Yukikaze,0x021D,0x0510,0x0008,0x1F7408,0x3973C8,actor+0x62 (16 bytes),0x39E929 -> 0x3AB7DE,entity ID 0x021d; table slot 0x386BDA; real target 0x136C18,ゆきかぜ,82e482ab82a982ba8393000000000000,82788295828b8289828b8281829a8285,00000000,8,64,PROVEN_CONSUMER_INITIAL_NAME,PASS,NOT_YET_RUN,REPRESENTATIVE_ONLY,NOT_VALIDATED,NOT_VALIDATED,0x1F7430,12,Actor ID indexing independently confirmed by 394228/39424A; field JP starts with canonical JP. Not inferred from nearest OP22.
0x1F965A,ビーンズ,Beans,0x00CA,0xFE10,0x0005,0x1F9652,0x3973C8,actor+0x62 (16 bytes),0x39E929 -> 0x3AB7DE,I02_TERM_159,ビーンズ,8372815b839383590000000000000000,826182858281828e8293000000000000,02000200,5,40,PROVEN_CONSUMER_INITIAL_NAME,PASS,NOT_YET_RUN,REPRESENTATIVE_ONLY,NOT_VALIDATED,NOT_VALIDATED,0x1F966E,0,Exact JP match to approved glossary; not inferred from nearest OP22.
0x1F99E2,みことクン,Mikoto,0x021C,0x0210,0x000A,0x1F99DA,0x3973C8,actor+0x62 (16 bytes),0x39E929 -> 0x3AB7DE,entity ID 0x021c; table slot 0x386BD8; real target 0x136C0A,みこと,82dd82b182c6834e8393000000000000,826c8289828b828f8294828f00000000,00000000,6,48,PROVEN_CONSUMER_INITIAL_NAME,PASS,NOT_YET_RUN,REPRESENTATIVE_ONLY,NOT_VALIDATED,NOT_VALIDATED,0x1F9A02,12,Actor ID indexing independently confirmed by 394228/39424A; field JP starts with canonical JP. Not inferred from nearest OP22.
0x1F9B28,こはるクン,Koharu,0x023A,0x0610,0x000B,0x1F9B20,0x3973C8,actor+0x62 (16 bytes),0x39E929 -> 0x3AB7DE,entity ID 0x023a; table slot 0x386C14; real target 0x136D3E,こはる,82b182cd82e9834e8393000000000000,826a828f828882818292829500000000,00000000,6,48,PROVEN_CONSUMER_INITIAL_NAME,PASS,NOT_YET_RUN,REPRESENTATIVE_ONLY,NOT_VALIDATED,NOT_VALIDATED,0x1F9B48,12,Actor ID indexing independently confirmed by 394228/39424A; field JP starts with canonical JP. Not inferred from nearest OP22.
0x1FAD6A,クリム・ベー,Crim B,0x0256,0x0110,0x0003,0x1FAD62,0x3973C8,actor+0x62 (16 bytes),0x39E929 -> 0x3AB7DE,entity ID 0x0256; table slot 0x386C4C; real target 0x136E6A,クリム・ベー,834e838a838081458378815b00000000,826282928289828d8140826100000000,00000000,6,48,PROVEN_CONSUMER_INITIAL_NAME,PASS,NOT_YET_RUN,REPRESENTATIVE_ONLY,NOT_VALIDATED,NOT_VALIDATED,0x1FAD8A,12,Actor ID indexing independently confirmed by 394228/39424A; field JP starts with canonical JP. Not inferred from nearest OP22.
0x1FADE8,ゴスボロン,Gosboro,0x0253,0x0110,0x0005,0x1FADE0,0x3973C8,actor+0x62 (16 bytes),0x39E929 -> 0x3AB7DE,entity ID 0x0253; table slot 0x386C46; real target 0x136E40,ゴスボロ,83538358837b838d8393000000000000,8266828f82938282828f8292828f0000,00000000,7,56,PROVEN_CONSUMER_INITIAL_NAME,PASS,NOT_YET_RUN,REPRESENTATIVE_ONLY,NOT_VALIDATED,NOT_VALIDATED,0x1FAE08,12,Actor ID indexing independently confirmed by 394228/39424A; field JP starts with canonical JP. Not inferred from nearest OP22.
0x1FAE5C,チョップン,Chop,0x01FC,0x0310,0x0009,0x1FAE54,0x3973C8,actor+0x62 (16 bytes),0x39E929 -> 0x3AB7DE,entity ID 0x01fc; table slot 0x386B98; real target 0x136AA6,チョップ,83608387836283768393000000000000,82628288828f82900000000000000000,00000000,4,32,PROVEN_CONSUMER_INITIAL_NAME,PASS,NOT_YET_RUN,REPRESENTATIVE_ONLY,NOT_VALIDATED,NOT_VALIDATED,0x1FAE7C,12,Actor ID indexing independently confirmed by 394228/39424A; field JP starts with canonical JP. Not inferred from nearest OP22.
0x1FB05E,リムナーン,Limna,0x01E7,0x0410,0x0006,0x1FB056,0x3973C8,actor+0x62 (16 bytes),0x39E929 -> 0x3AB7DE,entity ID 0x01e7; table slot 0x386B6E; real target 0x38FE02,リムナ,838a83808369815b8393000000000000,826b8289828d828e8281000000000000,00000000,5,40,PROVEN_CONSUMER_INITIAL_NAME,PASS,NOT_YET_RUN,REPRESENTATIVE_ONLY,NOT_VALIDATED,NOT_VALIDATED,0x1FB07E,12,Actor ID indexing independently confirmed by 394228/39424A; field JP starts with canonical JP. Not inferred from nearest OP22.
0x1FB0C4,スナフーン,Snuff,0x01FD,0x0310,0x0007,0x1FB0BC,0x3973C8,actor+0x62 (16 bytes),0x39E929 -> 0x3AB7DE,entity ID 0x01fd; table slot 0x386B9A; real target 0x136AAE,スナフ,835883698374815b8393000000000000,8272828e829582868286000000000000,00000000,5,40,PROVEN_CONSUMER_INITIAL_NAME,PASS,NOT_YET_RUN,REPRESENTATIVE_ONLY,NOT_VALIDATED,NOT_VALIDATED,0x1FB0E4,12,Actor ID indexing independently confirmed by 394228/39424A; field JP starts with canonical JP. Not inferred from nearest OP22.
0x1FB12A,タムタムン,Tamtam,0x025A,0x0510,0x000A,0x1FB122,0x3973C8,actor+0x62 (16 bytes),0x39E929 -> 0x3AB7DE,entity ID 0x025a; table slot 0x386C54; real target 0x136E94,タムタム,835e8380835e83808393000000000000,82738281828d82948281828d00000000,00000000,6,48,PROVEN_CONSUMER_INITIAL_NAME,PASS,NOT_YET_RUN,REPRESENTATIVE_ONLY,NOT_VALIDATED,NOT_VALIDATED,0x1FB14A,12,Actor ID indexing independently confirmed by 394228/39424A; field JP starts with canonical JP. Not inferred from nearest OP22.
0x1FB552,ガイゴール,Gaigor,0x01E2,0x0410,0x0006,0x1FB54A,0x3973C8,actor+0x62 (16 bytes),0x39E929 -> 0x3AB7DE,entity ID 0x01e2; table slot 0x386B64; real target 0x38FDB8,ガイゴール,834b83438353815b838b000000000000,8266828182898287828f829200000000,00000000,6,48,PROVEN_CONSUMER_INITIAL_NAME,PASS,NOT_YET_RUN,REPRESENTATIVE_ONLY,NOT_VALIDATED,NOT_VALIDATED,0x1FB572,12,Actor ID indexing independently confirmed by 394228/39424A; field JP starts with canonical JP. Not inferred from nearest OP22.
0x1FB992,ノアノアン,Noanoa,0x0262,0x0310,0x0003,0x1FB98A,0x3973C8,actor+0x62 (16 bytes),0x39E929 -> 0x3AB7DE,entity ID 0x0262; table slot 0x386C64; real target 0x136EFA,ノアノア,836d8341836d83418393000000000000,826d828f8281828e828f828100000000,00000000,6,48,PROVEN_CONSUMER_INITIAL_NAME,PASS,NOT_YET_RUN,REPRESENTATIVE_ONLY,NOT_VALIDATED,NOT_VALIDATED,0x1FB9B2,12,Actor ID indexing independently confirmed by 394228/39424A; field JP starts with canonical JP. Not inferred from nearest OP22.
0x1FBBF6,ミラーガン,Miraga,0x021E,0x0410,0x0001,0x1FBBEE,0x3973C8,actor+0x62 (16 bytes),0x39E929 -> 0x3AB7DE,entity ID 0x021e; table slot 0x386BDC; real target 0x136C2A,ミラーガ,837e8389815b834b8393000000000000,826c8289829282818287828100000000,00000000,6,48,PROVEN_CONSUMER_INITIAL_NAME,PASS,NOT_YET_RUN,REPRESENTATIVE_ONLY,NOT_VALIDATED,NOT_VALIDATED,0x1FBC16,12,Actor ID indexing independently confirmed by 394228/39424A; field JP starts with canonical JP. Not inferred from nearest OP22.
0x1FBC5E,エスピスック,Espis,0x0275,0x0310,0x0006,0x1FBC56,0x3973C8,actor+0x62 (16 bytes),0x39E929 -> 0x3AB7DE,entity ID 0x0275; table slot 0x386C8A; real target 0x136FBC,エスピス,83478358837383588362834e00000000,82648293829082898293000000000000,00000000,5,40,PROVEN_CONSUMER_INITIAL_NAME,PASS,NOT_YET_RUN,REPRESENTATIVE_ONLY,NOT_VALIDATED,NOT_VALIDATED,0x1FBC7E,12,Actor ID indexing independently confirmed by 394228/39424A; field JP starts with canonical JP. Not inferred from nearest OP22.
0x1FBEC6,ウーファン,Ufa,0x024E,0x0310,0x0009,0x1FBEBE,0x3973C8,actor+0x62 (16 bytes),0x39E929 -> 0x3AB7DE,entity ID 0x024e; table slot 0x386C3C; real target 0x136E16,ウーファ,8345815b837483408393000000000000,82748286828100000000000000000000,00000000,3,24,PROVEN_CONSUMER_INITIAL_NAME,PASS,NOT_YET_RUN,REPRESENTATIVE_ONLY,NOT_VALIDATED,NOT_VALIDATED,0x1FBEE6,12,Actor ID indexing independently confirmed by 394228/39424A; field JP starts with canonical JP. Not inferred from nearest OP22.
0x1FC026,チェックン,Check,0x0229,0x0110,0x0009,0x1FC01E,0x3973C8,actor+0x62 (16 bytes),0x39E929 -> 0x3AB7DE,entity ID 0x0229; table slot 0x386BF2; real target 0x136C98,チェック,836083468362834e8393000000000000,8262828882858283828b000000000000,00000000,5,40,PROVEN_CONSUMER_INITIAL_NAME,PASS,NOT_YET_RUN,REPRESENTATIVE_ONLY,NOT_VALIDATED,NOT_VALIDATED,0x1FC046,12,Actor ID indexing independently confirmed by 394228/39424A; field JP starts with canonical JP. Not inferred from nearest OP22.
0x20021C,ストラムン,Stram,0x0239,0x0310,0x0003,0x200214,0x3973C8,actor+0x62 (16 bytes),0x39E929 -> 0x3AB7DE,entity ID 0x0239; table slot 0x386C12; real target 0x136D34,ストラム,83588367838983808393000000000000,8272829482928281828d000000000000,00000000,5,40,PROVEN_CONSUMER_INITIAL_NAME,PASS,NOT_YET_RUN,REPRESENTATIVE_ONLY,NOT_VALIDATED,NOT_VALIDATED,0x20023C,12,Actor ID indexing independently confirmed by 394228/39424A; field JP starts with canonical JP. Not inferred from nearest OP22.
0x20028A,ボーマンン,Bowman,0x0215,0x0310,0x000A,0x200282,0x3973C8,actor+0x62 (16 bytes),0x39E929 -> 0x3AB7DE,entity ID 0x0215; table slot 0x386BCA; real target 0x136BBE,ボーマン,837b815b837d83938393000000000000,8261828f8297828d8281828e00000000,00000000,6,48,PROVEN_CONSUMER_INITIAL_NAME,PASS,NOT_YET_RUN,REPRESENTATIVE_ONLY,NOT_VALIDATED,NOT_VALIDATED,0x2002AA,12,Actor ID indexing independently confirmed by 394228/39424A; field JP starts with canonical JP. Not inferred from nearest OP22.
0x2002F2,ウリルロート,Urilrote,0x01E3,0x0310,0x0004,0x2002EA,0x3973C8,actor+0x62 (16 bytes),0x39E929 -> 0x3AB7DE,entity ID 0x01e3; table slot 0x386B66; real target 0x38FDC6,ウリルロート,8345838a838b838d815b836700000000,827482928289828c8292828f82948285,00000000,8,64,PROVEN_CONSUMER_INITIAL_NAME,PASS,NOT_YET_RUN,REPRESENTATIVE_ONLY,NOT_VALIDATED,NOT_VALIDATED,0x200312,12,Actor ID indexing independently confirmed by 394228/39424A; field JP starts with canonical JP. Not inferred from nearest OP22.
0x200368,ヴァイカート,Vaikart,0x0248,0x0510,0x0006,0x200360,0x3973C8,actor+0x62 (16 bytes),0x39E929 -> 0x3AB7DE,entity ID 0x0248; table slot 0x386C30; real target 0x136DDC,ヴァイカート,839483408343834a815b836700000000,827582818289828b8281829282940000,00000000,7,56,PROVEN_CONSUMER_INITIAL_NAME,PASS,NOT_YET_RUN,REPRESENTATIVE_ONLY,NOT_VALIDATED,NOT_VALIDATED,0x200388,12,Actor ID indexing independently confirmed by 394228/39424A; field JP starts with canonical JP. Not inferred from nearest OP22.
0x200B16,シルキーン,Silky,0x0235,0x0210,0x0009,0x200B0E,0x3973C8,actor+0x62 (16 bytes),0x39E929 -> 0x3AB7DE,entity ID 0x0235; table slot 0x386C0A; real target 0x136D0C,シルキー,8356838b834c815b8393000000000000,82728289828c828b8299000000000000,00000000,5,40,PROVEN_CONSUMER_INITIAL_NAME,PASS,NOT_YET_RUN,REPRESENTATIVE_ONLY,NOT_VALIDATED,NOT_VALIDATED,0x200B36,12,Actor ID indexing independently confirmed by 394228/39424A; field JP starts with canonical JP. Not inferred from nearest OP22.
0x200B7E,ワンダーン,Wonder,0x0246,0x0210,0x0003,0x200B76,0x3973C8,actor+0x62 (16 bytes),0x39E929 -> 0x3AB7DE,entity ID 0x0246; table slot 0x386C2C; real target 0x136DC6,ワンダー,838f8393835f815b8393000000000000,8276828f828e82848285829200000000,00000000,6,48,PROVEN_CONSUMER_INITIAL_NAME,PASS,NOT_YET_RUN,REPRESENTATIVE_ONLY,NOT_VALIDATED,NOT_VALIDATED,0x200B9E,12,Actor ID indexing independently confirmed by 394228/39424A; field JP starts with canonical JP. Not inferred from nearest OP22.
0x200C6E,ペペカーン,Pepe,0x023F,0x0110,0x0002,0x200C66,0x3973C8,actor+0x62 (16 bytes),0x39E929 -> 0x3AB7DE,entity ID 0x023f; table slot 0x386C1E; real target 0x136D7C,ペペ,83798379834a815b8393000000000000,826f8285829082850000000000000000,00000000,4,32,PROVEN_CONSUMER_INITIAL_NAME,PASS,NOT_YET_RUN,REPRESENTATIVE_ONLY,NOT_VALIDATED,NOT_VALIDATED,0x200C8E,12,Actor ID indexing independently confirmed by 394228/39424A; field JP starts with canonical JP. Not inferred from nearest OP22.
0x200E80,ウィスピー,Wispy,0x024D,0x0310,0x0004,0x200E78,0x3973C8,actor+0x62 (16 bytes),0x39E929 -> 0x3AB7DE,entity ID 0x024d; table slot 0x386C3A; real target 0x136E0C,ウィスピー,8345834283588373815b000000000000,82768289829382908299000000000000,00000000,5,40,PROVEN_CONSUMER_INITIAL_NAME,PASS,NOT_YET_RUN,REPRESENTATIVE_ONLY,NOT_VALIDATED,NOT_VALIDATED,0x200EA0,12,Actor ID indexing independently confirmed by 394228/39424A; field JP starts with canonical JP. Not inferred from nearest OP22.
0x2012B4,ムータンン,Mutan,0x01FF,0x0210,0x000B,0x2012AC,0x3973C8,actor+0x62 (16 bytes),0x39E929 -> 0x3AB7DE,entity ID 0x01ff; table slot 0x386B9E; real target 0x136AC6,ムータン,8380815b835e83938393000000000000,826c829582948281828e000000000000,00000000,5,40,PROVEN_CONSUMER_INITIAL_NAME,PASS,NOT_YET_RUN,REPRESENTATIVE_ONLY,NOT_VALIDATED,NOT_VALIDATED,0x2012D4,12,Actor ID indexing independently confirmed by 394228/39424A; field JP starts with canonical JP. Not inferred from nearest OP22.
0x20135A,ナゼトーン,Nazeto,0x0260,0x0210,0x0002,0x201352,0x3973C8,actor+0x62 (16 bytes),0x39E929 -> 0x3AB7DE,entity ID 0x0260; table slot 0x386C60; real target 0x136EE0,ナゼト,8369835b8367815b8393000000000000,826d8281829a82858294828f00000000,00000000,6,48,PROVEN_CONSUMER_INITIAL_NAME,PASS,NOT_YET_RUN,REPRESENTATIVE_ONLY,NOT_VALIDATED,NOT_VALIDATED,0x20137A,12,Actor ID indexing independently confirmed by 394228/39424A; field JP starts with canonical JP. Not inferred from nearest OP22.
0x2052BC,ホーン,Hrn,0x0030,0x0910,0x0005,0x2052B4,0x3973C8,actor+0x62 (16 bytes),0x39E929 -> 0x3AB7DE,I02_TERM_186,ホーン,837a815b839300000000000000000000,82678292828e00000000000000000000,00000300,3,24,PROVEN_CONSUMER_INITIAL_NAME,PASS,NOT_YET_RUN,REPRESENTATIVE_ONLY,NOT_VALIDATED,NOT_VALIDATED,0x2052EE,30,Exact JP match to approved glossary; not inferred from nearest OP22.
0x206028,エクレアン,Eclair,0x0273,0x0410,0x0006,0x206020,0x3973C8,actor+0x62 (16 bytes),0x39E929 -> 0x3AB7DE,entity ID 0x0273; table slot 0x386C86; real target 0x136FA6,エクレア,8347834e838c83418393000000000000,82648283828c82818289829200000000,00000000,6,48,PROVEN_CONSUMER_INITIAL_NAME,PASS,NOT_YET_RUN,REPRESENTATIVE_ONLY,NOT_VALIDATED,NOT_VALIDATED,0x206048,12,Actor ID indexing independently confirmed by 394228/39424A; field JP starts with canonical JP. Not inferred from nearest OP22.
0x206090,グリームン,Gleam,0x0264,0x0610,0x0001,0x206088,0x3973C8,actor+0x62 (16 bytes),0x39E929 -> 0x3AB7DE,entity ID 0x0264; table slot 0x386C68; real target 0x136F12,グリーム,834f838a815b83808393000000000000,8266828c82858281828d000000000000,00000000,5,40,PROVEN_CONSUMER_INITIAL_NAME,PASS,NOT_YET_RUN,REPRESENTATIVE_ONLY,NOT_VALIDATED,NOT_VALIDATED,0x2060B0,12,Actor ID indexing independently confirmed by 394228/39424A; field JP starts with canonical JP. Not inferred from nearest OP22.
