input,output_or_disposition,reason
F34_SOURCE/BUILD.bat,BUILD.bat,active cumulative source; launcher updated to F34
F34_SOURCE/README_F27.md,README_F27.md,active cumulative source/dependency or historical source note
F34_SOURCE/README_F28.md,README_F28.md,active cumulative source/dependency or historical source note
F34_SOURCE/README_F29.md,README_F29.md,active cumulative source/dependency or historical source note
F34_SOURCE/README_F30.md,README_F30.md,active cumulative source/dependency or historical source note
F34_SOURCE/README_F31.md,README_F31.md,active cumulative source/dependency or historical source note
F34_SOURCE/README_F32.md,README_F32.md,active cumulative source/dependency or historical source note
F34_SOURCE/README_F33.md,README_F33.md,active cumulative source/dependency or historical source note
F34_SOURCE/README_F34.md,README_F34.md,active cumulative source/dependency or historical source note
F34_SOURCE/assets/F31/additional_headers.json,assets/F31/additional_headers.json,active cumulative source/dependency or historical source note
F34_SOURCE/assets/F31/asset_manifest.json,assets/F31/asset_manifest.json,active cumulative source/dependency or historical source note
F34_SOURCE/assets/F31/epet_palette1.bin,assets/F31/epet_palette1.bin,active cumulative source/dependency or historical source note
F34_SOURCE/assets/F31/header_03.bin,assets/F31/header_03.bin,active cumulative source/dependency or historical source note
F34_SOURCE/assets/F31/header_05.bin,assets/F31/header_05.bin,active cumulative source/dependency or historical source note
F34_SOURCE/assets/F31/header_07.bin,assets/F31/header_07.bin,active cumulative source/dependency or historical source note
F34_SOURCE/assets/F31/header_08.bin,assets/F31/header_08.bin,active cumulative source/dependency or historical source note
F34_SOURCE/assets/F31/header_11.bin,assets/F31/header_11.bin,active cumulative source/dependency or historical source note
F34_SOURCE/assets/F31/header_12.bin,assets/F31/header_12.bin,active cumulative source/dependency or historical source note
F34_SOURCE/assets/F31/header_13.bin,assets/F31/header_13.bin,active cumulative source/dependency or historical source note
F34_SOURCE/assets/F31/repair_armor_headers.bin,assets/F31/repair_armor_headers.bin,active cumulative source/dependency or historical source note
F34_SOURCE/assets/F32/epet_body_resource.bin,assets/F32/epet_body_resource.bin,active cumulative source/dependency or historical source note
F34_SOURCE/assets/F32/epet_labels.json,assets/F32/epet_labels.json,active cumulative source/dependency or historical source note
F34_SOURCE/assets/F32/native_latin_atlas.png,assets/F32/native_latin_atlas.png,active cumulative source/dependency or historical source note
F34_SOURCE/assets/F32/native_latin_glyphs.json,assets/F32/native_latin_glyphs.json,active cumulative source/dependency or historical source note
F34_SOURCE/assets/magic_header_tiles.bin,assets/magic_header_tiles.bin,active cumulative source/dependency or historical source note
F34_SOURCE/assets/native_magic_reference.png,assets/native_magic_reference.png,active cumulative source/dependency or historical source note
F34_SOURCE/assets/native_shop_labels_reference.png,assets/native_shop_labels_reference.png,active cumulative source/dependency or historical source note
F34_SOURCE/assets/sell_category_resource.bin,assets/sell_category_resource.bin,active cumulative source/dependency or historical source note
F34_SOURCE/baseline/StarHearts_EN_phase13BG_B_2026-09-15.bps,baseline/StarHearts_EN_phase13BG_B_2026-09-15.bps,active cumulative source/dependency or historical source note
F34_SOURCE/build.command,build.command,active cumulative source; launcher updated to F34
F34_SOURCE/build.sh,build.sh,active cumulative source; launcher updated to F34
F34_SOURCE/phase13BG_D1_changes.json,phase13BG_D1_changes.json,active cumulative source/dependency or historical source note
F34_SOURCE/phase13BG_D2_changes.json,phase13BG_D2_changes.json,active cumulative source/dependency or historical source note
F34_SOURCE/phase13BG_D3_changes.json,phase13BG_D3_changes.json,active cumulative source/dependency or historical source note
F34_SOURCE/phase13BG_D4_changes.json,phase13BG_D4_changes.json,active cumulative source/dependency or historical source note
F34_SOURCE/phase13BG_D5_changes.json,phase13BG_D5_changes.json,active cumulative source/dependency or historical source note
F34_SOURCE/phase13BG_E1_changes.json,phase13BG_E1_changes.json,active cumulative source/dependency or historical source note
F34_SOURCE/phase13BG_E2_changes.json,phase13BG_E2_changes.json,active cumulative source/dependency or historical source note
F34_SOURCE/phase13BG_E3_changes.json,phase13BG_E3_changes.json,active cumulative source/dependency or historical source note
F34_SOURCE/phase13BG_E4_changes.json,phase13BG_E4_changes.json,active cumulative source/dependency or historical source note
F34_SOURCE/phase13BG_E5_changes.json,phase13BG_E5_changes.json,active cumulative source/dependency or historical source note
F34_SOURCE/phase13BG_E6_changes.json,phase13BG_E6_changes.json,active cumulative source/dependency or historical source note
F34_SOURCE/phase13BG_E7_changes.json,phase13BG_E7_changes.json,active cumulative source/dependency or historical source note
F34_SOURCE/phase13BG_E8_changes.json,phase13BG_E8_changes.json,active cumulative source/dependency or historical source note
F34_SOURCE/phase13BG_E9_changes.json,phase13BG_E9_changes.json,active cumulative source/dependency or historical source note
F34_SOURCE/phase13BG_F10_changes.json,phase13BG_F10_changes.json,active cumulative source/dependency or historical source note
F34_SOURCE/phase13BG_F11_changes.json,phase13BG_F11_changes.json,active cumulative source/dependency or historical source note
F34_SOURCE/phase13BG_F12_changes.json,phase13BG_F12_changes.json,active cumulative source/dependency or historical source note
F34_SOURCE/phase13BG_F13_changes.json,phase13BG_F13_changes.json,active cumulative source/dependency or historical source note
F34_SOURCE/phase13BG_F14_changes.json,phase13BG_F14_changes.json,active cumulative source/dependency or historical source note
F34_SOURCE/phase13BG_F15_changes.json,phase13BG_F15_changes.json,active cumulative source/dependency or historical source note
F34_SOURCE/phase13BG_F16_changes.json,phase13BG_F16_changes.json,active cumulative source/dependency or historical source note
F34_SOURCE/phase13BG_F17_changes.json,phase13BG_F17_changes.json,active cumulative source/dependency or historical source note
F34_SOURCE/phase13BG_F18_changes.json,phase13BG_F18_changes.json,active cumulative source/dependency or historical source note
F34_SOURCE/phase13BG_F1_changes.json,phase13BG_F1_changes.json,active cumulative source/dependency or historical source note
F34_SOURCE/phase13BG_F20_changes.json,phase13BG_F20_changes.json,active cumulative source/dependency or historical source note
F34_SOURCE/phase13BG_F21_changes.json,phase13BG_F21_changes.json,active cumulative source/dependency or historical source note
F34_SOURCE/phase13BG_F22_changes.json,phase13BG_F22_changes.json,active cumulative source/dependency or historical source note
F34_SOURCE/phase13BG_F23_changes.json,phase13BG_F23_changes.json,active cumulative source/dependency or historical source note
F34_SOURCE/phase13BG_F24_changes.json,phase13BG_F24_changes.json,active cumulative source/dependency or historical source note
F34_SOURCE/phase13BG_F25_changes.json,phase13BG_F25_changes.json,active cumulative source/dependency or historical source note
F34_SOURCE/phase13BG_F26_changes.json,phase13BG_F26_changes.json,active cumulative source/dependency or historical source note
F34_SOURCE/phase13BG_F27_changes.json,phase13BG_F27_changes.json,active cumulative source/dependency or historical source note
F34_SOURCE/phase13BG_F28_changes.json,phase13BG_F28_changes.json,active cumulative source/dependency or historical source note
F34_SOURCE/phase13BG_F29_changes.json,phase13BG_F29_changes.json,active cumulative source/dependency or historical source note
F34_SOURCE/phase13BG_F2_changes.json,phase13BG_F2_changes.json,active cumulative source/dependency or historical source note
F34_SOURCE/phase13BG_F30_changes.json,phase13BG_F30_changes.json,active cumulative source/dependency or historical source note
F34_SOURCE/phase13BG_F31_changes.json,phase13BG_F31_changes.json,active cumulative source/dependency or historical source note
F34_SOURCE/phase13BG_F32_changes.json,phase13BG_F32_changes.json,active cumulative source/dependency or historical source note
F34_SOURCE/phase13BG_F33_changes.json,phase13BG_F33_changes.json,active cumulative source/dependency or historical source note
F34_SOURCE/phase13BG_F34_changes.json,phase13BG_F34_changes.json,active cumulative source/dependency or historical source note
F34_SOURCE/phase13BG_F3_changes.json,phase13BG_F3_changes.json,active cumulative source/dependency or historical source note
F34_SOURCE/phase13BG_F4_changes.json,phase13BG_F4_changes.json,active cumulative source/dependency or historical source note
F34_SOURCE/phase13BG_F5_changes.json,phase13BG_F5_changes.json,active cumulative source/dependency or historical source note
F34_SOURCE/phase13BG_F6_changes.json,phase13BG_F6_changes.json,active cumulative source/dependency or historical source note
F34_SOURCE/phase13BG_F7_changes.json,phase13BG_F7_changes.json,active cumulative source/dependency or historical source note
F34_SOURCE/phase13BG_F8_changes.json,phase13BG_F8_changes.json,active cumulative source/dependency or historical source note
F34_SOURCE/phase13BG_F9_changes.json,phase13BG_F9_changes.json,active cumulative source/dependency or historical source note
F34_SOURCE/qa/README_F14.md,qa/README_F14.md,active cumulative source/dependency or historical source note
F34_SOURCE/qa/README_F8.md,qa/README_F8.md,active cumulative source/dependency or historical source note
F34_SOURCE/qa/cold_continue2_F15.lua,qa/cold_continue2_F15.lua,active cumulative source/dependency or historical source note
F34_SOURCE/qa/cold_continue_save2_F15.lua,qa/cold_continue_save2_F15.lua,active cumulative source/dependency or historical source note
F34_SOURCE/qa/compare_mapnav_F7.py,qa/compare_mapnav_F7.py,active cumulative source/dependency or historical source note
F34_SOURCE/qa/diagnostic_suffix_ablation_F7.py,qa/diagnostic_suffix_ablation_F7.py,active cumulative source/dependency or historical source note
F34_SOURCE/qa/equip_tomahawk_F16.lua,qa/equip_tomahawk_F16.lua,active cumulative source/dependency or historical source note
F34_SOURCE/qa/grass_census_probe_F18.lua,qa/grass_census_probe_F18.lua,active cumulative source/dependency or historical source note
F34_SOURCE/qa/grass_cut_probe_F18.lua,qa/grass_cut_probe_F18.lua,active cumulative source/dependency or historical source note
F34_SOURCE/qa/i03_bank21_full_trace.lua,qa/i03_bank21_full_trace.lua,active cumulative source/dependency or historical source note
F34_SOURCE/qa/i03_bank21_module_activation.lua,qa/i03_bank21_module_activation.lua,active cumulative source/dependency or historical source note
F34_SOURCE/qa/i03_bank21_read_trace.lua,qa/i03_bank21_read_trace.lua,active cumulative source/dependency or historical source note
F34_SOURCE/qa/i03_boot_capture.lua,qa/i03_boot_capture.lua,active cumulative source/dependency or historical source note
F34_SOURCE/qa/i03_dialogue_full_read_trace.lua,qa/i03_dialogue_full_read_trace.lua,active cumulative source/dependency or historical source note
F34_SOURCE/qa/i03_direct_shortcut_probe.lua,qa/i03_direct_shortcut_probe.lua,active cumulative source/dependency or historical source note
F34_SOURCE/qa/i03_equipment_runtime.lua,qa/i03_equipment_runtime.lua,active cumulative source/dependency or historical source note
F34_SOURCE/qa/i03_menu_capture.lua,qa/i03_menu_capture.lua,active cumulative source/dependency or historical source note
F34_SOURCE/qa/i03_menu_chord_capture.lua,qa/i03_menu_chord_capture.lua,active cumulative source/dependency or historical source note
F34_SOURCE/qa/i03_menu_direction_capture.lua,qa/i03_menu_direction_capture.lua,active cumulative source/dependency or historical source note
F34_SOURCE/qa/i03_menu_probe.lua,qa/i03_menu_probe.lua,active cumulative source/dependency or historical source note
F34_SOURCE/qa/i03_menu_route_capture.lua,qa/i03_menu_route_capture.lua,active cumulative source/dependency or historical source note
F34_SOURCE/qa/i03_menu_select_capture.lua,qa/i03_menu_select_capture.lua,active cumulative source/dependency or historical source note
F34_SOURCE/qa/i03_script_pointer_probe.lua,qa/i03_script_pointer_probe.lua,active cumulative source/dependency or historical source note
F34_SOURCE/qa/i03_shop_route_probe.lua,qa/i03_shop_route_probe.lua,active cumulative source/dependency or historical source note
F34_SOURCE/qa/i03_speaker_controlled_activation.lua,qa/i03_speaker_controlled_activation.lua,active cumulative source/dependency or historical source note
F34_SOURCE/qa/i03_status_runtime.lua,qa/i03_status_runtime.lua,active cumulative source/dependency or historical source note
F34_SOURCE/qa/i04_native_consumer_activation.lua,qa/i04_native_consumer_activation.lua,active cumulative source/dependency or historical source note
F34_SOURCE/qa/i04_shop_natural_route.lua,qa/i04_shop_natural_route.lua,active cumulative source/dependency or historical source note
F34_SOURCE/qa/i05_boot_capture.lua,qa/i05_boot_capture.lua,active cumulative source/dependency or historical source note
F34_SOURCE/qa/northeast_route_probe_F18.lua,qa/northeast_route_probe_F18.lua,active cumulative source/dependency or historical source note
F34_SOURCE/qa/route_first_trial_F12.lua,qa/route_first_trial_F12.lua,active cumulative source/dependency or historical source note
F34_SOURCE/qa/route_hero_max_F8.lua,qa/route_hero_max_F8.lua,active cumulative source/dependency or historical source note
F34_SOURCE/qa/route_hero_short_F8.lua,qa/route_hero_short_F8.lua,active cumulative source/dependency or historical source note
F34_SOURCE/qa/route_mapnav_F7.lua,qa/route_mapnav_F7.lua,active cumulative source/dependency or historical source note
F34_SOURCE/qa/route_north_village_F16.lua,qa/route_north_village_F16.lua,active cumulative source/dependency or historical source note
F34_SOURCE/qa/route_options_F8.lua,qa/route_options_F8.lua,active cumulative source/dependency or historical source note
F34_SOURCE/qa/route_wampa_navigation_F13.lua,qa/route_wampa_navigation_F13.lua,active cumulative source/dependency or historical source note
F34_SOURCE/qa/route_wampa_second_west_F14.lua,qa/route_wampa_second_west_F14.lua,active cumulative source/dependency or historical source note
F34_SOURCE/qa/route_wampa_tent_F15.lua,qa/route_wampa_tent_F15.lua,active cumulative source/dependency or historical source note
F34_SOURCE/qa/save_drum_cert_F15.lua,qa/save_drum_cert_F15.lua,active cumulative source/dependency or historical source note
F34_SOURCE/qa/village_rule_checkpoint_audit_F17.lua,qa/village_rule_checkpoint_audit_F17.lua,active cumulative source/dependency or historical source note
F34_SOURCE/qa/village_rule_clean_exit_F18.lua,qa/village_rule_clean_exit_F18.lua,active cumulative source/dependency or historical source note
F34_SOURCE/qa/village_rule_event_F16.lua,qa/village_rule_event_F16.lua,active cumulative source/dependency or historical source note
F34_SOURCE/qa/wampa_item_grant_F15.lua,qa/wampa_item_grant_F15.lua,active cumulative source/dependency or historical source note
F34_SOURCE/scripts/audit_event_first_F11.py,scripts/audit_event_first_F11.py,active cumulative source/dependency or historical source note
F34_SOURCE/scripts/audit_first_trial_F10.py,scripts/audit_first_trial_F10.py,active cumulative source/dependency or historical source note
F34_SOURCE/scripts/audit_phase13BG_F12.py,scripts/audit_phase13BG_F12.py,active cumulative source/dependency or historical source note
F34_SOURCE/scripts/audit_phase13BG_F20.py,scripts/audit_phase13BG_F20.py,active cumulative source/dependency or historical source note
F34_SOURCE/scripts/audit_phase13BG_F21.py,scripts/audit_phase13BG_F21.py,active cumulative source/dependency or historical source note
F34_SOURCE/scripts/audit_phase13BG_F22.py,scripts/audit_phase13BG_F22.py,active cumulative source/dependency or historical source note
F34_SOURCE/scripts/audit_phase13BG_F23.py,scripts/audit_phase13BG_F23.py,active cumulative source/dependency or historical source note
F34_SOURCE/scripts/audit_phase13BG_F24.py,scripts/audit_phase13BG_F24.py,active cumulative source/dependency or historical source note
F34_SOURCE/scripts/audit_phase13BG_F25.py,scripts/audit_phase13BG_F25.py,active cumulative source/dependency or historical source note
F34_SOURCE/scripts/audit_phase13BG_F26.py,scripts/audit_phase13BG_F26.py,active cumulative source/dependency or historical source note
F34_SOURCE/scripts/audit_phase13BG_F6.py,scripts/audit_phase13BG_F6.py,active cumulative source/dependency or historical source note
F34_SOURCE/scripts/audit_phase13BG_F8.py,scripts/audit_phase13BG_F8.py,active cumulative source/dependency or historical source note
F34_SOURCE/scripts/build_epet_labels.py,scripts/build_epet_labels.py,active cumulative source/dependency or historical source note
F34_SOURCE/scripts/build_magic_header_tiles.py,scripts/build_magic_header_tiles.py,active cumulative source/dependency or historical source note
F34_SOURCE/scripts/build_menu_header_assets.py,scripts/build_menu_header_assets.py,active cumulative source/dependency or historical source note
F34_SOURCE/scripts/build_phase13BG_F10.py,scripts/build_phase13BG_F10.py,active cumulative source/dependency or historical source note
F34_SOURCE/scripts/build_phase13BG_F12.py,scripts/build_phase13BG_F12.py,active cumulative source/dependency or historical source note
F34_SOURCE/scripts/build_phase13BG_F13.py,scripts/build_phase13BG_F13.py,active cumulative source/dependency or historical source note
F34_SOURCE/scripts/build_phase13BG_F14.py,scripts/build_phase13BG_F14.py,active cumulative source/dependency or historical source note
F34_SOURCE/scripts/build_phase13BG_F15.py,scripts/build_phase13BG_F15.py,active cumulative source/dependency or historical source note
F34_SOURCE/scripts/build_phase13BG_F16.py,scripts/build_phase13BG_F16.py,active cumulative source/dependency or historical source note
F34_SOURCE/scripts/build_phase13BG_F17.py,scripts/build_phase13BG_F17.py,active cumulative source/dependency or historical source note
F34_SOURCE/scripts/build_phase13BG_F18.py,scripts/build_phase13BG_F18.py,active cumulative source/dependency or historical source note
F34_SOURCE/scripts/build_phase13BG_F20.py,scripts/build_phase13BG_F20.py,active cumulative source/dependency or historical source note
F34_SOURCE/scripts/build_phase13BG_F21.py,scripts/build_phase13BG_F21.py,active cumulative source/dependency or historical source note
F34_SOURCE/scripts/build_phase13BG_F22.py,scripts/build_phase13BG_F22.py,active cumulative source/dependency or historical source note
F34_SOURCE/scripts/build_phase13BG_F23.py,scripts/build_phase13BG_F23.py,active cumulative source/dependency or historical source note
F34_SOURCE/scripts/build_phase13BG_F24.py,scripts/build_phase13BG_F24.py,active cumulative source/dependency or historical source note
F34_SOURCE/scripts/build_phase13BG_F25.py,scripts/build_phase13BG_F25.py,active cumulative source/dependency or historical source note
F34_SOURCE/scripts/build_phase13BG_F26.py,scripts/build_phase13BG_F26.py,active cumulative source/dependency or historical source note
F34_SOURCE/scripts/build_phase13BG_F27.py,scripts/build_phase13BG_F27.py,active cumulative source/dependency or historical source note
F34_SOURCE/scripts/build_phase13BG_F28.py,scripts/build_phase13BG_F28.py,active cumulative source/dependency or historical source note
F34_SOURCE/scripts/build_phase13BG_F29.py,scripts/build_phase13BG_F29.py,active cumulative source/dependency or historical source note
F34_SOURCE/scripts/build_phase13BG_F30.py,scripts/build_phase13BG_F30.py,active cumulative source/dependency or historical source note
F34_SOURCE/scripts/build_phase13BG_F31.py,scripts/build_phase13BG_F31.py,active cumulative source/dependency or historical source note
F34_SOURCE/scripts/build_phase13BG_F32.py,scripts/build_phase13BG_F32.py,active cumulative source/dependency or historical source note
F34_SOURCE/scripts/build_phase13BG_F33.py,scripts/build_phase13BG_F33.py,active cumulative source/dependency or historical source note
F34_SOURCE/scripts/build_phase13BG_F34.py,scripts/build_phase13BG_F34.py,active cumulative source/dependency or historical source note
F34_SOURCE/scripts/build_sell_category_resource.py,scripts/build_sell_category_resource.py,active cumulative source/dependency or historical source note
F34_SOURCE/scripts/magic_header_codec.py,scripts/magic_header_codec.py,active cumulative source/dependency or historical source note
F34_SOURCE/scripts/make_bps.py,scripts/make_bps.py,active cumulative source/dependency or historical source note
PRIVATE/.../baseline/AUDITORIA_JAPONES_PENDIENTE_F19.md,docs/research_original_es/baseline/AUDITORIA_JAPONES_PENDIENTE_F19.md,"historical research or current acceptance record, preserved for traceability"
PRIVATE/.../PROJECT_VALIDATION.md,docs/research_original_es/PROJECT_VALIDATION.md,"historical research or current acceptance record, preserved for traceability"
PRIVATE/.../START_HERE.md,docs/research_original_es/START_HERE.md,"historical research or current acceptance record, preserved for traceability"
PRIVATE/.../iterations/I01/I01_CONSUMER_TRACE_REPORT.md,docs/research_original_es/iterations/I01/I01_CONSUMER_TRACE_REPORT.md,"historical research or current acceptance record, preserved for traceability"
PRIVATE/.../iterations/I02/I02_CONTEXT_GLOSSARY_REPORT.md,docs/research_original_es/iterations/I02/I02_CONTEXT_GLOSSARY_REPORT.md,"historical research or current acceptance record, preserved for traceability"
PRIVATE/.../iterations/I03/I03_INTEGRATION_REPORT.md,docs/research_original_es/iterations/I03/I03_INTEGRATION_REPORT.md,"historical research or current acceptance record, preserved for traceability"
PRIVATE/.../iterations/I04/I04_INTEGRATION_REPORT.md,docs/research_original_es/iterations/I04/I04_INTEGRATION_REPORT.md,"historical research or current acceptance record, preserved for traceability"
PRIVATE/.../iterations/I05/I05_INTEGRATION_REPORT.md,docs/research_original_es/iterations/I05/I05_INTEGRATION_REPORT.md,"historical research or current acceptance record, preserved for traceability"
PRIVATE/.../iterations/I06/I06_INTEGRATION_REPORT.md,docs/research_original_es/iterations/I06/I06_INTEGRATION_REPORT.md,"historical research or current acceptance record, preserved for traceability"
PRIVATE/.../iterations/I07/I07_INTEGRATION_REPORT.md,docs/research_original_es/iterations/I07/I07_INTEGRATION_REPORT.md,"historical research or current acceptance record, preserved for traceability"
PRIVATE/.../iterations/I08/I08_INTEGRATION_REPORT.md,docs/research_original_es/iterations/I08/I08_INTEGRATION_REPORT.md,"historical research or current acceptance record, preserved for traceability"
PRIVATE/.../iterations/I09/I09_INTEGRATION_REPORT.md,docs/research_original_es/iterations/I09/I09_INTEGRATION_REPORT.md,"historical research or current acceptance record, preserved for traceability"
PRIVATE/.../iterations/I10/I10_STRUCTURAL_CLOSURE_REPORT.md,docs/research_original_es/iterations/I10/I10_STRUCTURAL_CLOSURE_REPORT.md,"historical research or current acceptance record, preserved for traceability"
PRIVATE/.../iterations/I11/I11_ENVIRONMENT_RECOVERY.md,docs/research_original_es/iterations/I11/I11_ENVIRONMENT_RECOVERY.md,"historical research or current acceptance record, preserved for traceability"
PRIVATE/.../iterations/I11/I11_P10_MAGIC_ROUTE_AND_HEADER.md,docs/research_original_es/iterations/I11/I11_P10_MAGIC_ROUTE_AND_HEADER.md,"historical research or current acceptance record, preserved for traceability"
PRIVATE/.../iterations/I11/I11_P11_MAGIC_HEADER_PROVENANCE.md,docs/research_original_es/iterations/I11/I11_P11_MAGIC_HEADER_PROVENANCE.md,"historical research or current acceptance record, preserved for traceability"
PRIVATE/.../iterations/I11/I11_P12_MAGIC_HEADER_F27.md,docs/research_original_es/iterations/I11/I11_P12_MAGIC_HEADER_F27.md,"historical research or current acceptance record, preserved for traceability"
PRIVATE/.../iterations/I11/I11_P13_MAGIC_ACQUISITION_SOURCE.md,docs/research_original_es/iterations/I11/I11_P13_MAGIC_ACQUISITION_SOURCE.md,"historical research or current acceptance record, preserved for traceability"
PRIVATE/.../iterations/I11/I11_P14_MAGIC_SCRIPT_EVENT.md,docs/research_original_es/iterations/I11/I11_P14_MAGIC_SCRIPT_EVENT.md,"historical research or current acceptance record, preserved for traceability"
PRIVATE/.../iterations/I11/I11_P15_MAGIC_SCENE_ORIGIN.md,docs/research_original_es/iterations/I11/I11_P15_MAGIC_SCENE_ORIGIN.md,"historical research or current acceptance record, preserved for traceability"
PRIVATE/.../iterations/I11/I11_P16_MAP_AND_SHOP_SOURCE.md,docs/research_original_es/iterations/I11/I11_P16_MAP_AND_SHOP_SOURCE.md,"historical research or current acceptance record, preserved for traceability"
PRIVATE/.../iterations/I11/I11_P17_SHOP_RUNTIME_AND_F28.md,docs/research_original_es/iterations/I11/I11_P17_SHOP_RUNTIME_AND_F28.md,"historical research or current acceptance record, preserved for traceability"
PRIVATE/.../iterations/I11/I11_P18_SHOP_SELL_AND_F29.md,docs/research_original_es/iterations/I11/I11_P18_SHOP_SELL_AND_F29.md,"historical research or current acceptance record, preserved for traceability"
PRIVATE/.../iterations/I11/I11_P19_SHOP_TRANSACTION_AND_F30.md,docs/research_original_es/iterations/I11/I11_P19_SHOP_TRANSACTION_AND_F30.md,"historical research or current acceptance record, preserved for traceability"
PRIVATE/.../iterations/I11/I11_P20_MAX_WIDTH_CONTROLLED_CLOSURE.md,docs/research_original_es/iterations/I11/I11_P20_MAX_WIDTH_CONTROLLED_CLOSURE.md,"historical research or current acceptance record, preserved for traceability"
PRIVATE/.../iterations/I11/I11_P21_COMPLETE_REPAIR_AND_SCENE_MAP.md,docs/research_original_es/iterations/I11/I11_P21_COMPLETE_REPAIR_AND_SCENE_MAP.md,"historical research or current acceptance record, preserved for traceability"
PRIVATE/.../iterations/I11/I11_P22_MANUAL_QA_HANDOFF.md,docs/research_original_es/iterations/I11/I11_P22_MANUAL_QA_HANDOFF.md,"historical research or current acceptance record, preserved for traceability"
PRIVATE/.../iterations/I11/I11_P3_WIDTH_AND_LINK_REPORT.md,docs/research_original_es/iterations/I11/I11_P3_WIDTH_AND_LINK_REPORT.md,"historical research or current acceptance record, preserved for traceability"
PRIVATE/.../iterations/I11/I11_P4_LINK_SELECTOR_REPORT.md,docs/research_original_es/iterations/I11/I11_P4_LINK_SELECTOR_REPORT.md,"historical research or current acceptance record, preserved for traceability"
PRIVATE/.../iterations/I11/I11_P5_LINK_GATE_REPORT.md,docs/research_original_es/iterations/I11/I11_P5_LINK_GATE_REPORT.md,"historical research or current acceptance record, preserved for traceability"
PRIVATE/.../iterations/I11/I11_P6_LINK_SAVE_FLAG_REPORT.md,docs/research_original_es/iterations/I11/I11_P6_LINK_SAVE_FLAG_REPORT.md,"historical research or current acceptance record, preserved for traceability"
PRIVATE/.../iterations/I11/I11_P7_F26_PERSISTENCE_PREVALIDATION.md,docs/research_original_es/iterations/I11/I11_P7_F26_PERSISTENCE_PREVALIDATION.md,"historical research or current acceptance record, preserved for traceability"
PRIVATE/.../iterations/I11/I11_P8_SHOP_MAGIC_ROUTE_REPORT.md,docs/research_original_es/iterations/I11/I11_P8_SHOP_MAGIC_ROUTE_REPORT.md,"historical research or current acceptance record, preserved for traceability"
PRIVATE/.../iterations/I11/I11_P9_ROUTE_CORRECTION.md,docs/research_original_es/iterations/I11/I11_P9_ROUTE_CORRECTION.md,"historical research or current acceptance record, preserved for traceability"
PRIVATE/.../iterations/I11/I11_RUNTIME_QA_PROGRESS_REPORT.md,docs/research_original_es/iterations/I11/I11_RUNTIME_QA_PROGRESS_REPORT.md,"historical research or current acceptance record, preserved for traceability"
PRIVATE/.../iterations/I12/I12_P1_TERMINAL_FALSE_POSITIVE_CENSUS.md,docs/research_original_es/iterations/I12/I12_P1_TERMINAL_FALSE_POSITIVE_CENSUS.md,"historical research or current acceptance record, preserved for traceability"
PRIVATE/.../iterations/I12/I12_P2_BANK20_TERMINAL_MAP_AND_HANDOFF.md,docs/research_original_es/iterations/I12/I12_P2_BANK20_TERMINAL_MAP_AND_HANDOFF.md,"historical research or current acceptance record, preserved for traceability"
PRIVATE/.../iterations/I13/I13_P1_F30_REGRESSION_AND_HANDOFF.md,docs/research_original_es/iterations/I13/I13_P1_F30_REGRESSION_AND_HANDOFF.md,"historical research or current acceptance record, preserved for traceability"
PRIVATE/.../iterations/I14/I14_P1_PRE_RC_TECHNICAL_CLOSURE.md,docs/research_original_es/iterations/I14/I14_P1_PRE_RC_TECHNICAL_CLOSURE.md,"historical research or current acceptance record, preserved for traceability"
PRIVATE/.../iterations/I14/I14_P2_QA_EVIDENCE_RECONCILIATION.md,docs/research_original_es/iterations/I14/I14_P2_QA_EVIDENCE_RECONCILIATION.md,"historical research or current acceptance record, preserved for traceability"
PRIVATE/.../iterations/I14/I14_P3_ALTERNATIVE_ROUTE_AND_DIAGNOSTIC_VALIDATION.md,docs/research_original_es/iterations/I14/I14_P3_ALTERNATIVE_ROUTE_AND_DIAGNOSTIC_VALIDATION.md,"historical research or current acceptance record, preserved for traceability"
PRIVATE/.../iterations/I14/I14_P4_SYNTHETIC_ACCESS_AND_NEW_DEFECT.md,docs/research_original_es/iterations/I14/I14_P4_SYNTHETIC_ACCESS_AND_NEW_DEFECT.md,"historical research or current acceptance record, preserved for traceability"
PRIVATE/.../iterations/I14/I14_P5_F31_TRANSLATION_AND_VALIDATION.md,docs/research_original_es/iterations/I14/I14_P5_F31_TRANSLATION_AND_VALIDATION.md,"historical research or current acceptance record, preserved for traceability"
PRIVATE/.../iterations/I14/I14_P6_F32_NATIVE_MENUS_AND_TRANSLATIONS.md,docs/research_original_es/iterations/I14/I14_P6_F32_NATIVE_MENUS_AND_TRANSLATIONS.md,"historical research or current acceptance record, preserved for traceability"
PRIVATE/.../iterations/I14/I14_P7_SYNTHETIC_ACCEPTANCE.md,docs/research_original_es/iterations/I14/I14_P7_SYNTHETIC_ACCEPTANCE.md,"historical research or current acceptance record, preserved for traceability"
PRIVATE/.../iterations/I14/I14_P8_SYNTHETIC_CLOSURE.md,docs/research_original_es/iterations/I14/I14_P8_SYNTHETIC_CLOSURE.md,"historical research or current acceptance record, preserved for traceability"
PRIVATE/.../iterations/I14/I14_P9_LEGIBILITY_AUDIT.md,docs/research_original_es/iterations/I14/I14_P9_LEGIBILITY_AUDIT.md,"historical research or current acceptance record, preserved for traceability"
PRIVATE/.../iterations/I14/I14_WINDOWS_BUILD_SMOKE.md,docs/research_original_es/iterations/I14/I14_WINDOWS_BUILD_SMOKE.md,"historical research or current acceptance record, preserved for traceability"
PRIVATE/.../iterations/I01/I01_CONSUMER_TRACE.json,docs/research_original_es/iterations/I01/I01_CONSUMER_TRACE.json,"historical research or current acceptance record, preserved for traceability"
PRIVATE/.../iterations/I01/I01_ABLATION_RESULTS.json,docs/research_original_es/iterations/I01/I01_ABLATION_RESULTS.json,"historical research or current acceptance record, preserved for traceability"
PRIVATE/.../iterations/I02/I02_GLOSSARY.csv,docs/research_original_es/iterations/I02/I02_GLOSSARY.csv,"historical research or current acceptance record, preserved for traceability"
PRIVATE/.../iterations/I02/I02_ADJUDICATION.csv,docs/research_original_es/iterations/I02/I02_ADJUDICATION.csv,"historical research or current acceptance record, preserved for traceability"
PRIVATE/.../PROJECT_STATE.json,docs/research_original_es/PROJECT_STATE.json,"historical research or current acceptance record, preserved for traceability"
PRIVATE/.../QA_GATE_MATRIX.csv,docs/research_original_es/QA_GATE_MATRIX.csv,"historical research or current acceptance record, preserved for traceability"
PRIVATE/.../iterations/I14/runtime/p8/review/ending_pages.json,docs/research_original_es/iterations/I14/runtime/p8/review/ending_pages.json,"historical research or current acceptance record, preserved for traceability"
PRIVATE/.../iterations/I14/runtime/p8/review/credits_pages.json,docs/research_original_es/iterations/I14/runtime/p8/review/credits_pages.json,"historical research or current acceptance record, preserved for traceability"
PRIVATE/.../iterations/I14/runtime/p9/ACCEPTANCE_POLICY.json,docs/research_original_es/iterations/I14/runtime/p9/ACCEPTANCE_POLICY.json,"historical research or current acceptance record, preserved for traceability"
PRIVATE/.../iterations/I14/runtime/p9/BUILD_VALIDATION.json,docs/research_original_es/iterations/I14/runtime/p9/BUILD_VALIDATION.json,"historical research or current acceptance record, preserved for traceability"
PRIVATE/.../iterations/I14/runtime/p9/CASE_EVIDENCE.json,docs/research_original_es/iterations/I14/runtime/p9/CASE_EVIDENCE.json,"historical research or current acceptance record, preserved for traceability"
PRIVATE/.../iterations/I14/runtime/p9/COVERAGE.json,docs/research_original_es/iterations/I14/runtime/p9/COVERAGE.json,"historical research or current acceptance record, preserved for traceability"
PRIVATE/.../iterations/I14/runtime/p9/CURRENT_TRANSLATION_ACCEPTANCE.csv,docs/research_original_es/iterations/I14/runtime/p9/CURRENT_TRANSLATION_ACCEPTANCE.csv,"historical research or current acceptance record, preserved for traceability"
PRIVATE/.../iterations/I14/runtime/p9/EVIDENCE_INHERITANCE.json,docs/research_original_es/iterations/I14/runtime/p9/EVIDENCE_INHERITANCE.json,"historical research or current acceptance record, preserved for traceability"
PRIVATE/.../iterations/I14/runtime/p9/FINDINGS.json,docs/research_original_es/iterations/I14/runtime/p9/FINDINGS.json,"historical research or current acceptance record, preserved for traceability"
PRIVATE/.../iterations/I14/runtime/p9/I14_P9_RESULTS.json,docs/research_original_es/iterations/I14/runtime/p9/I14_P9_RESULTS.json,"historical research or current acceptance record, preserved for traceability"
PRIVATE/.../iterations/I14/runtime/p9/LATIN_FONT_CENSUS.json,docs/research_original_es/iterations/I14/runtime/p9/LATIN_FONT_CENSUS.json,"historical research or current acceptance record, preserved for traceability"
PRIVATE/.../iterations/I14/runtime/p9/MOTION_CAPTURE_ANALYSIS.json,docs/research_original_es/iterations/I14/runtime/p9/MOTION_CAPTURE_ANALYSIS.json,"historical research or current acceptance record, preserved for traceability"
PRIVATE/.../iterations/I14/runtime/p9/PROVENANCE.json,docs/research_original_es/iterations/I14/runtime/p9/PROVENANCE.json,"historical research or current acceptance record, preserved for traceability"
PRIVATE/.../iterations/I14/runtime/p9/SUPERSEDED_APPROVALS.json,docs/research_original_es/iterations/I14/runtime/p9/SUPERSEDED_APPROVALS.json,"historical research or current acceptance record, preserved for traceability"
PRIVATE/.../iterations/I14/runtime/p9/SYNTHETIC_CASE_LEDGER.csv,docs/research_original_es/iterations/I14/runtime/p9/SYNTHETIC_CASE_LEDGER.csv,"historical research or current acceptance record, preserved for traceability"
PRIVATE/.../iterations/I14/runtime/p9/VISUAL_SAMPLE_AUDIT.csv,docs/research_original_es/iterations/I14/runtime/p9/VISUAL_SAMPLE_AUDIT.csv,"historical research or current acceptance record, preserved for traceability"
PRIVATE/.../iterations/I14/runtime/p9/WAITING_GLYPH_AUDIT.json,docs/research_original_es/iterations/I14/runtime/p9/WAITING_GLYPH_AUDIT.json,"historical research or current acceptance record, preserved for traceability"
PRIVATE/.../iterations/I14/runtime/p9/EVIDENCE_INHERITANCE.json,docs/evidence/iterations/I14/runtime/p9/EVIDENCE_INHERITANCE.json,current acceptance evidence; SHA-256 verified
PRIVATE/.../iterations/I14/runtime/p9/WAITING_GLYPH_AUDIT.json,docs/evidence/iterations/I14/runtime/p9/WAITING_GLYPH_AUDIT.json,current acceptance evidence; SHA-256 verified
PRIVATE/.../iterations/I14/runtime/p9/evidence/error123/f00900.png,docs/evidence/iterations/I14/runtime/p9/evidence/error123/f00900.png,current acceptance evidence; SHA-256 verified
PRIVATE/.../iterations/I14/runtime/p9/evidence/error123/trace.txt,docs/evidence/iterations/I14/runtime/p9/evidence/error123/trace.txt,current acceptance evidence; SHA-256 verified
PRIVATE/.../iterations/I14/runtime/p9/evidence/error999/f00900.png,docs/evidence/iterations/I14/runtime/p9/evidence/error999/f00900.png,current acceptance evidence; SHA-256 verified
PRIVATE/.../iterations/I14/runtime/p9/evidence/error999/trace.txt,docs/evidence/iterations/I14/runtime/p9/evidence/error999/trace.txt,current acceptance evidence; SHA-256 verified
PRIVATE/.../iterations/I14/runtime/p9/evidence/link/f0720.png,docs/evidence/iterations/I14/runtime/p9/evidence/link/f0720.png,current acceptance evidence; SHA-256 verified
PRIVATE/.../iterations/I14/runtime/p4/evidence/fire_f30/f1680.png,docs/evidence/iterations/I14/runtime/p4/evidence/fire_f30/f1680.png,current acceptance evidence; SHA-256 verified
PRIVATE/.../iterations/I14/runtime/p4/evidence/fire_f30/trace.txt,docs/evidence/iterations/I14/runtime/p4/evidence/fire_f30/trace.txt,current acceptance evidence; SHA-256 verified
PRIVATE/.../iterations/I14/runtime/p4/evidence/magic_f30/final.png,docs/evidence/iterations/I14/runtime/p4/evidence/magic_f30/final.png,current acceptance evidence; SHA-256 verified
PRIVATE/.../iterations/I14/runtime/p4/evidence/magic_f30/trace.txt,docs/evidence/iterations/I14/runtime/p4/evidence/magic_f30/trace.txt,current acceptance evidence; SHA-256 verified
PRIVATE/.../iterations/I14/runtime/p9/EVIDENCE_INHERITANCE.json,docs/evidence/iterations/I14/runtime/p9/EVIDENCE_INHERITANCE.json,current acceptance evidence; SHA-256 verified
PRIVATE/.../iterations/I11/runtime/repair_f30_p21/controlled_complete_repair_trace.txt,docs/evidence/iterations/I11/runtime/repair_f30_p21/controlled_complete_repair_trace.txt,current acceptance evidence; SHA-256 verified
PRIVATE/.../iterations/I11/runtime/repair_f30_p21/repair_complete_f30.png,docs/evidence/iterations/I11/runtime/repair_f30_p21/repair_complete_f30.png,current acceptance evidence; SHA-256 verified
PRIVATE/.../iterations/I11/runtime/shop_f30/controlled_transaction_trace.txt,docs/evidence/iterations/I11/runtime/shop_f30/controlled_transaction_trace.txt,current acceptance evidence; SHA-256 verified
PRIVATE/.../iterations/I11/runtime/shop_f30/sale_complete_f30.png,docs/evidence/iterations/I11/runtime/shop_f30/sale_complete_f30.png,current acceptance evidence; SHA-256 verified
PRIVATE/.../iterations/I14/runtime/p5/evidence/repair/final.png,docs/evidence/iterations/I14/runtime/p5/evidence/repair/final.png,current acceptance evidence; SHA-256 verified
PRIVATE/.../iterations/I14/runtime/p9/EVIDENCE_INHERITANCE.json,docs/evidence/iterations/I14/runtime/p9/EVIDENCE_INHERITANCE.json,current acceptance evidence; SHA-256 verified
PRIVATE/.../iterations/I14/runtime/p8/evidence/terminal/trace.txt,docs/evidence/iterations/I14/runtime/p8/evidence/terminal/trace.txt,current acceptance evidence; SHA-256 verified
PRIVATE/.../iterations/I14/runtime/p8/evidence/terminal/video_commands.tsv,docs/evidence/iterations/I14/runtime/p8/evidence/terminal/video_commands.tsv,current acceptance evidence; SHA-256 verified
PRIVATE/.../iterations/I14/runtime/p8/review/credits_0.png,docs/evidence/iterations/I14/runtime/p8/review/credits_0.png,current acceptance evidence; SHA-256 verified
PRIVATE/.../iterations/I14/runtime/p8/review/credits_1.png,docs/evidence/iterations/I14/runtime/p8/review/credits_1.png,current acceptance evidence; SHA-256 verified
PRIVATE/.../iterations/I14/runtime/p8/review/credits_2.png,docs/evidence/iterations/I14/runtime/p8/review/credits_2.png,current acceptance evidence; SHA-256 verified
PRIVATE/.../iterations/I14/runtime/p8/review/credits_3.png,docs/evidence/iterations/I14/runtime/p8/review/credits_3.png,current acceptance evidence; SHA-256 verified
PRIVATE/.../iterations/I14/runtime/p8/review/credits_pages.json,docs/evidence/iterations/I14/runtime/p8/review/credits_pages.json,current acceptance evidence; SHA-256 verified
PRIVATE/.../iterations/I14/runtime/p9/EVIDENCE_INHERITANCE.json,docs/evidence/iterations/I14/runtime/p9/EVIDENCE_INHERITANCE.json,current acceptance evidence; SHA-256 verified
PRIVATE/.../iterations/I14/runtime/p8/evidence/terminal/dialogue_reads.tsv,docs/evidence/iterations/I14/runtime/p8/evidence/terminal/dialogue_reads.tsv,current acceptance evidence; SHA-256 verified
PRIVATE/.../iterations/I14/runtime/p8/evidence/terminal/trace.txt,docs/evidence/iterations/I14/runtime/p8/evidence/terminal/trace.txt,current acceptance evidence; SHA-256 verified
PRIVATE/.../iterations/I14/runtime/p8/review/ending_0.png,docs/evidence/iterations/I14/runtime/p8/review/ending_0.png,current acceptance evidence; SHA-256 verified
PRIVATE/.../iterations/I14/runtime/p8/review/ending_1.png,docs/evidence/iterations/I14/runtime/p8/review/ending_1.png,current acceptance evidence; SHA-256 verified
PRIVATE/.../iterations/I14/runtime/p8/review/ending_2.png,docs/evidence/iterations/I14/runtime/p8/review/ending_2.png,current acceptance evidence; SHA-256 verified
PRIVATE/.../iterations/I14/runtime/p8/review/ending_pages.json,docs/evidence/iterations/I14/runtime/p8/review/ending_pages.json,current acceptance evidence; SHA-256 verified
PRIVATE/.../iterations/I14/runtime/p9/EVIDENCE_INHERITANCE.json,docs/evidence/iterations/I14/runtime/p9/EVIDENCE_INHERITANCE.json,current acceptance evidence; SHA-256 verified
PRIVATE/.../iterations/I14/runtime/p3/controlled/tirawaka/f0600.png,docs/evidence/iterations/I14/runtime/p3/controlled/tirawaka/f0600.png,current acceptance evidence; SHA-256 verified
PRIVATE/.../iterations/I14/runtime/p3/controlled/tirawaka/f0720.png,docs/evidence/iterations/I14/runtime/p3/controlled/tirawaka/f0720.png,current acceptance evidence; SHA-256 verified
PRIVATE/.../iterations/I14/runtime/p3/controlled/tirawaka/trace.txt,docs/evidence/iterations/I14/runtime/p3/controlled/tirawaka/trace.txt,current acceptance evidence; SHA-256 verified
PRIVATE/.../iterations/I14/runtime/p4/evidence/holy/final.png,docs/evidence/iterations/I14/runtime/p4/evidence/holy/final.png,current acceptance evidence; SHA-256 verified
PRIVATE/.../iterations/I14/runtime/p9/EVIDENCE_INHERITANCE.json,docs/evidence/iterations/I14/runtime/p9/EVIDENCE_INHERITANCE.json,current acceptance evidence; SHA-256 verified
PRIVATE/.../iterations/I14/runtime/p9/evidence/trial/f00900.png,docs/evidence/iterations/I14/runtime/p9/evidence/trial/f00900.png,current acceptance evidence; SHA-256 verified
PRIVATE/.../iterations/I14/runtime/p9/evidence/trial/trace.txt,docs/evidence/iterations/I14/runtime/p9/evidence/trial/trace.txt,current acceptance evidence; SHA-256 verified
PRIVATE/PRIVATE_CHECKPOINTS/**,EXCLUDED,private savestates; not distributable
PRIVATE/iterations/I*/F*_SOURCE/** except F34_SOURCE,EXCLUDED,superseded duplicate source trees; cumulative F34 retains build dependencies
PRIVATE/iterations/I*/patches/** except final F34,EXCLUDED,historical or diagnostic patches; only direct F34 BPS distributed
PRIVATE/iterations/**/runtime/** except selected documentation and evidence,EXCLUDED,"bulk diagnostics, private fixtures, redundant frames, scripts that require undistributed states"
PRIVATE/*.asm full disassemblies,EXCLUDED,commercial game code transcription; findings summarized in English technical documentation
PRIVATE/LEEME_PAQUETE_PRIVADO.md,EXCLUDED,private packaging instructions
PRIVATE/external project_sources/**,EXCLUDED,third-party emulator/toolchain and BIOS unrelated to source repository
