record_id,translation,classification,accepted_scope,evidence,natural_progression,full_feature_coverage
P5-H01,Arms,PASS_SYNTHETIC,ACTUAL_NATIVE_PANEL,iterations/I14/runtime/p5/evidence/repair/final.png,NOT_CLAIMED,NOT_CLAIMED
P5-H02,Armor/Charms,PASS_SYNTHETIC,ACTUAL_NATIVE_PANEL,iterations/I14/runtime/p5/evidence/armor_menu/f0300.png,NOT_CLAIMED,NOT_CLAIMED
P5-H03,Armor,PASS_SYNTHETIC,ACTUAL_NATIVE_PANEL,iterations/I14/runtime/p5/evidence/armor_repair/final.png,NOT_CLAIMED,NOT_CLAIMED
P5-D01,Def,PASS_SYNTHETIC,ACTUAL_NATIVE_PANEL,iterations/I14/runtime/p5/evidence/def99/final.png,NOT_CLAIMED,NOT_CLAIMED
P5-H04,Animal Powers,PASS_SYNTHETIC,HEADER_ONLY,iterations/I14/runtime/p5/evidence/header_03/f1080.png,NOT_CLAIMED,NOT_CLAIMED
P5-H05,Gear Items,PASS_SYNTHETIC,HEADER_ONLY,iterations/I14/runtime/p5/evidence/header_05/f1080.png,NOT_CLAIMED,NOT_CLAIMED
P5-H06,Charms,PASS_SYNTHETIC,HEADER_ONLY,iterations/I14/runtime/p5/evidence/header_07/f1080.png,NOT_CLAIMED,NOT_CLAIMED
P5-H07,Amulets,PASS_SYNTHETIC,HEADER_ONLY,iterations/I14/runtime/p5/evidence/header_08/f1080.png,NOT_CLAIMED,NOT_CLAIMED
P5-H08,Skills,PASS_SYNTHETIC,HEADER_ONLY,iterations/I14/runtime/p5/evidence/header_11/f1080.png,NOT_CLAIMED,NOT_CLAIMED
P5-H09,e-Pet,PASS_SYNTHETIC,HEADER_ONLY,iterations/I14/runtime/p5/evidence/header_12/f1080.png,NOT_CLAIMED,NOT_CLAIMED
P5-H10,Secret Skills,PASS_SYNTHETIC,HEADER_ONLY,iterations/I14/runtime/p5/evidence/header_13/f1080.png,NOT_CLAIMED,NOT_CLAIMED
P6-G01,Life,PASS_SYNTHETIC,native e-Pet panel; zero and width fixtures; four palettes,iterations/I14/runtime/p6/evidence/epet_p2/f0600.png; iterations/I14/runtime/p6/evidence/epet_zero/f0600.png,NOT_CLAIMED,NOT_CLAIMED
P6-G02,Magic,PASS_SYNTHETIC,native e-Pet panel; zero and width fixtures; four palettes,iterations/I14/runtime/p6/evidence/epet_p2/f0600.png; iterations/I14/runtime/p6/evidence/epet_zero/f0600.png,NOT_CLAIMED,NOT_CLAIMED
P6-G03,Battles,PASS_SYNTHETIC,native e-Pet panel; zero and width fixtures; four palettes,iterations/I14/runtime/p6/evidence/epet_p2/f0600.png; iterations/I14/runtime/p6/evidence/epet_zero/f0600.png,NOT_CLAIMED,NOT_CLAIMED
P6-G04,Wins,PASS_SYNTHETIC,native e-Pet panel; zero and width fixtures; four palettes,iterations/I14/runtime/p6/evidence/epet_p2/f0600.png; iterations/I14/runtime/p6/evidence/epet_zero/f0600.png,NOT_CLAIMED,NOT_CLAIMED
P6-G05,Status,PASS_SYNTHETIC,native e-Pet panel; zero and width fixtures; four palettes,iterations/I14/runtime/p6/evidence/epet_p2/f0600.png; iterations/I14/runtime/p6/evidence/epet_zero/f0600.png,NOT_CLAIMED,NOT_CLAIMED
P6-G06,Str,PASS_SYNTHETIC,native e-Pet panel; zero and width fixtures; four palettes,iterations/I14/runtime/p6/evidence/epet_p2/f0600.png; iterations/I14/runtime/p6/evidence/epet_zero/f0600.png,NOT_CLAIMED,NOT_CLAIMED
P6-G07,Lv,PASS_SYNTHETIC,native e-Pet panel; zero and width fixtures; four palettes,iterations/I14/runtime/p6/evidence/epet_p2/f0600.png; iterations/I14/runtime/p6/evidence/epet_zero/f0600.png,NOT_CLAIMED,NOT_CLAIMED
P6-G08,Def,PASS_SYNTHETIC,native e-Pet panel; zero and width fixtures; four palettes,iterations/I14/runtime/p6/evidence/epet_p2/f0600.png; iterations/I14/runtime/p6/evidence/epet_zero/f0600.png,NOT_CLAIMED,NOT_CLAIMED
P6-G09,Lv,PASS_SYNTHETIC,native e-Pet panel; zero and width fixtures; four palettes,iterations/I14/runtime/p6/evidence/epet_p2/f0600.png; iterations/I14/runtime/p6/evidence/epet_zero/f0600.png,NOT_CLAIMED,NOT_CLAIMED
P6-G10,Int,PASS_SYNTHETIC,native e-Pet panel; zero and width fixtures; four palettes,iterations/I14/runtime/p6/evidence/epet_p2/f0600.png; iterations/I14/runtime/p6/evidence/epet_zero/f0600.png,NOT_CLAIMED,NOT_CLAIMED
P6-G11,Lv,PASS_SYNTHETIC,native e-Pet panel; zero and width fixtures; four palettes,iterations/I14/runtime/p6/evidence/epet_p2/f0600.png; iterations/I14/runtime/p6/evidence/epet_zero/f0600.png,NOT_CLAIMED,NOT_CLAIMED
P6-G12,Agi,PASS_SYNTHETIC,native e-Pet panel; zero and width fixtures; four palettes,iterations/I14/runtime/p6/evidence/epet_p2/f0600.png; iterations/I14/runtime/p6/evidence/epet_zero/f0600.png,NOT_CLAIMED,NOT_CLAIMED
P6-G13,Lv,PASS_SYNTHETIC,native e-Pet panel; zero and width fixtures; four palettes,iterations/I14/runtime/p6/evidence/epet_p2/f0600.png; iterations/I14/runtime/p6/evidence/epet_zero/f0600.png,NOT_CLAIMED,NOT_CLAIMED
P6-G14,Fire,PASS_SYNTHETIC,native e-Pet panel; zero and width fixtures; four palettes,iterations/I14/runtime/p6/evidence/epet_p2/f0600.png; iterations/I14/runtime/p6/evidence/epet_zero/f0600.png,NOT_CLAIMED,NOT_CLAIMED
P6-G15,Wtr,PASS_SYNTHETIC,native e-Pet panel; zero and width fixtures; four palettes,iterations/I14/runtime/p6/evidence/epet_p2/f0600.png; iterations/I14/runtime/p6/evidence/epet_zero/f0600.png,NOT_CLAIMED,NOT_CLAIMED
P6-G16,Wnd,PASS_SYNTHETIC,native e-Pet panel; zero and width fixtures; four palettes,iterations/I14/runtime/p6/evidence/epet_p2/f0600.png; iterations/I14/runtime/p6/evidence/epet_zero/f0600.png,NOT_CLAIMED,NOT_CLAIMED
P6-G17,Erth,PASS_SYNTHETIC,native e-Pet panel; zero and width fixtures; four palettes,iterations/I14/runtime/p6/evidence/epet_p2/f0600.png; iterations/I14/runtime/p6/evidence/epet_zero/f0600.png,NOT_CLAIMED,NOT_CLAIMED
P6-G18,Lgt,PASS_SYNTHETIC,native e-Pet panel; zero and width fixtures; four palettes,iterations/I14/runtime/p6/evidence/epet_p2/f0600.png; iterations/I14/runtime/p6/evidence/epet_zero/f0600.png,NOT_CLAIMED,NOT_CLAIMED
P6-G19,Dark,PASS_SYNTHETIC,native e-Pet panel; zero and width fixtures; four palettes,iterations/I14/runtime/p6/evidence/epet_p2/f0600.png; iterations/I14/runtime/p6/evidence/epet_zero/f0600.png,NOT_CLAIMED,NOT_CLAIMED
P6-G20,Ice,PASS_SYNTHETIC,native e-Pet panel; zero and width fixtures; four palettes,iterations/I14/runtime/p6/evidence/epet_p2/f0600.png; iterations/I14/runtime/p6/evidence/epet_zero/f0600.png,NOT_CLAIMED,NOT_CLAIMED
P6-G21,Thun,PASS_SYNTHETIC,native e-Pet panel; zero and width fixtures; four palettes,iterations/I14/runtime/p6/evidence/epet_p2/f0600.png; iterations/I14/runtime/p6/evidence/epet_zero/f0600.png,NOT_CLAIMED,NOT_CLAIMED
P6-G22,Holy,PASS_SYNTHETIC,native e-Pet panel; zero and width fixtures; four palettes,iterations/I14/runtime/p6/evidence/epet_p2/f0600.png; iterations/I14/runtime/p6/evidence/epet_zero/f0600.png,NOT_CLAIMED,NOT_CLAIMED
P6-T01,Gnome: Str+1,PASS_SYNTHETIC,one shared native description; 160 names not exhaustively re-reviewed,iterations/I14/runtime/p6/evidence/skills/f0600.png; iterations/I14/runtime/p6/evidence/skills/trace.txt,NOT_CLAIMED,NOT_CLAIMED
F33_ENDING_20,was a messenger of stars.,PASS_SYNTHETIC,"Native epilogue second line; same slot, controls and native font",iterations/I14/runtime/p8/evidence/terminal/f05040.png; iterations/I14/runtime/p8/evidence/terminal/dialogue_reads.tsv,NOT_CLAIMED,NOT_CLAIMED
F33_ENDING_23,"in the Inde homeland,",PASS_SYNTHETIC,"Native epilogue second line; same slot, controls and native font",iterations/I14/runtime/p8/evidence/terminal/f05670.png; iterations/I14/runtime/p8/evidence/terminal/dialogue_reads.tsv,NOT_CLAIMED,NOT_CLAIMED
F33_ENDING_26,"ruled by Oser, world savior,",PASS_SYNTHETIC,"Native epilogue second line; same slot, controls and native font",iterations/I14/runtime/p8/evidence/terminal/f06270.png; iterations/I14/runtime/p8/evidence/terminal/dialogue_reads.tsv,NOT_CLAIMED,NOT_CLAIMED
F34_SECOND_TRIAL,EVENT:First Trial,PASS_SYNTHETIC,Native corrected text rendering; synthetic fixture declared,iterations/I14/runtime/p9/evidence/trial/f00900.png,NOT_CLAIMED,NOT_CLAIMED
F34_LINK_ERROR_PARAMETER,LINK ERROR / numeric code,PASS_SYNTHETIC,Native corrected text rendering; synthetic fixture declared,iterations/I14/runtime/p9/evidence/error123/f00900.png,NOT_CLAIMED,NOT_CLAIMED
