sample,path,sha256,scope,result,notes
1,iterations/I14/runtime/p5/evidence/repair/final.png,9bb98fead5966ee72af6fce93fecaefd789a6318003caa1d803db4288b708630,Declared translated label/header or native panel sample; not whole game,NO_ADDITIONAL_GLYPH_DEFECT_CONFIRMED_IN_DECLARED_SCOPE,Direct pixels reviewed. Historical font/header-only probes do not approve other displayed fixture contents.
2,iterations/I14/runtime/p5/evidence/armor_menu/f0300.png,34adfe0ee7d56a4eff7ea5299248f3ca09cbd76ea0bcdfa352cbb858e0fc7853,Declared translated label/header or native panel sample; not whole game,NO_ADDITIONAL_GLYPH_DEFECT_CONFIRMED_IN_DECLARED_SCOPE,Direct pixels reviewed. Historical font/header-only probes do not approve other displayed fixture contents.
3,iterations/I14/runtime/p5/evidence/armor_repair/final.png,ab87e39af8dd2a6067b683c3986b9eaa3aaeb80a66eb638e974fd7a2e58bdb63,Declared translated label/header or native panel sample; not whole game,NO_ADDITIONAL_GLYPH_DEFECT_CONFIRMED_IN_DECLARED_SCOPE,Direct pixels reviewed. Historical font/header-only probes do not approve other displayed fixture contents.
4,iterations/I14/runtime/p5/evidence/def99/final.png,1746754b52789dcefb97680ddb676626740cff57c6f7b03faf9936d5f77fbe63,Declared translated label/header or native panel sample; not whole game,NO_ADDITIONAL_GLYPH_DEFECT_CONFIRMED_IN_DECLARED_SCOPE,Direct pixels reviewed. Historical font/header-only probes do not approve other displayed fixture contents.
5,iterations/I14/runtime/p5/evidence/header_03/f1080.png,c0cb626d609f5a092af4e4717199cb4830be9c8b7bc595a457f84a44f502373c,Declared translated label/header or native panel sample; not whole game,NO_ADDITIONAL_GLYPH_DEFECT_CONFIRMED_IN_DECLARED_SCOPE,Direct pixels reviewed. Historical font/header-only probes do not approve other displayed fixture contents.
6,iterations/I14/runtime/p5/evidence/header_05/f1080.png,463d2016bdb253b436bbb099a26128a7c42f6a400e5e0aa084ccfb0bb2647e83,Declared translated label/header or native panel sample; not whole game,NO_ADDITIONAL_GLYPH_DEFECT_CONFIRMED_IN_DECLARED_SCOPE,Direct pixels reviewed. Historical font/header-only probes do not approve other displayed fixture contents.
7,iterations/I14/runtime/p5/evidence/header_07/f1080.png,443705318469bf877a21ac73b93c7efdf307573ca1a7c739acca4e987bbfb0f3,Declared translated label/header or native panel sample; not whole game,NO_ADDITIONAL_GLYPH_DEFECT_CONFIRMED_IN_DECLARED_SCOPE,Direct pixels reviewed. Historical font/header-only probes do not approve other displayed fixture contents.
8,iterations/I14/runtime/p5/evidence/header_08/f1080.png,cfaa0b2d5c71b13ca722769978998251bcb4691fc6e84963e052c8211a10b76f,Declared translated label/header or native panel sample; not whole game,NO_ADDITIONAL_GLYPH_DEFECT_CONFIRMED_IN_DECLARED_SCOPE,Direct pixels reviewed. Historical font/header-only probes do not approve other displayed fixture contents.
9,iterations/I14/runtime/p5/evidence/header_11/f1080.png,35c895d22a94216c1a314c9baac81e5960afca398c42269375cb8fecdb6c7b65,Declared translated label/header or native panel sample; not whole game,NO_ADDITIONAL_GLYPH_DEFECT_CONFIRMED_IN_DECLARED_SCOPE,Direct pixels reviewed. Historical font/header-only probes do not approve other displayed fixture contents.
10,iterations/I14/runtime/p5/evidence/header_12/f1080.png,58f1e59c9a1637f966d797023a652af0c2cad9b0890a6eb11ccdd4e9b213a27f,Declared translated label/header or native panel sample; not whole game,NO_ADDITIONAL_GLYPH_DEFECT_CONFIRMED_IN_DECLARED_SCOPE,Direct pixels reviewed. Historical font/header-only probes do not approve other displayed fixture contents.
11,iterations/I14/runtime/p5/evidence/header_13/f1080.png,0b7b1474e5a86a87ffea50321bb63460b481987304b4b274c11751b10a0dd62f,Declared translated label/header or native panel sample; not whole game,NO_ADDITIONAL_GLYPH_DEFECT_CONFIRMED_IN_DECLARED_SCOPE,Direct pixels reviewed. Historical font/header-only probes do not approve other displayed fixture contents.
12,iterations/I14/runtime/p6/evidence/epet_p2/f0600.png,64a8233586ccc2068966586df3c5805c8110e69d55c3c36f8d90afa9be3f50dd,Declared translated label/header or native panel sample; not whole game,NO_ADDITIONAL_GLYPH_DEFECT_CONFIRMED_IN_DECLARED_SCOPE,Direct pixels reviewed. Historical font/header-only probes do not approve other displayed fixture contents.
13,iterations/I14/runtime/p6/evidence/epet_zero/f0600.png,b27816637ba53fad61cf7b30e79f329adc24fc3f44759e6687bd995e0f85bf50,Declared translated label/header or native panel sample; not whole game,NO_ADDITIONAL_GLYPH_DEFECT_CONFIRMED_IN_DECLARED_SCOPE,Direct pixels reviewed. Historical font/header-only probes do not approve other displayed fixture contents.
14,iterations/I14/runtime/p6/evidence/skills/f0600.png,7839b0f58463ee9ffa30acbe0ba06be6b79212a565c4e6fe7b04ad01ff0e7354,Declared translated label/header or native panel sample; not whole game,NO_ADDITIONAL_GLYPH_DEFECT_CONFIRMED_IN_DECLARED_SCOPE,Direct pixels reviewed. Historical font/header-only probes do not approve other displayed fixture contents.
15,iterations/I11/runtime/shop_f30/sale_complete_f30.png,dba306e90a37189229f79f05191114043fdd82e6c0f764e3ddb84799fcbf8f4f,Declared translated label/header or native panel sample; not whole game,NO_ADDITIONAL_GLYPH_DEFECT_CONFIRMED_IN_DECLARED_SCOPE,Direct pixels reviewed. Historical font/header-only probes do not approve other displayed fixture contents.
16,iterations/I11/runtime/repair_f30_p21/repair_complete_f30.png,1b44144b58f50b9f9e64ae9d989d4d8741ba4ba58d13057545c5cd4f645b7bf9,Declared translated label/header or native panel sample; not whole game,NO_ADDITIONAL_GLYPH_DEFECT_CONFIRMED_IN_DECLARED_SCOPE,Direct pixels reviewed. Historical font/header-only probes do not approve other displayed fixture contents.
17,iterations/I14/runtime/p4/evidence/fire_f30/f1680.png,03f8db4eed241ed06026508357653bd4221bd30e5f7a6e05416b420dd3bbb757,Declared translated label/header or native panel sample; not whole game,NO_ADDITIONAL_GLYPH_DEFECT_CONFIRMED_IN_DECLARED_SCOPE,Direct pixels reviewed. Historical font/header-only probes do not approve other displayed fixture contents.
18,iterations/I14/runtime/p4/evidence/magic_f30/final.png,bd6eda544679ead41a66cf176479f8246e7c998b32ae8afef5284e6bc5457837,Declared translated label/header or native panel sample; not whole game,NO_ADDITIONAL_GLYPH_DEFECT_CONFIRMED_IN_DECLARED_SCOPE,Direct pixels reviewed. Historical font/header-only probes do not approve other displayed fixture contents.
19,iterations/I14/runtime/p8/evidence/link/f0600.png,cb358fe0fe78f97511ea6f840eed44156a42fb004fe74af1210fdfcceeeff3c8,Declared translated label/header or native panel sample; not whole game,FAIL_SUPERSEDED,"Moving/blended capture, replaced by P9 stable frame."
20,iterations/I03/runtime/controlled_bank21/link_error_f20.png,56109c696e578456364e8c85f9aff9f760b5f4a058ffd74f8db96af8b625687c,Declared translated label/header or native panel sample; not whole game,FAIL_CORRECTED_F34,Number overwrites ERROR; FE placeholder remains garbage.
21,iterations/I14/runtime/p4/evidence/holy/final.png,4bb3ef75e51ec3c6b58461abf16713eba97820cc1fe91700de63f2fe76e72139,Declared translated label/header or native panel sample; not whole game,NO_ADDITIONAL_GLYPH_DEFECT_CONFIRMED_IN_DECLARED_SCOPE,Direct pixels reviewed. Historical font/header-only probes do not approve other displayed fixture contents.
22,iterations/I14/runtime/p3/controlled/tirawaka/f0600.png,150fdbeec1682089186c519d33a2c6587ee5c35e52b6812dc27ebf5f572da7c9,Declared translated label/header or native panel sample; not whole game,NO_ADDITIONAL_GLYPH_DEFECT_CONFIRMED_IN_DECLARED_SCOPE,"Name Tirawaka legible; remainder is still being typed, so it does not approve the complete first message. Supplement f0720 provides the later test-message excerpt."
23,iterations/I14/runtime/p3/controlled/second_banner/target_d060.png,39a3e168e9f4e6ccaef9d15ae7869b64ae1752f7f3ecd14331b01d6bb5a03ea1,Declared translated label/header or native panel sample; not whole game,FAIL_CORRECTED_F34,Mixed EVenT capitalization and time-limited capture; recaptured fully.
24,iterations/I14/runtime/p6/evidence/animal/f0600.png,cfa48b515b34d75801610fac07850fa9409936d2883f3b78b84853b9a8e3c064,Declared translated label/header or native panel sample; not whole game,NO_ADDITIONAL_GLYPH_DEFECT_CONFIRMED_IN_DECLARED_SCOPE,Direct pixels reviewed. Historical font/header-only probes do not approve other displayed fixture contents.
25,iterations/I14/runtime/p6/evidence/gear/f0600.png,0ceb4343055edb98dd74c2937828e63f2658ca00dcd463c547c97867a4d548a2,Declared translated label/header or native panel sample; not whole game,NO_ADDITIONAL_GLYPH_DEFECT_CONFIRMED_IN_DECLARED_SCOPE,Direct pixels reviewed. Historical font/header-only probes do not approve other displayed fixture contents.
26,iterations/I14/runtime/p6/evidence/charms/f0600.png,4d9269ada4d34b7b10c96845757ac8744ac5b662761f781d275c3ff5586ad977,Declared translated label/header or native panel sample; not whole game,NO_ADDITIONAL_GLYPH_DEFECT_CONFIRMED_IN_DECLARED_SCOPE,Direct pixels reviewed. Historical font/header-only probes do not approve other displayed fixture contents.
27,iterations/I14/runtime/p6/evidence/amulets/f0600.png,b9d1f7838aa1f89489e71239d5cdc4d621a4069fce3611f42ada9243dbed2b44,Declared translated label/header or native panel sample; not whole game,NO_ADDITIONAL_GLYPH_DEFECT_CONFIRMED_IN_DECLARED_SCOPE,Direct pixels reviewed. Historical font/header-only probes do not approve other displayed fixture contents.
28,iterations/I14/runtime/p6/evidence/secret/f0600.png,abdcec424bcc70efdcdc341f7d89e1c193b813a2084592b2d24d98f55caf358b,Declared translated label/header or native panel sample; not whole game,NO_ADDITIONAL_GLYPH_DEFECT_CONFIRMED_IN_DECLARED_SCOPE,Direct pixels reviewed. Historical font/header-only probes do not approve other displayed fixture contents.
